<image file="Modi.jpg">
 <width>157.14</width>
 <height>157.14</height>
 <x>290.56</x>
 <y>125.45</y>
 <angle>1.4571</angle>
 <uid>a6b881e9-688e-11e7-9c43-0cc47a6c4dbd</uid>
 <box height="196" width="174" left="44" top="204">
  <part name="512" x="259.3" y="103.18"/>
  <part name="768" x="324.29" y="102.58"/>
  <part name="1024" x="244.21" y="105.12"/>
  <part name="1280" x="336.85" y="104.49"/>
  <part name="1536" x="273.72" y="104.11"/>
  <part name="1792" x="310.23" y="103.33"/>
  <part name="2048" x="265.3" y="167.72"/>
  <part name="2304" x="322.03" y="165.71"/>
  <part name="2560" x="294.49" y="133.62"/>
  <part name="2816" x="292.44" y="166.2"/>
  <part name="3072" x="254.94" y="87.16"/>
  <part name="3328" x="273.5" y="88.9"/>
  <part name="3584" x="238.05" y="92.4"/>
  <part name="3840" x="326.58" y="85.9"/>
  <part name="4096" x="309.15" y="89.37"/>
  <part name="4352" x="341.33" y="90.84"/>
  <part name="4608" x="289.94" y="214.97"/>
  <part name="4864" x="217.1" y="146.12"/>
  <part name="5120" x="356.03" y="146.41"/>
  <part name="5376" x="275.38" y="139.45"/>
  <part name="5632" x="310.17" y="138.56"/>
  <part name="65536" x="218.95" y="153.75"/>
  <part name="131072" x="223.62" y="171.38"/>
  <part name="196608" x="231.61" y="187.24"/>
  <part name="262144" x="243.62" y="200.61"/>
  <part name="327680" x="258.47" y="211.21"/>
  <part name="393216" x="275.3" y="219.01"/>
  <part name="458752" x="293.87" y="220.95"/>
  <part name="524288" x="311.58" y="217.27"/>
  <part name="589824" x="325.94" y="207.5"/>
  <part name="655360" x="337.94" y="195.24"/>
  <part name="720896" x="347.06" y="180.81"/>
  <part name="786432" x="352.66" y="164.74"/>
  <part name="851968" x="355.58" y="147.7"/>
  <part name="917504" x="356.86" y="130.51"/>
  <part name="983040" x="357.1" y="112.64"/>
  <part name="1048576" x="357.91" y="99.64"/>
  <part name="1114112" x="358.72" y="86.63"/>
  <part name="1179648" x="353.21" y="77.43"/>
  <part name="1245184" x="347.7" y="68.24"/>
  <part name="1310720" x="329.9" y="65.98"/>
  <part name="1376256" x="311.3" y="64.76"/>
  <part name="1441792" x="291.73" y="64"/>
  <part name="1507328" x="271.14" y="64.13"/>
  <part name="1572864" x="251.27" y="64.83"/>
  <part name="1638400" x="232.09" y="66.65"/>
  <part name="1703936" x="224.78" y="76.63"/>
  <part name="1769472" x="217.47" y="86.62"/>
  <part name="1835008" x="215.73" y="101.66"/>
  <part name="1900544" x="214" y="116.69"/>
  <part name="1966080" x="216" y="135.66"/>
  <part name="2031616" x="338.2" y="106.33"/>
  <part name="2097152" x="329.8" y="109"/>
  <part name="2162688" x="325.67" y="108.72"/>
  <part name="2228224" x="319.58" y="107.51"/>
  <part name="2293760" x="311.57" y="104.46"/>
  <part name="2359296" x="320.22" y="99.12"/>
  <part name="2424832" x="326.25" y="98.68"/>
  <part name="2490368" x="330.65" y="100.58"/>
  <part name="2555904" x="247.14" y="105.67"/>
  <part name="2621440" x="256.23" y="100.14"/>
  <part name="2686976" x="260.62" y="97.67"/>
  <part name="2752512" x="267.63" y="99.05"/>
  <part name="2818048" x="276.68" y="104.26"/>
  <part name="2883584" x="267.87" y="107.05"/>
  <part name="2949120" x="261.18" y="108.53"/>
  <part name="3014656" x="256.67" y="108.04"/>
  <part name="3080192" x="309.42" y="90.25"/>
  <part name="3145728" x="315.21" y="84.17"/>
  <part name="3211264" x="326.36" y="81.98"/>
  <part name="3276800" x="336.13" y="84.08"/>
  <part name="3342336" x="341.69" y="91.37"/>
  <part name="3407872" x="334.14" y="89.68"/>
  <part name="3473408" x="326.26" y="88.69"/>
  <part name="3538944" x="317.76" y="90.3"/>
  <part name="3604480" x="277.16" y="90.9"/>
  <part name="3670016" x="270.03" y="84.29"/>
  <part name="3735552" x="256.89" y="82.73"/>
  <part name="3801088" x="245.55" y="86.03"/>
  <part name="3866624" x="239.51" y="95.03"/>
  <part name="3932160" x="248.25" y="92.53"/>
  <part name="3997696" x="257.4" y="90.61"/>
  <part name="4063232" x="267.46" y="91.69"/>
  <part name="4128768" x="266.94" y="167"/>
  <part name="4194304" x="289.51" y="156.42"/>
  <part name="4259840" x="297.82" y="158.35"/>
  <part name="4325376" x="305.9" y="156.34"/>
  <part name="4390912" x="324.39" y="166.94"/>
  <part name="4456448" x="307.81" y="176.76"/>
  <part name="4521984" x="297.48" y="178.11"/>
  <part name="4587520" x="286.86" y="176.99"/>
  <part name="4653056" x="285.82" y="103.41"/>
  <part name="4718592" x="282.96" y="123.09"/>
  <part name="4784128" x="276.05" y="133.46"/>
  <part name="4849664" x="278.14" y="141.78"/>
  <part name="4915200" x="286.47" y="139.58"/>
  <part name="4980736" x="296.55" y="144.01"/>
  <part name="5046272" x="305.99" y="139.01"/>
  <part name="5111808" x="313.61" y="140.52"/>
  <part name="5177344" x="314.77" y="132.32"/>
  <part name="5242880" x="307.3" y="122.33"/>
  <part name="5308416" x="302.97" y="102.86"/>
  <part name="5373952" x="326.67" y="103.86"/>
  <part name="5439488" x="261.37" y="101.88"/>
  <part name="5505024" x="297.21" y="128.92"/>
  <part name="5570560" x="253.18" y="160.38"/>
  <part name="5636096" x="327.23" y="161.46"/>
  <part name="5701632" x="295.36" y="99.54"/>
  <part name="5767168" x="295.94" y="109.79"/>
  <part name="5832704" x="296.68" y="119.83"/>
  <part name="5898240" x="278.42" y="160.48"/>
  <part name="5963776" x="277.07" y="172.87"/>
  <part name="6029312" x="316.3" y="172.42"/>
  <part name="6094848" x="315.5" y="160.22"/>
  <part name="6160384" x="271.85" y="167.86"/>
  <part name="6225920" x="289.58" y="168.29"/>
  <part name="6291456" x="297.21" y="168.98"/>
  <part name="6356992" x="304.62" y="168.19"/>
  <part name="6422528" x="319.54" y="168.1"/>
  <part name="6488064" x="304.83" y="166.73"/>
  <part name="6553600" x="297.48" y="167.44"/>
  <part name="6619136" x="289.89" y="166.71"/>
 </box>
</image>
