<BetafaceImageInfoResponse xmlns:i="http://www.w3.org/2001/XMLSchema-instance"><int_response>0</int_response><string_response>ok</string_response><checksum>56be096c49044e297dfc12ceedbe0ad12f8e248dd44fcc994ee5596417a10bf9</checksum><faces><FaceInfo><angle>1.4571</angle><height>157.14</height><image_uid>55889225-afff-4077-905e-10e288d5171b</image_uid><person_name/><points><PointInfo><name>basic eye left</name><type>512</type><x>259.66</x><y>103.34</y></PointInfo><PointInfo><name>basic eye right</name><type>768</type><x>324.65</x><y>102.74</y></PointInfo><PointInfo><name>basic eye left outer</name><type>1024</type><x>244.57</x><y>105.28</y></PointInfo><PointInfo><name>basic eye right outer</name><type>1280</type><x>337.21</x><y>104.65</y></PointInfo><PointInfo><name>basic eye left inner</name><type>1536</type><x>274.08</x><y>104.27</y></PointInfo><PointInfo><name>basic eye right inner</name><type>1792</type><x>310.59</x><y>103.49</y></PointInfo><PointInfo><name>basic mouth left</name><type>2048</type><x>265.66</x><y>167.88</y></PointInfo><PointInfo><name>basic mouth right</name><type>2304</type><x>322.39</x><y>165.87</y></PointInfo><PointInfo><name>basic nose tip</name><type>2560</type><x>294.85</x><y>133.78</y></PointInfo><PointInfo><name>basic mouth center</name><type>2816</type><x>292.8</x><y>166.36</y></PointInfo><PointInfo><name>basic eyebrow left</name><type>3072</type><x>255.3</x><y>87.32</y></PointInfo><PointInfo><name>basic eyebrow left inner corner</name><type>3328</type><x>273.86</x><y>89.06</y></PointInfo><PointInfo><name>basic eyebrow left outer corner</name><type>3584</type><x>238.41</x><y>92.56</y></PointInfo><PointInfo><name>basic eyebrow right</name><type>3840</type><x>326.94</x><y>86.06</y></PointInfo><PointInfo><name>basic eyebrow right inner corner</name><type>4096</type><x>309.51</x><y>89.53</y></PointInfo><PointInfo><name>basic eyebrow right outer corner</name><type>4352</type><x>341.69</x><y>91</y></PointInfo><PointInfo><name>basic chin bottom</name><type>4608</type><x>290.3</x><y>215.13</y></PointInfo><PointInfo><name>basic chin left</name><type>4864</type><x>217.46</x><y>146.28</y></PointInfo><PointInfo><name>basic chin right</name><type>5120</type><x>356.39</x><y>146.57</y></PointInfo><PointInfo><name>basic nose left</name><type>5376</type><x>275.74</x><y>139.61</y></PointInfo><PointInfo><name>basic nose right</name><type>5632</type><x>310.53</x><y>138.72</y></PointInfo><PointInfo><name>chin ear left</name><type>65536</type><x>219.31</x><y>153.91</y></PointInfo><PointInfo><name>chin left 1</name><type>131072</type><x>223.98</x><y>171.54</y></PointInfo><PointInfo><name>chin left 2</name><type>196608</type><x>231.97</x><y>187.4</y></PointInfo><PointInfo><name>chin left 3</name><type>262144</type><x>243.98</x><y>200.77</y></PointInfo><PointInfo><name>chin left 4</name><type>327680</type><x>258.83</x><y>211.37</y></PointInfo><PointInfo><name>chin left 5</name><type>393216</type><x>275.66</x><y>219.17</y></PointInfo><PointInfo><name>chin bottom</name><type>458752</type><x>294.23</x><y>221.11</y></PointInfo><PointInfo><name>chin right 5</name><type>524288</type><x>311.94</x><y>217.43</y></PointInfo><PointInfo><name>chin right 4</name><type>589824</type><x>326.3</x><y>207.66</y></PointInfo><PointInfo><name>chin right 3</name><type>655360</type><x>338.3</x><y>195.4</y></PointInfo><PointInfo><name>chin right 2</name><type>720896</type><x>347.42</x><y>180.97</y></PointInfo><PointInfo><name>chin right 1</name><type>786432</type><x>353.02</x><y>164.9</y></PointInfo><PointInfo><name>chin ear right</name><type>851968</type><x>355.94</x><y>147.86</y></PointInfo><PointInfo><name>temple right 4</name><type>917504</type><x>357.22</x><y>130.67</y></PointInfo><PointInfo><name>temple right 3</name><type>983040</type><x>357.46</x><y>112.8</y></PointInfo><PointInfo><name>temple right 2</name><type>1048576</type><x>358.27</x><y>99.8</y></PointInfo><PointInfo><name>temple right 1</name><type>1114112</type><x>359.08</x><y>86.79</y></PointInfo><PointInfo><name>temple right</name><type>1179648</type><x>353.57</x><y>77.59</y></PointInfo><PointInfo><name>forehead right</name><type>1245184</type><x>348.06</x><y>68.4</y></PointInfo><PointInfo><name>forehead 4</name><type>1310720</type><x>330.26</x><y>66.14</y></PointInfo><PointInfo><name>forehead 3</name><type>1376256</type><x>311.66</x><y>64.92</y></PointInfo><PointInfo><name>forehead middle</name><type>1441792</type><x>292.09</x><y>64.16</y></PointInfo><PointInfo><name>forehead 2</name><type>1507328</type><x>271.5</x><y>64.29</y></PointInfo><PointInfo><name>forehead 1</name><type>1572864</type><x>251.63</x><y>64.99</y></PointInfo><PointInfo><name>forehead left</name><type>1638400</type><x>232.45</x><y>66.81</y></PointInfo><PointInfo><name>temple left</name><type>1703936</type><x>225.14</x><y>76.79</y></PointInfo><PointInfo><name>temple left 1</name><type>1769472</type><x>217.83</x><y>86.78</y></PointInfo><PointInfo><name>temple left 2</name><type>1835008</type><x>216.09</x><y>101.82</y></PointInfo><PointInfo><name>temple left 3</name><type>1900544</type><x>214.36</x><y>116.85</y></PointInfo><PointInfo><name>temple left 4</name><type>1966080</type><x>216.36</x><y>135.82</y></PointInfo><PointInfo><name>eye right outer</name><type>2031616</type><x>338.56</x><y>106.49</y></PointInfo><PointInfo><name>eye right bottom outer</name><type>2097152</type><x>330.16</x><y>109.16</y></PointInfo><PointInfo><name>eye right bottom</name><type>2162688</type><x>326.03</x><y>108.88</y></PointInfo><PointInfo><name>eye right bottom inner</name><type>2228224</type><x>319.94</x><y>107.67</y></PointInfo><PointInfo><name>eye right inner</name><type>2293760</type><x>311.93</x><y>104.62</y></PointInfo><PointInfo><name>eye right top inner</name><type>2359296</type><x>320.58</x><y>99.28</y></PointInfo><PointInfo><name>eye right top</name><type>2424832</type><x>326.61</x><y>98.84</y></PointInfo><PointInfo><name>eye right top outer</name><type>2490368</type><x>331.01</x><y>100.74</y></PointInfo><PointInfo><name>eye left outer</name><type>2555904</type><x>247.5</x><y>105.83</y></PointInfo><PointInfo><name>eye left top outer</name><type>2621440</type><x>256.59</x><y>100.3</y></PointInfo><PointInfo><name>eye left top</name><type>2686976</type><x>260.98</x><y>97.83</y></PointInfo><PointInfo><name>eye left top inner</name><type>2752512</type><x>267.99</x><y>99.21</y></PointInfo><PointInfo><name>eye left inner</name><type>2818048</type><x>277.04</x><y>104.42</y></PointInfo><PointInfo><name>eye left bottom inner</name><type>2883584</type><x>268.23</x><y>107.21</y></PointInfo><PointInfo><name>eye left bottom</name><type>2949120</type><x>261.54</x><y>108.69</y></PointInfo><PointInfo><name>eye left bottom outer</name><type>3014656</type><x>257.03</x><y>108.2</y></PointInfo><PointInfo><name>eyebrow right inner</name><type>3080192</type><x>309.78</x><y>90.41</y></PointInfo><PointInfo><name>eyebrow right top inner</name><type>3145728</type><x>315.57</x><y>84.33</y></PointInfo><PointInfo><name>eyebrow right top</name><type>3211264</type><x>326.72</x><y>82.14</y></PointInfo><PointInfo><name>eyebrow right top outer</name><type>3276800</type><x>336.49</x><y>84.24</y></PointInfo><PointInfo><name>eyebrow right outer</name><type>3342336</type><x>342.05</x><y>91.53</y></PointInfo><PointInfo><name>eyebrow right bottom outer</name><type>3407872</type><x>334.5</x><y>89.84</y></PointInfo><PointInfo><name>eyebrow right botom</name><type>3473408</type><x>326.62</x><y>88.85</y></PointInfo><PointInfo><name>eyebrow rigth bottom inner</name><type>3538944</type><x>318.12</x><y>90.46</y></PointInfo><PointInfo><name>eyebrow left inner</name><type>3604480</type><x>277.52</x><y>91.06</y></PointInfo><PointInfo><name>eyebrow left top inner</name><type>3670016</type><x>270.39</x><y>84.45</y></PointInfo><PointInfo><name>eyebrow left top</name><type>3735552</type><x>257.25</x><y>82.89</y></PointInfo><PointInfo><name>eyebrow left top outer</name><type>3801088</type><x>245.91</x><y>86.19</y></PointInfo><PointInfo><name>eyebrow left outer</name><type>3866624</type><x>239.87</x><y>95.19</y></PointInfo><PointInfo><name>eyebrow left bottom outer</name><type>3932160</type><x>248.61</x><y>92.69</y></PointInfo><PointInfo><name>eyebrow left bottom</name><type>3997696</type><x>257.76</x><y>90.77</y></PointInfo><PointInfo><name>eyebrow left bottom inner</name><type>4063232</type><x>267.82</x><y>91.85</y></PointInfo><PointInfo><name>mouth left</name><type>4128768</type><x>267.3</x><y>167.16</y></PointInfo><PointInfo><name>mouth left top</name><type>4194304</type><x>289.87</x><y>156.58</y></PointInfo><PointInfo><name>mouth top</name><type>4259840</type><x>298.18</x><y>158.51</y></PointInfo><PointInfo><name>mouth right top</name><type>4325376</type><x>306.26</x><y>156.5</y></PointInfo><PointInfo><name>mouth right</name><type>4390912</type><x>324.75</x><y>167.1</y></PointInfo><PointInfo><name>mouth right bottom</name><type>4456448</type><x>308.17</x><y>176.92</y></PointInfo><PointInfo><name>mouth bottom</name><type>4521984</type><x>297.84</x><y>178.27</y></PointInfo><PointInfo><name>mouth left bottom</name><type>4587520</type><x>287.22</x><y>177.15</y></PointInfo><PointInfo><name>nose left top</name><type>4653056</type><x>286.18</x><y>103.57</y></PointInfo><PointInfo><name>nose left top inner</name><type>4718592</type><x>283.32</x><y>123.25</y></PointInfo><PointInfo><name>nose left top outer</name><type>4784128</type><x>276.41</x><y>133.62</y></PointInfo><PointInfo><name>nose left bottom outer</name><type>4849664</type><x>278.5</x><y>141.94</y></PointInfo><PointInfo><name>nose left bottom inner</name><type>4915200</type><x>286.83</x><y>139.74</y></PointInfo><PointInfo><name>nose bottom</name><type>4980736</type><x>296.91</x><y>144.17</y></PointInfo><PointInfo><name>nose right bottom inner</name><type>5046272</type><x>306.35</x><y>139.17</y></PointInfo><PointInfo><name>nose right bottom outer</name><type>5111808</type><x>313.97</x><y>140.68</y></PointInfo><PointInfo><name>nose right top outer</name><type>5177344</type><x>315.13</x><y>132.48</y></PointInfo><PointInfo><name>nose right top inner</name><type>5242880</type><x>307.66</x><y>122.49</y></PointInfo><PointInfo><name>nose right top</name><type>5308416</type><x>303.33</x><y>103.02</y></PointInfo><PointInfo><name>eye right iris</name><type>5373952</type><x>327.03</x><y>104.02</y></PointInfo><PointInfo><name>eye left iris</name><type>5439488</type><x>261.73</x><y>102.04</y></PointInfo><PointInfo><name>nose tip</name><type>5505024</type><x>297.57</x><y>129.08</y></PointInfo><PointInfo><name>cheekbone left</name><type>5570560</type><x>253.54</x><y>160.54</y></PointInfo><PointInfo><name>cheekbone right</name><type>5636096</type><x>327.59</x><y>161.62</y></PointInfo><PointInfo><name>nose bridge top</name><type>5701632</type><x>295.72</x><y>99.7</y></PointInfo><PointInfo><name>nose bridge middle</name><type>5767168</type><x>296.3</x><y>109.95</y></PointInfo><PointInfo><name>nose bridge bottom</name><type>5832704</type><x>297.04</x><y>119.99</y></PointInfo><PointInfo><name>mouth left top point 1</name><type>5898240</type><x>278.78</x><y>160.64</y></PointInfo><PointInfo><name>mouth left bottom point 1</name><type>5963776</type><x>277.43</x><y>173.03</y></PointInfo><PointInfo><name>mouth right bottom point 1</name><type>6029312</type><x>316.66</x><y>172.58</y></PointInfo><PointInfo><name>mouth right top point 1</name><type>6094848</type><x>315.86</x><y>160.38</y></PointInfo><PointInfo><name>mouth inner left</name><type>6160384</type><x>272.21</x><y>168.02</y></PointInfo><PointInfo><name>mouth inner left bottom</name><type>6225920</type><x>289.94</x><y>168.45</y></PointInfo><PointInfo><name>mouth inner bottom</name><type>6291456</type><x>297.57</x><y>169.14</y></PointInfo><PointInfo><name>mouth inner right bottom</name><type>6356992</type><x>304.98</x><y>168.35</y></PointInfo><PointInfo><name>mouth inner right</name><type>6422528</type><x>319.9</x><y>168.26</y></PointInfo><PointInfo><name>mouth inner right top</name><type>6488064</type><x>305.19</x><y>166.89</y></PointInfo><PointInfo><name>mouth inner top</name><type>6553600</type><x>297.84</x><y>167.6</y></PointInfo><PointInfo><name>mouth inner left top</name><type>6619136</type><x>290.25</x><y>166.87</y></PointInfo></points><score>1</score><tags><TagInfo><confidence>0.6</confidence><name>age</name><value>49</value></TagInfo><TagInfo><confidence>1</confidence><name>beard</name><value>no</value></TagInfo><TagInfo><confidence>0.95</confidence><name>expression</name><value>smile</value></TagInfo><TagInfo><confidence>1</confidence><name>gender</name><value>male</value></TagInfo><TagInfo><confidence>0.87</confidence><name>glasses</name><value>no</value></TagInfo><TagInfo><confidence>1</confidence><name>mustache</name><value>no</value></TagInfo><TagInfo><confidence>1</confidence><name>race</name><value>white</value></TagInfo><TagInfo><confidence>1</confidence><name>chin size</name><value>extra large</value></TagInfo><TagInfo><confidence>0.03</confidence><name>color background</name><value>39373d</value></TagInfo><TagInfo><confidence>0.71</confidence><name>color clothes middle</name><value>2b2932</value></TagInfo><TagInfo><confidence>0.25</confidence><name>color clothes sides</name><value>333136</value></TagInfo><TagInfo><confidence>0.5</confidence><name>color eyes</name><value>603d2e</value></TagInfo><TagInfo><confidence>0.64</confidence><name>color hair</name><value>b6aea4</value></TagInfo><TagInfo><confidence>1</confidence><name>color skin</name><value>c88f76</value></TagInfo><TagInfo><confidence>1</confidence><name>eyebrows corners</name><value>average</value></TagInfo><TagInfo><confidence>1</confidence><name>eyebrows position</name><value>average</value></TagInfo><TagInfo><confidence>1</confidence><name>eyebrows size</name><value>extra thin</value></TagInfo><TagInfo><confidence>1</confidence><name>eyes corners</name><value>low</value></TagInfo><TagInfo><confidence>1</confidence><name>eyes distance</name><value>average</value></TagInfo><TagInfo><confidence>1</confidence><name>eyes position</name><value>low</value></TagInfo><TagInfo><confidence>1</confidence><name>eyes shape</name><value>extra round</value></TagInfo><TagInfo><confidence>1</confidence><name>glasses rim</name><value>no</value></TagInfo><TagInfo><confidence>1</confidence><name>hair beard</name><value>none</value></TagInfo><TagInfo><confidence>0.64</confidence><name>hair color type</name><value>blond</value></TagInfo><TagInfo><confidence>1</confidence><name>hair forehead</name><value>yes</value></TagInfo><TagInfo><confidence>1</confidence><name>hair length</name><value>none</value></TagInfo><TagInfo><confidence>1</confidence><name>hair mustache</name><value>none</value></TagInfo><TagInfo><confidence>1</confidence><name>hair sides</name><value>very thin</value></TagInfo><TagInfo><confidence>1</confidence><name>hair top</name><value>very short</value></TagInfo><TagInfo><confidence>1</confidence><name>head shape</name><value>rect</value></TagInfo><TagInfo><confidence>1</confidence><name>head width</name><value>narrow</value></TagInfo><TagInfo><confidence>1</confidence><name>mouth corners</name><value>extra low</value></TagInfo><TagInfo><confidence>1</confidence><name>mouth height</name><value>average</value></TagInfo><TagInfo><confidence>1</confidence><name>mouth width</name><value>small</value></TagInfo><TagInfo><confidence>1</confidence><name>nose shape</name><value>extra straight</value></TagInfo><TagInfo><confidence>1</confidence><name>nose width</name><value>average</value></TagInfo><TagInfo><confidence>1</confidence><name>teeth visible</name><value>yes</value></TagInfo></tags><uid>a6b881e9-688e-11e7-9c43-0cc47a6c4dbd</uid><user_points i:nil="true"/><width>157.14</width><x>290.56</x><y>125.45</y></FaceInfo></faces><original_filename>temp.jpg</original_filename><uid>55889225-afff-4077-905e-10e288d5171b</uid></BetafaceImageInfoResponse>