{"accessoryName":"48150000","imageInfo":{"imageName":"Modi","originalSize":{"width":499,"height":313},"scaledSize":{"width":499,"height":313},"clientCropSize":{"width":150,"height":231},"gender":"male","skinColor":"edbcaa","hairColor":"b6aea4","eyeColor":"603d2e"},"meshShapesList":[{"type":1,"name":"HEAD_MESH","textureName":"Modi_FaceCrop.png","headPointsList":[{"type":0,"point":{"x":0.5024262,"y":-0.044312183}},{"type":1,"point":{"x":0.3872407,"y":-0.014630377}},{"type":2,"point":{"x":0.61761475,"y":-0.014628779}},{"type":3,"point":{"x":0.26179656,"y":0.056689095}},{"type":4,"point":{"x":0.7430611,"y":0.056696933}},{"type":5,"point":{"x":0.20972326,"y":0.122099966}},{"type":6,"point":{"x":0.7951347,"y":0.122114465}},{"type":7,"point":{"x":0.18723518,"y":0.18053697}},{"type":8,"point":{"x":0.8176222,"y":0.18055783}},{"type":9,"point":{"x":0.17894742,"y":0.24701306}},{"type":10,"point":{"x":0.8259087,"y":0.24704136}},{"type":11,"point":{"x":0.18485977,"y":0.3215281}},{"type":12,"point":{"x":0.8199944,"y":0.32156506}},{"type":13,"point":{"x":0.19669035,"y":0.375671}},{"type":14,"point":{"x":0.80816215,"y":0.3757143}},{"type":15,"point":{"x":0.18915786,"y":0.4407792}},{"type":16,"point":{"x":0.8046557,"y":0.43203464}},{"type":17,"point":{"x":0.1816687,"y":0.5058442}},{"type":18,"point":{"x":0.8011492,"y":0.4883117}},{"type":19,"point":{"x":0.1903267,"y":0.5879654}},{"type":20,"point":{"x":0.8001103,"y":0.56567097}},{"type":21,"point":{"x":0.20309725,"y":0.66627705}},{"type":22,"point":{"x":0.79456913,"y":0.6400866}},{"type":23,"point":{"x":0.2233137,"y":0.7425974}},{"type":24,"point":{"x":0.78192836,"y":0.71385276}},{"type":25,"point":{"x":0.25790247,"y":0.8112554}},{"type":26,"point":{"x":0.7576861,"y":0.7834199}},{"type":27,"point":{"x":0.3098938,"y":0.8691342}},{"type":28,"point":{"x":0.71820545,"y":0.8458874}},{"type":29,"point":{"x":0.37417945,"y":0.9150216}},{"type":30,"point":{"x":0.60409296,"y":0.9412554}},{"type":31,"point":{"x":0.52742636,"y":0.95718616}}],"texturePointList":[]},{"type":2,"name":"EYE_LEFT_MESH","clientCropRect":{"x":34,"y":97,"w":30,"h":11},"headPointsList":[{"type":32,"point":{"x":0.3251319,"y":0.45813853}},{"type":33,"point":{"x":0.45301074,"y":0.45203462}},{"type":34,"point":{"x":0.38348693,"y":0.4235065}},{"type":35,"point":{"x":0.38591117,"y":0.47051948}},{"type":36,"point":{"x":0.38673368,"y":0.4417316}}],"texturePointList":[{"point":{"x":0.36523438,"y":0.5302439},"type":0},{"point":{"x":0.5913086,"y":0.3209756},"type":2},{"point":{"x":0.8173828,"y":0.5302439},"type":1},{"point":{"x":0.5913086,"y":0.7395122},"type":3}]},{"type":3,"name":"EYE_RIGHT_MESH","clientCropRect":{"x":97,"y":98,"w":30,"h":11},"headPointsList":[{"type":37,"point":{"x":0.7256298,"y":0.4583983}},{"type":38,"point":{"x":0.59775084,"y":0.45030308}},{"type":41,"point":{"x":0.6694176,"y":0.45030302}},{"type":39,"point":{"x":0.6675994,"y":0.4235065}},{"type":40,"point":{"x":0.6650886,"y":0.47051948}}],"texturePointList":[{"point":{"x":0.18164062,"y":0.5302439},"type":5},{"point":{"x":0.40771484,"y":0.3209756},"type":6},{"point":{"x":0.63378906,"y":0.5302439},"type":4},{"point":{"x":0.40771484,"y":0.7395122},"type":7}]},{"type":4,"name":"EYEBROW_LEFT_MESH","clientCropRect":{"x":26,"y":82,"w":38,"h":13},"headPointsList":[{"type":42,"point":{"x":0.29210156,"y":0.41207793}},{"type":43,"point":{"x":0.45508856,"y":0.39419913}},{"type":44,"point":{"x":0.36733967,"y":0.35883117}},{"type":45,"point":{"x":0.36954755,"y":0.3929437}}],"texturePointList":[{"point":{"x":0.37402344,"y":0.61083984},"type":8},{"point":{"x":0.6113281,"y":0.55371094},"type":10},{"point":{"x":0.8486328,"y":0.61083984},"type":9},{"point":{"x":0.6113281,"y":0.66796875},"type":11}]},{"type":5,"name":"EYEBROW_RIGHT_MESH","clientCropRect":{"x":94,"y":82,"w":37,"h":10},"headPointsList":[{"type":46,"point":{"x":0.7460842,"y":0.402013}},{"type":47,"point":{"x":0.5830972,"y":0.39716455}},{"type":48,"point":{"x":0.6680756,"y":0.3588312}},{"type":49,"point":{"x":0.6676427,"y":0.39294374}}],"texturePointList":[{"point":{"x":0.15039062,"y":0.61083984},"type":13},{"point":{"x":0.3876953,"y":0.55371094},"type":14},{"point":{"x":0.625,"y":0.61083984},"type":12},{"point":{"x":0.3876953,"y":0.66796875},"type":15}]},{"type":6,"name":"MOUTH_MESH","clientCropRect":{"x":54,"y":156,"w":57,"h":22},"headPointsList":[{"type":50,"point":{"x":0.4108461,"y":0.7236364}},{"type":51,"point":{"x":0.65954745,"y":0.72337663}},{"type":52,"point":{"x":0.5445258,"y":0.67748916}},{"type":53,"point":{"x":0.543054,"y":0.7717316}}],"texturePointList":[{"point":{"x":0.31835938,"y":0.45410156},"type":16},{"point":{"x":0.50146484,"y":0.3798828},"type":18},{"point":{"x":0.6845703,"y":0.45410156},"type":17},{"point":{"x":0.50146484,"y":0.5283203},"type":19}]},{"type":7,"name":"NOSE_MESH","textureName":"Modi_NoseCrop.png","headPointsList":[],"texturePointList":[]},{"type":8,"name":"EAR_MESH","headPointsList":[],"texturePointList":[]}]}