<image file="passport-011.jpg">
 <width>239.84</width>
 <height>239.84</height>
 <x>295.9</x>
 <y>293.74</y>
 <angle>0.8672</angle>
 <uid>dad2c338-2fa7-11e7-9f36-0cc47a6c4dbd</uid>
 <box left="175" top="169" width="253" height="293">
  <part name="512" x="245.22" y="258.4"/>
  <part name="768" x="344.57" y="256.91"/>
  <part name="1024" x="224.89" y="258.44"/>
  <part name="1280" x="364.64" y="256.88"/>
  <part name="1536" x="265.5" y="259.63"/>
  <part name="1792" x="324.3" y="260.2"/>
  <part name="2048" x="252.37" y="367.91"/>
  <part name="2304" x="335.62" y="366.22"/>
  <part name="2560" x="294.31" y="324.25"/>
  <part name="2816" x="295.28" y="366.62"/>
  <part name="3072" x="234.67" y="234.25"/>
  <part name="3328" x="264.92" y="239.69"/>
  <part name="3584" x="210.27" y="240.74"/>
  <part name="3840" x="350.55" y="232.47"/>
  <part name="4096" x="321.17" y="239.7"/>
  <part name="4352" x="376.49" y="233.57"/>
  <part name="4608" x="287.99" y="442.22"/>
  <part name="4864" x="189.82" y="329.18"/>
  <part name="5120" x="397.72" y="331.67"/>
  <part name="5376" x="269.47" y="326.4"/>
  <part name="5632" x="318.13" y="327.62"/>
  <part name="65536" x="185.4" y="335.22"/>
  <part name="131072" x="192.16" y="363.2"/>
  <part name="196608" x="203.76" y="388.99"/>
  <part name="262144" x="221.34" y="411.41"/>
  <part name="327680" x="243.14" y="429.91"/>
  <part name="393216" x="268.09" y="444.18"/>
  <part name="458752" x="296.76" y="448.11"/>
  <part name="524288" x="325.12" y="442.55"/>
  <part name="589824" x="349.05" y="426.68"/>
  <part name="655360" x="369.49" y="406.77"/>
  <part name="720896" x="385.4" y="383.27"/>
  <part name="786432" x="395.23" y="356.87"/>
  <part name="851968" x="400.15" y="328.68"/>
  <part name="917504" x="402.36" y="300.41"/>
  <part name="983040" x="402.83" y="271.42"/>
  <part name="1048576" x="402.44" y="249.59"/>
  <part name="1114112" x="402.05" y="227.76"/>
  <part name="1179648" x="392.1" y="213.09"/>
  <part name="1245184" x="382.15" y="198.42"/>
  <part name="1310720" x="353.63" y="195.92"/>
  <part name="1376256" x="323.97" y="195.05"/>
  <part name="1441792" x="292.98" y="195"/>
  <part name="1507328" x="261.91" y="196.29"/>
  <part name="1572864" x="232.18" y="198.36"/>
  <part name="1638400" x="203.67" y="202.02"/>
  <part name="1703936" x="193.12" y="217.41"/>
  <part name="1769472" x="182.56" y="232.81"/>
  <part name="1835008" x="180.78" y="255.28"/>
  <part name="1900544" x="179" y="277.76"/>
  <part name="1966080" x="181.31" y="306.9"/>
  <part name="2031616" x="368.25" y="258.25"/>
  <part name="2097152" x="357.6" y="262.94"/>
  <part name="2162688" x="349.09" y="264.94"/>
  <part name="2228224" x="337.65" y="263.3"/>
  <part name="2293760" x="326.64" y="260.26"/>
  <part name="2359296" x="336.52" y="250.59"/>
  <part name="2424832" x="348.37" y="248.74"/>
  <part name="2490368" x="357.37" y="250.15"/>
  <part name="2555904" x="228.39" y="260.09"/>
  <part name="2621440" x="238.09" y="252.07"/>
  <part name="2686976" x="249.12" y="249.86"/>
  <part name="2752512" x="260.12" y="251.28"/>
  <part name="2818048" x="270.68" y="260.03"/>
  <part name="2883584" x="259.67" y="263.35"/>
  <part name="2949120" x="248.98" y="265.59"/>
  <part name="3014656" x="238.68" y="264.08"/>
  <part name="3080192" x="326.52" y="241.3"/>
  <part name="3145728" x="336.38" y="229.19"/>
  <part name="3211264" x="356.27" y="223.56"/>
  <part name="3276800" x="374.29" y="225.65"/>
  <part name="3342336" x="385.42" y="237.52"/>
  <part name="3407872" x="371.85" y="236.34"/>
  <part name="3473408" x="357.39" y="235.8"/>
  <part name="3538944" x="342.05" y="239.94"/>
  <part name="3604480" x="268" y="242.18"/>
  <part name="3670016" x="257.89" y="231.4"/>
  <part name="3735552" x="238.1" y="227.72"/>
  <part name="3801088" x="220.71" y="231.63"/>
  <part name="3866624" x="210.92" y="244.63"/>
  <part name="3932160" x="224.2" y="241.73"/>
  <part name="3997696" x="238.14" y="239.73"/>
  <part name="4063232" x="253.22" y="242.35"/>
  <part name="4128768" x="255.12" y="370.48"/>
  <part name="4194304" x="288.18" y="359.92"/>
  <part name="4259840" x="300.4" y="362.56"/>
  <part name="4325376" x="312.21" y="359.45"/>
  <part name="4390912" x="340.29" y="368.81"/>
  <part name="4456448" x="315.43" y="386.28"/>
  <part name="4521984" x="300.26" y="388.64"/>
  <part name="4587520" x="284.6" y="387.06"/>
  <part name="4653056" x="280.12" y="262.76"/>
  <part name="4718592" x="274.21" y="298.56"/>
  <part name="4784128" x="263.32" y="316.86"/>
  <part name="4849664" x="270.38" y="330.15"/>
  <part name="4915200" x="281.34" y="329.64"/>
  <part name="4980736" x="294.66" y="336.13"/>
  <part name="5046272" x="308.31" y="330.02"/>
  <part name="5111808" x="319.31" y="330.94"/>
  <part name="5177344" x="326.58" y="317.44"/>
  <part name="5242880" x="316.04" y="298.94"/>
  <part name="5308416" x="310.72" y="263.03"/>
  <part name="5373952" x="348.46" y="254.97"/>
  <part name="5439488" x="249.85" y="256.75"/>
  <part name="5505024" x="294.63" y="316.84"/>
  <part name="5570560" x="239.17" y="350.02"/>
  <part name="5636096" x="352.73" y="347.68"/>
  <part name="5701632" x="295.89" y="253.97"/>
  <part name="5767168" x="295.76" y="275.64"/>
  <part name="5832704" x="295.71" y="297.15"/>
  <part name="5898240" x="271.93" y="364.5"/>
  <part name="5963776" x="270.04" y="380.68"/>
  <part name="6029312" x="327.83" y="379.19"/>
  <part name="6094848" x="326.29" y="363.33"/>
  <part name="6160384" x="262.61" y="370.75"/>
  <part name="6225920" x="286.88" y="370.58"/>
  <part name="6291456" x="298.08" y="371.52"/>
  <part name="6356992" x="309.18" y="370.18"/>
  <part name="6422528" x="333.51" y="369.38"/>
  <part name="6488064" x="309.12" y="369.06"/>
  <part name="6553600" x="298.07" y="370.43"/>
  <part name="6619136" x="286.93" y="369.49"/>
 </box>
</image>
