<image file="AngelinaJolie.jpg">
 <width>465.63</width>
 <height>465.63</height>
 <x>510.89</x>
 <y>344.04</y>
 <angle>-0.7569</angle>
 <uid>c1019cfc-277e-11e7-9f36-0cc47a6c4dbd</uid>
 <box height="509" left="139" width="451" top="288">
  <part name="512" x="420.48" y="294.28"/>
  <part name="768" x="617.43" y="298.02"/>
  <part name="1024" x="379.98" y="297.64"/>
  <part name="1280" x="653.72" y="302.32"/>
  <part name="1536" x="464.74" y="300.59"/>
  <part name="1792" x="575.75" y="302.97"/>
  <part name="2048" x="445.36" y="491.82"/>
  <part name="2304" x="595.02" y="490.21"/>
  <part name="2560" x="524.49" y="390.89"/>
  <part name="2816" x="519.38" y="490.74"/>
  <part name="3072" x="402.04" y="225.64"/>
  <part name="3328" x="463.65" y="236.76"/>
  <part name="3584" x="351.44" y="248.83"/>
  <part name="3840" x="632.59" y="227.55"/>
  <part name="4096" x="577.34" y="241.97"/>
  <part name="4352" x="676.98" y="247.46"/>
  <part name="4608" x="513.63" y="621.61"/>
  <part name="4864" x="323.63" y="454.34"/>
  <part name="5120" x="700.54" y="455.08"/>
  <part name="5376" x="480.65" y="411.69"/>
  <part name="5632" x="563.42" y="412.84"/>
  <part name="65536" x="310.21" y="440.78"/>
  <part name="131072" x="321.95" y="489.55"/>
  <part name="196608" x="342.56" y="533.6"/>
  <part name="262144" x="374.88" y="570.7"/>
  <part name="327680" x="416" y="599.74"/>
  <part name="393216" x="463.17" y="621.33"/>
  <part name="458752" x="516.05" y="628.15"/>
  <part name="524288" x="568.08" y="620.34"/>
  <part name="589824" x="612.63" y="597.15"/>
  <part name="655360" x="650.72" y="566.77"/>
  <part name="720896" x="679.99" y="528.97"/>
  <part name="786432" x="698.4" y="485.17"/>
  <part name="851968" x="709.02" y="437.72"/>
  <part name="917504" x="715.27" y="389.08"/>
  <part name="983040" x="719.15" y="337.09"/>
  <part name="1048576" x="715.7" y="284.9"/>
  <part name="1114112" x="712.24" y="232.7"/>
  <part name="1179648" x="693.44" y="199.54"/>
  <part name="1245184" x="674.65" y="166.37"/>
  <part name="1310720" x="624.66" y="161.61"/>
  <part name="1376256" x="573.19" y="159.66"/>
  <part name="1441792" x="518.52" y="159"/>
  <part name="1507328" x="459.54" y="160.82"/>
  <part name="1572864" x="402.59" y="164.26"/>
  <part name="1638400" x="347.56" y="170.75"/>
  <part name="1703936" x="326.84" y="203.35"/>
  <part name="1769472" x="306.11" y="235.96"/>
  <part name="1835008" x="302.06" y="286.17"/>
  <part name="1900544" x="298" y="336.37"/>
  <part name="1966080" x="302.89" y="390.37"/>
  <part name="2031616" x="658.43" y="303.41"/>
  <part name="2097152" x="636.81" y="311.45"/>
  <part name="2162688" x="620.93" y="311.65"/>
  <part name="2228224" x="608.15" y="309.98"/>
  <part name="2293760" x="582.54" y="302.93"/>
  <part name="2359296" x="608.05" y="288.2"/>
  <part name="2424832" x="621.37" y="284.41"/>
  <part name="2490368" x="637.17" y="289.63"/>
  <part name="2555904" x="384.02" y="296.9"/>
  <part name="2621440" x="408.81" y="283.9"/>
  <part name="2686976" x="422.44" y="276.63"/>
  <part name="2752512" x="442.28" y="282.87"/>
  <part name="2818048" x="465.7" y="297.58"/>
  <part name="2883584" x="441.53" y="305.01"/>
  <part name="2949120" x="422.5" y="305.54"/>
  <part name="3014656" x="408.82" y="305.85"/>
  <part name="3080192" x="581.72" y="243.19"/>
  <part name="3145728" x="599.52" y="222.29"/>
  <part name="3211264" x="636.52" y="214"/>
  <part name="3276800" x="668.56" y="221.18"/>
  <part name="3342336" x="686.12" y="246.13"/>
  <part name="3407872" x="661.56" y="239.35"/>
  <part name="3473408" x="636.12" y="236.33"/>
  <part name="3538944" x="608.73" y="242.4"/>
  <part name="3604480" x="478.32" y="243.1"/>
  <part name="3670016" x="458.71" y="221.15"/>
  <part name="3735552" x="418.59" y="212.83"/>
  <part name="3801088" x="382.55" y="220.61"/>
  <part name="3866624" x="361.33" y="248.2"/>
  <part name="3932160" x="389.72" y="240.56"/>
  <part name="3997696" x="418.37" y="236.83"/>
  <part name="4063232" x="448.9" y="243.08"/>
  <part name="4128768" x="450.47" y="495.14"/>
  <part name="4194304" x="507.91" y="463.06"/>
  <part name="4259840" x="529.84" y="467.94"/>
  <part name="4325376" x="551.1" y="462.6"/>
  <part name="4390912" x="602.98" y="493.84"/>
  <part name="4456448" x="556.09" y="528.05"/>
  <part name="4521984" x="529.33" y="531.84"/>
  <part name="4587520" x="501.74" y="528.92"/>
  <part name="4653056" x="501.36" y="304.97"/>
  <part name="4718592" x="490.28" y="361.94"/>
  <part name="4784128" x="469.95" y="390.84"/>
  <part name="4849664" x="484.37" y="417.03"/>
  <part name="4915200" x="502.95" y="409.61"/>
  <part name="4980736" x="525.76" y="421.53"/>
  <part name="5046272" x="548.68" y="409.58"/>
  <part name="5111808" x="566.87" y="417.06"/>
  <part name="5177344" x="576.19" y="393.43"/>
  <part name="5242880" x="557.35" y="363.53"/>
  <part name="5308416" x="548.56" y="306.06"/>
  <part name="5373952" x="619.98" y="299.41"/>
  <part name="5439488" x="428.92" y="294.24"/>
  <part name="5505024" x="525.6" y="386.57"/>
  <part name="5570560" x="415.55" y="448.53"/>
  <part name="5636096" x="626.53" y="446.07"/>
  <part name="5701632" x="527.04" y="288.05"/>
  <part name="5767168" x="527.18" y="321.46"/>
  <part name="5832704" x="527.57" y="354.45"/>
  <part name="5898240" x="477.76" y="475.49"/>
  <part name="5963776" x="474.76" y="516.43"/>
  <part name="6029312" x="579.35" y="514.7"/>
  <part name="6094848" x="577.3" y="474.26"/>
  <part name="6160384" x="465.96" y="494.96"/>
  <part name="6225920" x="507.18" y="490.84"/>
  <part name="6291456" x="527.13" y="492.55"/>
  <part name="6356992" x="547.17" y="490.81"/>
  <part name="6422528" x="591.93" y="494.18"/>
  <part name="6488064" x="547.02" y="488.48"/>
  <part name="6553600" x="527.04" y="490.3"/>
  <part name="6619136" x="507.15" y="488.7"/>
 </box>
</image>
