<BetafaceImageInfoResponse xmlns:i="http://www.w3.org/2001/XMLSchema-instance"><int_response>0</int_response><string_response>ok</string_response><checksum>4c216d1a5f68a02cc7d456d44cb7a397f99425287f7858a942ec0f5547773045</checksum><faces><FaceInfo><angle>-0.7569</angle><height>465.63</height><image_uid>c0a283f0-54f4-4046-8fb9-2bafa46b95ee</image_uid><person_name/><points><PointInfo><name>basic eye left</name><type>512</type><x>421.41</x><y>295.14</y></PointInfo><PointInfo><name>basic eye right</name><type>768</type><x>618.36</x><y>298.88</y></PointInfo><PointInfo><name>basic eye left outer</name><type>1024</type><x>380.91</x><y>298.5</y></PointInfo><PointInfo><name>basic eye right outer</name><type>1280</type><x>654.65</x><y>303.18</y></PointInfo><PointInfo><name>basic eye left inner</name><type>1536</type><x>465.67</x><y>301.45</y></PointInfo><PointInfo><name>basic eye right inner</name><type>1792</type><x>576.68</x><y>303.83</y></PointInfo><PointInfo><name>basic mouth left</name><type>2048</type><x>446.29</x><y>492.68</y></PointInfo><PointInfo><name>basic mouth right</name><type>2304</type><x>595.95</x><y>491.07</y></PointInfo><PointInfo><name>basic nose tip</name><type>2560</type><x>525.42</x><y>391.75</y></PointInfo><PointInfo><name>basic mouth center</name><type>2816</type><x>520.31</x><y>491.6</y></PointInfo><PointInfo><name>basic eyebrow left</name><type>3072</type><x>402.97</x><y>226.5</y></PointInfo><PointInfo><name>basic eyebrow left inner corner</name><type>3328</type><x>464.58</x><y>237.62</y></PointInfo><PointInfo><name>basic eyebrow left outer corner</name><type>3584</type><x>352.37</x><y>249.69</y></PointInfo><PointInfo><name>basic eyebrow right</name><type>3840</type><x>633.52</x><y>228.41</y></PointInfo><PointInfo><name>basic eyebrow right inner corner</name><type>4096</type><x>578.27</x><y>242.83</y></PointInfo><PointInfo><name>basic eyebrow right outer corner</name><type>4352</type><x>677.91</x><y>248.32</y></PointInfo><PointInfo><name>basic chin bottom</name><type>4608</type><x>514.56</x><y>622.47</y></PointInfo><PointInfo><name>basic chin left</name><type>4864</type><x>324.56</x><y>455.2</y></PointInfo><PointInfo><name>basic chin right</name><type>5120</type><x>701.47</x><y>455.94</y></PointInfo><PointInfo><name>basic nose left</name><type>5376</type><x>481.58</x><y>412.55</y></PointInfo><PointInfo><name>basic nose right</name><type>5632</type><x>564.35</x><y>413.7</y></PointInfo><PointInfo><name>chin ear left</name><type>65536</type><x>311.14</x><y>441.64</y></PointInfo><PointInfo><name>chin left 1</name><type>131072</type><x>322.88</x><y>490.41</y></PointInfo><PointInfo><name>chin left 2</name><type>196608</type><x>343.49</x><y>534.46</y></PointInfo><PointInfo><name>chin left 3</name><type>262144</type><x>375.81</x><y>571.56</y></PointInfo><PointInfo><name>chin left 4</name><type>327680</type><x>416.93</x><y>600.6</y></PointInfo><PointInfo><name>chin left 5</name><type>393216</type><x>464.1</x><y>622.19</y></PointInfo><PointInfo><name>chin bottom</name><type>458752</type><x>516.98</x><y>629.01</y></PointInfo><PointInfo><name>chin right 5</name><type>524288</type><x>569.01</x><y>621.2</y></PointInfo><PointInfo><name>chin right 4</name><type>589824</type><x>613.56</x><y>598.01</y></PointInfo><PointInfo><name>chin right 3</name><type>655360</type><x>651.65</x><y>567.63</y></PointInfo><PointInfo><name>chin right 2</name><type>720896</type><x>680.92</x><y>529.83</y></PointInfo><PointInfo><name>chin right 1</name><type>786432</type><x>699.33</x><y>486.03</y></PointInfo><PointInfo><name>chin ear right</name><type>851968</type><x>709.95</x><y>438.58</y></PointInfo><PointInfo><name>temple right 4</name><type>917504</type><x>716.2</x><y>389.94</y></PointInfo><PointInfo><name>temple right 3</name><type>983040</type><x>720.08</x><y>337.95</y></PointInfo><PointInfo><name>temple right 2</name><type>1048576</type><x>716.63</x><y>285.76</y></PointInfo><PointInfo><name>temple right 1</name><type>1114112</type><x>713.17</x><y>233.56</y></PointInfo><PointInfo><name>temple right</name><type>1179648</type><x>694.37</x><y>200.4</y></PointInfo><PointInfo><name>forehead right</name><type>1245184</type><x>675.58</x><y>167.23</y></PointInfo><PointInfo><name>forehead 4</name><type>1310720</type><x>625.59</x><y>162.47</y></PointInfo><PointInfo><name>forehead 3</name><type>1376256</type><x>574.12</x><y>160.52</y></PointInfo><PointInfo><name>forehead middle</name><type>1441792</type><x>519.45</x><y>159.86</y></PointInfo><PointInfo><name>forehead 2</name><type>1507328</type><x>460.47</x><y>161.68</y></PointInfo><PointInfo><name>forehead 1</name><type>1572864</type><x>403.52</x><y>165.12</y></PointInfo><PointInfo><name>forehead left</name><type>1638400</type><x>348.49</x><y>171.61</y></PointInfo><PointInfo><name>temple left</name><type>1703936</type><x>327.77</x><y>204.21</y></PointInfo><PointInfo><name>temple left 1</name><type>1769472</type><x>307.04</x><y>236.82</y></PointInfo><PointInfo><name>temple left 2</name><type>1835008</type><x>302.99</x><y>287.03</y></PointInfo><PointInfo><name>temple left 3</name><type>1900544</type><x>298.93</x><y>337.23</y></PointInfo><PointInfo><name>temple left 4</name><type>1966080</type><x>303.82</x><y>391.23</y></PointInfo><PointInfo><name>eye right outer</name><type>2031616</type><x>659.36</x><y>304.27</y></PointInfo><PointInfo><name>eye right bottom outer</name><type>2097152</type><x>637.74</x><y>312.31</y></PointInfo><PointInfo><name>eye right bottom</name><type>2162688</type><x>621.86</x><y>312.51</y></PointInfo><PointInfo><name>eye right bottom inner</name><type>2228224</type><x>609.08</x><y>310.84</y></PointInfo><PointInfo><name>eye right inner</name><type>2293760</type><x>583.47</x><y>303.79</y></PointInfo><PointInfo><name>eye right top inner</name><type>2359296</type><x>608.98</x><y>289.06</y></PointInfo><PointInfo><name>eye right top</name><type>2424832</type><x>622.3</x><y>285.27</y></PointInfo><PointInfo><name>eye right top outer</name><type>2490368</type><x>638.1</x><y>290.49</y></PointInfo><PointInfo><name>eye left outer</name><type>2555904</type><x>384.95</x><y>297.76</y></PointInfo><PointInfo><name>eye left top outer</name><type>2621440</type><x>409.74</x><y>284.76</y></PointInfo><PointInfo><name>eye left top</name><type>2686976</type><x>423.37</x><y>277.49</y></PointInfo><PointInfo><name>eye left top inner</name><type>2752512</type><x>443.21</x><y>283.73</y></PointInfo><PointInfo><name>eye left inner</name><type>2818048</type><x>466.63</x><y>298.44</y></PointInfo><PointInfo><name>eye left bottom inner</name><type>2883584</type><x>442.46</x><y>305.87</y></PointInfo><PointInfo><name>eye left bottom</name><type>2949120</type><x>423.43</x><y>306.4</y></PointInfo><PointInfo><name>eye left bottom outer</name><type>3014656</type><x>409.75</x><y>306.71</y></PointInfo><PointInfo><name>eyebrow right inner</name><type>3080192</type><x>582.65</x><y>244.05</y></PointInfo><PointInfo><name>eyebrow right top inner</name><type>3145728</type><x>600.45</x><y>223.15</y></PointInfo><PointInfo><name>eyebrow right top</name><type>3211264</type><x>637.45</x><y>214.86</y></PointInfo><PointInfo><name>eyebrow right top outer</name><type>3276800</type><x>669.49</x><y>222.04</y></PointInfo><PointInfo><name>eyebrow right outer</name><type>3342336</type><x>687.05</x><y>246.99</y></PointInfo><PointInfo><name>eyebrow right bottom outer</name><type>3407872</type><x>662.49</x><y>240.21</y></PointInfo><PointInfo><name>eyebrow right botom</name><type>3473408</type><x>637.05</x><y>237.19</y></PointInfo><PointInfo><name>eyebrow rigth bottom inner</name><type>3538944</type><x>609.66</x><y>243.26</y></PointInfo><PointInfo><name>eyebrow left inner</name><type>3604480</type><x>479.25</x><y>243.96</y></PointInfo><PointInfo><name>eyebrow left top inner</name><type>3670016</type><x>459.64</x><y>222.01</y></PointInfo><PointInfo><name>eyebrow left top</name><type>3735552</type><x>419.52</x><y>213.69</y></PointInfo><PointInfo><name>eyebrow left top outer</name><type>3801088</type><x>383.48</x><y>221.47</y></PointInfo><PointInfo><name>eyebrow left outer</name><type>3866624</type><x>362.26</x><y>249.06</y></PointInfo><PointInfo><name>eyebrow left bottom outer</name><type>3932160</type><x>390.65</x><y>241.42</y></PointInfo><PointInfo><name>eyebrow left bottom</name><type>3997696</type><x>419.3</x><y>237.69</y></PointInfo><PointInfo><name>eyebrow left bottom inner</name><type>4063232</type><x>449.83</x><y>243.94</y></PointInfo><PointInfo><name>mouth left</name><type>4128768</type><x>451.4</x><y>496</y></PointInfo><PointInfo><name>mouth left top</name><type>4194304</type><x>508.84</x><y>463.92</y></PointInfo><PointInfo><name>mouth top</name><type>4259840</type><x>530.77</x><y>468.8</y></PointInfo><PointInfo><name>mouth right top</name><type>4325376</type><x>552.03</x><y>463.46</y></PointInfo><PointInfo><name>mouth right</name><type>4390912</type><x>603.91</x><y>494.7</y></PointInfo><PointInfo><name>mouth right bottom</name><type>4456448</type><x>557.02</x><y>528.91</y></PointInfo><PointInfo><name>mouth bottom</name><type>4521984</type><x>530.26</x><y>532.7</y></PointInfo><PointInfo><name>mouth left bottom</name><type>4587520</type><x>502.67</x><y>529.78</y></PointInfo><PointInfo><name>nose left top</name><type>4653056</type><x>502.29</x><y>305.83</y></PointInfo><PointInfo><name>nose left top inner</name><type>4718592</type><x>491.21</x><y>362.8</y></PointInfo><PointInfo><name>nose left top outer</name><type>4784128</type><x>470.88</x><y>391.7</y></PointInfo><PointInfo><name>nose left bottom outer</name><type>4849664</type><x>485.3</x><y>417.89</y></PointInfo><PointInfo><name>nose left bottom inner</name><type>4915200</type><x>503.88</x><y>410.47</y></PointInfo><PointInfo><name>nose bottom</name><type>4980736</type><x>526.69</x><y>422.39</y></PointInfo><PointInfo><name>nose right bottom inner</name><type>5046272</type><x>549.61</x><y>410.44</y></PointInfo><PointInfo><name>nose right bottom outer</name><type>5111808</type><x>567.8</x><y>417.92</y></PointInfo><PointInfo><name>nose right top outer</name><type>5177344</type><x>577.12</x><y>394.29</y></PointInfo><PointInfo><name>nose right top inner</name><type>5242880</type><x>558.28</x><y>364.39</y></PointInfo><PointInfo><name>nose right top</name><type>5308416</type><x>549.49</x><y>306.92</y></PointInfo><PointInfo><name>eye right iris</name><type>5373952</type><x>620.91</x><y>300.27</y></PointInfo><PointInfo><name>eye left iris</name><type>5439488</type><x>429.85</x><y>295.1</y></PointInfo><PointInfo><name>nose tip</name><type>5505024</type><x>526.53</x><y>387.43</y></PointInfo><PointInfo><name>cheekbone left</name><type>5570560</type><x>416.48</x><y>449.39</y></PointInfo><PointInfo><name>cheekbone right</name><type>5636096</type><x>627.46</x><y>446.93</y></PointInfo><PointInfo><name>nose bridge top</name><type>5701632</type><x>527.97</x><y>288.91</y></PointInfo><PointInfo><name>nose bridge middle</name><type>5767168</type><x>528.11</x><y>322.32</y></PointInfo><PointInfo><name>nose bridge bottom</name><type>5832704</type><x>528.5</x><y>355.31</y></PointInfo><PointInfo><name>mouth left top point 1</name><type>5898240</type><x>478.69</x><y>476.35</y></PointInfo><PointInfo><name>mouth left bottom point 1</name><type>5963776</type><x>475.69</x><y>517.29</y></PointInfo><PointInfo><name>mouth right bottom point 1</name><type>6029312</type><x>580.28</x><y>515.56</y></PointInfo><PointInfo><name>mouth right top point 1</name><type>6094848</type><x>578.23</x><y>475.12</y></PointInfo><PointInfo><name>mouth inner left</name><type>6160384</type><x>466.89</x><y>495.82</y></PointInfo><PointInfo><name>mouth inner left bottom</name><type>6225920</type><x>508.11</x><y>491.7</y></PointInfo><PointInfo><name>mouth inner bottom</name><type>6291456</type><x>528.06</x><y>493.41</y></PointInfo><PointInfo><name>mouth inner right bottom</name><type>6356992</type><x>548.1</x><y>491.67</y></PointInfo><PointInfo><name>mouth inner right</name><type>6422528</type><x>592.86</x><y>495.04</y></PointInfo><PointInfo><name>mouth inner right top</name><type>6488064</type><x>547.95</x><y>489.34</y></PointInfo><PointInfo><name>mouth inner top</name><type>6553600</type><x>527.97</x><y>491.16</y></PointInfo><PointInfo><name>mouth inner left top</name><type>6619136</type><x>508.08</x><y>489.56</y></PointInfo></points><score>1</score><tags><TagInfo><confidence>0.6</confidence><name>age</name><value>26</value></TagInfo><TagInfo><confidence>1</confidence><name>beard</name><value>no</value></TagInfo><TagInfo><confidence>1</confidence><name>expression</name><value>neutral</value></TagInfo><TagInfo><confidence>1</confidence><name>gender</name><value>female</value></TagInfo><TagInfo><confidence>1</confidence><name>glasses</name><value>no</value></TagInfo><TagInfo><confidence>1</confidence><name>mustache</name><value>no</value></TagInfo><TagInfo><confidence>1</confidence><name>race</name><value>white</value></TagInfo><TagInfo><confidence>1</confidence><name>chin size</name><value>extra small</value></TagInfo><TagInfo><confidence>0.06</confidence><name>color clothes middle</name><value>512d18</value></TagInfo><TagInfo><confidence>0.32</confidence><name>color eyes</name><value>6e675d</value></TagInfo><TagInfo><confidence>0.59</confidence><name>color hair</name><value>453225</value></TagInfo><TagInfo><confidence>1</confidence><name>color skin</name><value>d9b19a</value></TagInfo><TagInfo><confidence>1</confidence><name>eyebrows corners</name><value>average</value></TagInfo><TagInfo><confidence>1</confidence><name>eyebrows position</name><value>extra low</value></TagInfo><TagInfo><confidence>1</confidence><name>eyebrows size</name><value>extra thin</value></TagInfo><TagInfo><confidence>1</confidence><name>eyes corners</name><value>average</value></TagInfo><TagInfo><confidence>1</confidence><name>eyes distance</name><value>far</value></TagInfo><TagInfo><confidence>1</confidence><name>eyes position</name><value>extra low</value></TagInfo><TagInfo><confidence>1</confidence><name>eyes shape</name><value>extra round</value></TagInfo><TagInfo><confidence>1</confidence><name>glasses rim</name><value>no</value></TagInfo><TagInfo><confidence>1</confidence><name>hair beard</name><value>none</value></TagInfo><TagInfo><confidence>0.59</confidence><name>hair color type</name><value>brown</value></TagInfo><TagInfo><confidence>1</confidence><name>hair forehead</name><value>no</value></TagInfo><TagInfo><confidence>1</confidence><name>hair length</name><value>very long</value></TagInfo><TagInfo><confidence>1</confidence><name>hair mustache</name><value>none</value></TagInfo><TagInfo><confidence>1</confidence><name>hair sides</name><value>thick</value></TagInfo><TagInfo><confidence>1</confidence><name>hair top</name><value>average</value></TagInfo><TagInfo><confidence>1</confidence><name>head shape</name><value>extra rect</value></TagInfo><TagInfo><confidence>1</confidence><name>head width</name><value>average</value></TagInfo><TagInfo><confidence>1</confidence><name>mouth corners</name><value>extra low</value></TagInfo><TagInfo><confidence>1</confidence><name>mouth height</name><value>thick</value></TagInfo><TagInfo><confidence>1</confidence><name>mouth width</name><value>extra small</value></TagInfo><TagInfo><confidence>1</confidence><name>nose shape</name><value>straight</value></TagInfo><TagInfo><confidence>1</confidence><name>nose width</name><value>narrow</value></TagInfo><TagInfo><confidence>1</confidence><name>teeth visible</name><value>no</value></TagInfo></tags><uid>c1019cfc-277e-11e7-9f36-0cc47a6c4dbd</uid><user_points i:nil="true"/><width>465.63</width><x>510.89</x><y>344.04</y></FaceInfo></faces><original_filename>temp.jpg</original_filename><uid>c0a283f0-54f4-4046-8fb9-2bafa46b95ee</uid></BetafaceImageInfoResponse>