{"accessoryName":"48150000","imageInfo":{"imageName":"AngelinaJolie","originalSize":{"width":2560,"height":1920},"scaledSize":{"width":1024,"height":768},"clientCropSize":{"width":431,"height":675},"gender":"female","skinColor":"edc8ba","hairColor":"453225","eyeColor":"6e675d"},"meshShapesList":[{"type":1,"name":"HEAD_MESH","textureName":"AngelinaJolie_FaceCrop.png","headPointsList":[{"type":0,"point":{"x":0.49984303,"y":-0.06878269}},{"type":1,"point":{"x":0.38606486,"y":-0.03933603}},{"type":2,"point":{"x":0.6132891,"y":-0.039518278}},{"type":3,"point":{"x":0.26228634,"y":0.031758003}},{"type":4,"point":{"x":0.73680663,"y":0.030880636}},{"type":5,"point":{"x":0.21102652,"y":0.09710341}},{"type":6,"point":{"x":0.78805065,"y":0.09548141}},{"type":7,"point":{"x":0.1889927,"y":0.1555359}},{"type":8,"point":{"x":0.8144139,"y":0.17421675}},{"type":9,"point":{"x":0.18102552,"y":0.2220456}},{"type":10,"point":{"x":0.8178583,"y":0.24254401}},{"type":11,"point":{"x":0.18712497,"y":0.2966325}},{"type":12,"point":{"x":0.8123792,"y":0.2925126}},{"type":13,"point":{"x":0.19900604,"y":0.35084444}},{"type":14,"point":{"x":0.80068004,"y":0.3460148}},{"type":15,"point":{"x":0.19300601,"y":0.42522964}},{"type":16,"point":{"x":0.80580604,"y":0.42334816}},{"type":17,"point":{"x":0.1869912,"y":0.49960002}},{"type":18,"point":{"x":0.81091714,"y":0.5006667}},{"type":19,"point":{"x":0.19423565,"y":0.57960004}},{"type":20,"point":{"x":0.805169,"y":0.5776889}},{"type":21,"point":{"x":0.20508012,"y":0.6542815}},{"type":22,"point":{"x":0.79590976,"y":0.64974815}},{"type":23,"point":{"x":0.2224727,"y":0.72653335}},{"type":24,"point":{"x":0.7801764,"y":0.72004443}},{"type":25,"point":{"x":0.253006,"y":0.79179263}},{"type":26,"point":{"x":0.75290227,"y":0.7849333}},{"type":27,"point":{"x":0.3008875,"y":0.84675556}},{"type":28,"point":{"x":0.7095394,"y":0.8409333}},{"type":29,"point":{"x":0.361806,"y":0.8897777}},{"type":30,"point":{"x":0.6531097,"y":0.88594073}},{"type":31,"point":{"x":0.51002824,"y":0.9318667}}],"texturePointList":[]},{"type":2,"name":"EYE_LEFT_MESH","clientCropRect":{"x":90,"y":277,"w":82,"h":29},"headPointsList":[{"type":32,"point":{"x":0.31442827,"y":0.44112593}},{"type":33,"point":{"x":0.43543565,"y":0.44213334}},{"type":34,"point":{"x":0.37134677,"y":0.41109627}},{"type":35,"point":{"x":0.37143564,"y":0.4539259}},{"type":36,"point":{"x":0.38094676,"y":0.4371852}}],"texturePointList":[{"point":{"x":0.36523438,"y":0.5302439},"type":0},{"point":{"x":0.5913086,"y":0.3209756},"type":2},{"point":{"x":0.8173828,"y":0.5302439},"type":1},{"point":{"x":0.5913086,"y":0.7395122},"type":3}]},{"type":3,"name":"EYE_RIGHT_MESH","clientCropRect":{"x":286,"y":285,"w":82,"h":27},"headPointsList":[{"type":37,"point":{"x":0.7252505,"y":0.44048145}},{"type":38,"point":{"x":0.604243,"y":0.43977037}},{"type":41,"point":{"x":0.6639986,"y":0.44484442}},{"type":39,"point":{"x":0.6660578,"y":0.41109627}},{"type":40,"point":{"x":0.665406,"y":0.4539259}}],"texturePointList":[{"point":{"x":0.18164062,"y":0.5302439},"type":5},{"point":{"x":0.40771484,"y":0.3209756},"type":6},{"point":{"x":0.63378906,"y":0.5302439},"type":4},{"point":{"x":0.40771484,"y":0.7395122},"type":7}]},{"type":4,"name":"EYEBROW_LEFT_MESH","clientCropRect":{"x":68,"y":213,"w":117,"h":36},"headPointsList":[{"type":42,"point":{"x":0.28081346,"y":0.3689778}},{"type":43,"point":{"x":0.45413193,"y":0.36142224}},{"type":44,"point":{"x":0.36564302,"y":0.3165778}},{"type":45,"point":{"x":0.3653171,"y":0.35213333}}],"texturePointList":[{"point":{"x":0.37402344,"y":0.61083984},"type":8},{"point":{"x":0.6113281,"y":0.55371094},"type":10},{"point":{"x":0.8486328,"y":0.61083984},"type":9},{"point":{"x":0.6113281,"y":0.66796875},"type":11}]},{"type":5,"name":"EYEBROW_RIGHT_MESH","clientCropRect":{"x":282,"y":214,"w":117,"h":32},"headPointsList":[{"type":46,"point":{"x":0.7713097,"y":0.36541483}},{"type":47,"point":{"x":0.59799117,"y":0.36105928}},{"type":48,"point":{"x":0.6885023,"y":0.3165778}},{"type":49,"point":{"x":0.6879097,"y":0.35213333}}],"texturePointList":[{"point":{"x":0.15039062,"y":0.61083984},"type":13},{"point":{"x":0.3876953,"y":0.55371094},"type":14},{"point":{"x":0.625,"y":0.61083984},"type":12},{"point":{"x":0.3876953,"y":0.66796875},"type":15}]},{"type":6,"name":"MOUTH_MESH","clientCropRect":{"x":157,"y":463,"w":152,"h":69},"headPointsList":[{"type":50,"point":{"x":0.41287267,"y":0.7348148}},{"type":51,"point":{"x":0.6388134,"y":0.7328889}},{"type":52,"point":{"x":0.53045785,"y":0.6866074}},{"type":53,"point":{"x":0.5297023,"y":0.7891852}}],"texturePointList":[{"point":{"x":0.31835938,"y":0.45410156},"type":16},{"point":{"x":0.50146484,"y":0.3798828},"type":18},{"point":{"x":0.6845703,"y":0.45410156},"type":17},{"point":{"x":0.50146484,"y":0.5283203},"type":19}]},{"type":7,"name":"NOSE_MESH","textureName":"AngelinaJolie_NoseCrop.png","headPointsList":[],"texturePointList":[]},{"type":8,"name":"EAR_MESH","headPointsList":[],"texturePointList":[]}]}