<image file="indian_female_passport.jpg">
 <width>89.78</width>
 <height>89.78</height>
 <x>100.2</x>
 <y>94.26</y>
 <angle>-0.4373</angle>
 <uid>886a5c14-2fa8-11e7-9f36-0cc47a6c4dbd</uid>
 <box top="45" width="116" height="131" left="39">
  <part name="512" x="77.56" y="85.95"/>
  <part name="768" x="118.34" y="87.11"/>
  <part name="1024" x="69.22" y="86.64"/>
  <part name="1280" x="126.78" y="86.56"/>
  <part name="1536" x="86.02" y="86.69"/>
  <part name="1792" x="109.43" y="87.18"/>
  <part name="2048" x="81.13" y="127.96"/>
  <part name="2304" x="112.2" y="128.04"/>
  <part name="2560" x="96.59" y="109.72"/>
  <part name="2816" x="96.96" y="126.81"/>
  <part name="3072" x="72.33" y="73.73"/>
  <part name="3328" x="86.38" y="75.83"/>
  <part name="3584" x="61.36" y="76.79"/>
  <part name="3840" x="122.15" y="73.21"/>
  <part name="4096" x="108.73" y="75.67"/>
  <part name="4352" x="132.98" y="75.64"/>
  <part name="4608" x="95.9" y="148.27"/>
  <part name="4864" x="59.14" y="111.98"/>
  <part name="5120" x="136.41" y="112.66"/>
  <part name="5376" x="85.89" y="113.16"/>
  <part name="5632" x="108" y="112.69"/>
  <part name="65536" x="56.94" y="105.94"/>
  <part name="131072" x="59.22" y="116.6"/>
  <part name="196608" x="63.35" y="126.45"/>
  <part name="262144" x="69.76" y="135.09"/>
  <part name="327680" x="77.55" y="142.4"/>
  <part name="393216" x="86.25" y="148.43"/>
  <part name="458752" x="96.26" y="150.45"/>
  <part name="524288" x="106.43" y="148.98"/>
  <part name="589824" x="115.53" y="143.4"/>
  <part name="655360" x="123.75" y="136.47"/>
  <part name="720896" x="130.58" y="128.12"/>
  <part name="786432" x="135.2" y="118.47"/>
  <part name="851968" x="138.02" y="107.98"/>
  <part name="917504" x="139.91" y="97.42"/>
  <part name="983040" x="141.02" y="86.39"/>
  <part name="1048576" x="140.29" y="78.6"/>
  <part name="1114112" x="139.56" y="70.81"/>
  <part name="1179648" x="135.49" y="65.53"/>
  <part name="1245184" x="131.42" y="60.26"/>
  <part name="1310720" x="120.67" y="59.36"/>
  <part name="1376256" x="109.66" y="59.04"/>
  <part name="1441792" x="98.02" y="59"/>
  <part name="1507328" x="86.03" y="59.47"/>
  <part name="1572864" x="74.57" y="60.23"/>
  <part name="1638400" x="63.49" y="61.57"/>
  <part name="1703936" x="59.55" y="66.35"/>
  <part name="1769472" x="55.61" y="71.13"/>
  <part name="1835008" x="55.31" y="77.61"/>
  <part name="1900544" x="55" y="84.08"/>
  <part name="1966080" x="55.55" y="95.23"/>
  <part name="2031616" x="128.23" y="87.23"/>
  <part name="2097152" x="123.57" y="89.55"/>
  <part name="2162688" x="119.61" y="89.87"/>
  <part name="2228224" x="116.28" y="89.85"/>
  <part name="2293760" x="110.45" y="88.39"/>
  <part name="2359296" x="115.77" y="84.48"/>
  <part name="2424832" x="119.32" y="83.21"/>
  <part name="2490368" x="123.27" y="84.15"/>
  <part name="2555904" x="69.71" y="87.14"/>
  <part name="2621440" x="74.61" y="84.03"/>
  <part name="2686976" x="78.38" y="82.74"/>
  <part name="2752512" x="82.24" y="84.22"/>
  <part name="2818048" x="87.32" y="87.96"/>
  <part name="2883584" x="81.8" y="89.77"/>
  <part name="2949120" x="78.21" y="89.48"/>
  <part name="3014656" x="74.42" y="89.59"/>
  <part name="3080192" x="109.96" y="76.11"/>
  <part name="3145728" x="114.59" y="71.43"/>
  <part name="3211264" x="123.24" y="69.9"/>
  <part name="3276800" x="130.79" y="71.58"/>
  <part name="3342336" x="135.04" y="77.13"/>
  <part name="3407872" x="129.3" y="75.97"/>
  <part name="3473408" x="123.2" y="75.1"/>
  <part name="3538944" x="116.55" y="76.2"/>
  <part name="3604480" x="86.72" y="76.5"/>
  <part name="3670016" x="82.04" y="71.84"/>
  <part name="3735552" x="73.17" y="70.44"/>
  <part name="3801088" x="65.43" y="72.34"/>
  <part name="3866624" x="61.11" y="78.18"/>
  <part name="3932160" x="67.05" y="76.8"/>
  <part name="3997696" x="73.28" y="75.75"/>
  <part name="4063232" x="80.07" y="76.74"/>
  <part name="4128768" x="82.11" y="126.49"/>
  <part name="4194304" x="93.35" y="122.14"/>
  <part name="4259840" x="97.74" y="123.26"/>
  <part name="4325376" x="102.14" y="122.28"/>
  <part name="4390912" x="112.83" y="127.05"/>
  <part name="4456448" x="103.14" y="133.06"/>
  <part name="4521984" x="97.51" y="133.69"/>
  <part name="4587520" x="91.87" y="132.89"/>
  <part name="4653056" x="91.68" y="88.58"/>
  <part name="4718592" x="89.35" y="102.12"/>
  <part name="4784128" x="84.83" y="109.11"/>
  <part name="4849664" x="86.82" y="113.66"/>
  <part name="4915200" x="91.6" y="112.11"/>
  <part name="4980736" x="97.79" y="115.29"/>
  <part name="5046272" x="104.02" y="111.93"/>
  <part name="5111808" x="109.09" y="113.44"/>
  <part name="5177344" x="110.77" y="109.15"/>
  <part name="5242880" x="106.28" y="102.15"/>
  <part name="5308416" x="104" y="88.61"/>
  <part name="5373952" x="119.35" y="86.15"/>
  <part name="5439488" x="79.25" y="86.2"/>
  <part name="5505024" x="97.28" y="106.84"/>
  <part name="5570560" x="76.9" y="119.31"/>
  <part name="5636096" x="120.98" y="118.49"/>
  <part name="5701632" x="98.06" y="85.27"/>
  <part name="5767168" x="97.94" y="93.25"/>
  <part name="5832704" x="97.83" y="101.13"/>
  <part name="5898240" x="87.65" y="123.85"/>
  <part name="5963776" x="86.9" y="130.32"/>
  <part name="6029312" x="108.02" y="130.64"/>
  <part name="6094848" x="107.56" y="124.17"/>
  <part name="6160384" x="84.91" y="126.68"/>
  <part name="6225920" x="93.51" y="126.86"/>
  <part name="6291456" x="97.52" y="127.32"/>
  <part name="6356992" x="101.52" y="127.02"/>
  <part name="6422528" x="110.2" y="127.18"/>
  <part name="6488064" x="101.55" y="126.14"/>
  <part name="6553600" x="97.57" y="126.43"/>
  <part name="6619136" x="93.59" y="125.99"/>
 </box>
</image>
