<BetafaceImageInfoResponse xmlns:i="http://www.w3.org/2001/XMLSchema-instance"><int_response>0</int_response><string_response>ok</string_response><checksum>1d2b288cc1aa602c9808f5e6ea8dd951901aef8f7602fd11f1ab3ad144010603</checksum><faces><FaceInfo><angle>-0.4373</angle><height>89.78</height><image_uid>9e7baf3e-ff44-43e2-9fea-d3a98fad647f</image_uid><person_name/><points><PointInfo><name>basic eye left</name><type>512</type><x>78.43</x><y>86.31</y></PointInfo><PointInfo><name>basic eye right</name><type>768</type><x>119.21</x><y>87.47</y></PointInfo><PointInfo><name>basic eye left outer</name><type>1024</type><x>70.09</x><y>87</y></PointInfo><PointInfo><name>basic eye right outer</name><type>1280</type><x>127.65</x><y>86.92</y></PointInfo><PointInfo><name>basic eye left inner</name><type>1536</type><x>86.89</x><y>87.05</y></PointInfo><PointInfo><name>basic eye right inner</name><type>1792</type><x>110.3</x><y>87.54</y></PointInfo><PointInfo><name>basic mouth left</name><type>2048</type><x>82</x><y>128.32</y></PointInfo><PointInfo><name>basic mouth right</name><type>2304</type><x>113.07</x><y>128.4</y></PointInfo><PointInfo><name>basic nose tip</name><type>2560</type><x>97.46</x><y>110.08</y></PointInfo><PointInfo><name>basic mouth center</name><type>2816</type><x>97.83</x><y>127.17</y></PointInfo><PointInfo><name>basic eyebrow left</name><type>3072</type><x>73.2</x><y>74.09</y></PointInfo><PointInfo><name>basic eyebrow left inner corner</name><type>3328</type><x>87.25</x><y>76.19</y></PointInfo><PointInfo><name>basic eyebrow left outer corner</name><type>3584</type><x>62.23</x><y>77.15</y></PointInfo><PointInfo><name>basic eyebrow right</name><type>3840</type><x>123.02</x><y>73.57</y></PointInfo><PointInfo><name>basic eyebrow right inner corner</name><type>4096</type><x>109.6</x><y>76.03</y></PointInfo><PointInfo><name>basic eyebrow right outer corner</name><type>4352</type><x>133.85</x><y>76</y></PointInfo><PointInfo><name>basic chin bottom</name><type>4608</type><x>96.77</x><y>148.63</y></PointInfo><PointInfo><name>basic chin left</name><type>4864</type><x>60.01</x><y>112.34</y></PointInfo><PointInfo><name>basic chin right</name><type>5120</type><x>137.28</x><y>113.02</y></PointInfo><PointInfo><name>basic nose left</name><type>5376</type><x>86.76</x><y>113.52</y></PointInfo><PointInfo><name>basic nose right</name><type>5632</type><x>108.87</x><y>113.05</y></PointInfo><PointInfo><name>chin ear left</name><type>65536</type><x>57.81</x><y>106.3</y></PointInfo><PointInfo><name>chin left 1</name><type>131072</type><x>60.09</x><y>116.96</y></PointInfo><PointInfo><name>chin left 2</name><type>196608</type><x>64.22</x><y>126.81</y></PointInfo><PointInfo><name>chin left 3</name><type>262144</type><x>70.63</x><y>135.45</y></PointInfo><PointInfo><name>chin left 4</name><type>327680</type><x>78.42</x><y>142.76</y></PointInfo><PointInfo><name>chin left 5</name><type>393216</type><x>87.12</x><y>148.79</y></PointInfo><PointInfo><name>chin bottom</name><type>458752</type><x>97.13</x><y>150.81</y></PointInfo><PointInfo><name>chin right 5</name><type>524288</type><x>107.3</x><y>149.34</y></PointInfo><PointInfo><name>chin right 4</name><type>589824</type><x>116.4</x><y>143.76</y></PointInfo><PointInfo><name>chin right 3</name><type>655360</type><x>124.62</x><y>136.83</y></PointInfo><PointInfo><name>chin right 2</name><type>720896</type><x>131.45</x><y>128.48</y></PointInfo><PointInfo><name>chin right 1</name><type>786432</type><x>136.07</x><y>118.83</y></PointInfo><PointInfo><name>chin ear right</name><type>851968</type><x>138.89</x><y>108.34</y></PointInfo><PointInfo><name>temple right 4</name><type>917504</type><x>140.78</x><y>97.78</y></PointInfo><PointInfo><name>temple right 3</name><type>983040</type><x>141.89</x><y>86.75</y></PointInfo><PointInfo><name>temple right 2</name><type>1048576</type><x>141.16</x><y>78.96</y></PointInfo><PointInfo><name>temple right 1</name><type>1114112</type><x>140.43</x><y>71.17</y></PointInfo><PointInfo><name>temple right</name><type>1179648</type><x>136.36</x><y>65.89</y></PointInfo><PointInfo><name>forehead right</name><type>1245184</type><x>132.29</x><y>60.62</y></PointInfo><PointInfo><name>forehead 4</name><type>1310720</type><x>121.54</x><y>59.72</y></PointInfo><PointInfo><name>forehead 3</name><type>1376256</type><x>110.53</x><y>59.4</y></PointInfo><PointInfo><name>forehead middle</name><type>1441792</type><x>98.89</x><y>59.36</y></PointInfo><PointInfo><name>forehead 2</name><type>1507328</type><x>86.9</x><y>59.83</y></PointInfo><PointInfo><name>forehead 1</name><type>1572864</type><x>75.44</x><y>60.59</y></PointInfo><PointInfo><name>forehead left</name><type>1638400</type><x>64.36</x><y>61.93</y></PointInfo><PointInfo><name>temple left</name><type>1703936</type><x>60.42</x><y>66.71</y></PointInfo><PointInfo><name>temple left 1</name><type>1769472</type><x>56.48</x><y>71.49</y></PointInfo><PointInfo><name>temple left 2</name><type>1835008</type><x>56.18</x><y>77.97</y></PointInfo><PointInfo><name>temple left 3</name><type>1900544</type><x>55.87</x><y>84.44</y></PointInfo><PointInfo><name>temple left 4</name><type>1966080</type><x>56.42</x><y>95.59</y></PointInfo><PointInfo><name>eye right outer</name><type>2031616</type><x>129.1</x><y>87.59</y></PointInfo><PointInfo><name>eye right bottom outer</name><type>2097152</type><x>124.44</x><y>89.91</y></PointInfo><PointInfo><name>eye right bottom</name><type>2162688</type><x>120.48</x><y>90.23</y></PointInfo><PointInfo><name>eye right bottom inner</name><type>2228224</type><x>117.15</x><y>90.21</y></PointInfo><PointInfo><name>eye right inner</name><type>2293760</type><x>111.32</x><y>88.75</y></PointInfo><PointInfo><name>eye right top inner</name><type>2359296</type><x>116.64</x><y>84.84</y></PointInfo><PointInfo><name>eye right top</name><type>2424832</type><x>120.19</x><y>83.57</y></PointInfo><PointInfo><name>eye right top outer</name><type>2490368</type><x>124.14</x><y>84.51</y></PointInfo><PointInfo><name>eye left outer</name><type>2555904</type><x>70.58</x><y>87.5</y></PointInfo><PointInfo><name>eye left top outer</name><type>2621440</type><x>75.48</x><y>84.39</y></PointInfo><PointInfo><name>eye left top</name><type>2686976</type><x>79.25</x><y>83.1</y></PointInfo><PointInfo><name>eye left top inner</name><type>2752512</type><x>83.11</x><y>84.58</y></PointInfo><PointInfo><name>eye left inner</name><type>2818048</type><x>88.19</x><y>88.32</y></PointInfo><PointInfo><name>eye left bottom inner</name><type>2883584</type><x>82.67</x><y>90.13</y></PointInfo><PointInfo><name>eye left bottom</name><type>2949120</type><x>79.08</x><y>89.84</y></PointInfo><PointInfo><name>eye left bottom outer</name><type>3014656</type><x>75.29</x><y>89.95</y></PointInfo><PointInfo><name>eyebrow right inner</name><type>3080192</type><x>110.83</x><y>76.47</y></PointInfo><PointInfo><name>eyebrow right top inner</name><type>3145728</type><x>115.46</x><y>71.79</y></PointInfo><PointInfo><name>eyebrow right top</name><type>3211264</type><x>124.11</x><y>70.26</y></PointInfo><PointInfo><name>eyebrow right top outer</name><type>3276800</type><x>131.66</x><y>71.94</y></PointInfo><PointInfo><name>eyebrow right outer</name><type>3342336</type><x>135.91</x><y>77.49</y></PointInfo><PointInfo><name>eyebrow right bottom outer</name><type>3407872</type><x>130.17</x><y>76.33</y></PointInfo><PointInfo><name>eyebrow right botom</name><type>3473408</type><x>124.07</x><y>75.46</y></PointInfo><PointInfo><name>eyebrow rigth bottom inner</name><type>3538944</type><x>117.42</x><y>76.56</y></PointInfo><PointInfo><name>eyebrow left inner</name><type>3604480</type><x>87.59</x><y>76.86</y></PointInfo><PointInfo><name>eyebrow left top inner</name><type>3670016</type><x>82.91</x><y>72.2</y></PointInfo><PointInfo><name>eyebrow left top</name><type>3735552</type><x>74.04</x><y>70.8</y></PointInfo><PointInfo><name>eyebrow left top outer</name><type>3801088</type><x>66.3</x><y>72.7</y></PointInfo><PointInfo><name>eyebrow left outer</name><type>3866624</type><x>61.98</x><y>78.54</y></PointInfo><PointInfo><name>eyebrow left bottom outer</name><type>3932160</type><x>67.92</x><y>77.16</y></PointInfo><PointInfo><name>eyebrow left bottom</name><type>3997696</type><x>74.15</x><y>76.11</y></PointInfo><PointInfo><name>eyebrow left bottom inner</name><type>4063232</type><x>80.94</x><y>77.1</y></PointInfo><PointInfo><name>mouth left</name><type>4128768</type><x>82.98</x><y>126.85</y></PointInfo><PointInfo><name>mouth left top</name><type>4194304</type><x>94.22</x><y>122.5</y></PointInfo><PointInfo><name>mouth top</name><type>4259840</type><x>98.61</x><y>123.62</y></PointInfo><PointInfo><name>mouth right top</name><type>4325376</type><x>103.01</x><y>122.64</y></PointInfo><PointInfo><name>mouth right</name><type>4390912</type><x>113.7</x><y>127.41</y></PointInfo><PointInfo><name>mouth right bottom</name><type>4456448</type><x>104.01</x><y>133.42</y></PointInfo><PointInfo><name>mouth bottom</name><type>4521984</type><x>98.38</x><y>134.05</y></PointInfo><PointInfo><name>mouth left bottom</name><type>4587520</type><x>92.74</x><y>133.25</y></PointInfo><PointInfo><name>nose left top</name><type>4653056</type><x>92.55</x><y>88.94</y></PointInfo><PointInfo><name>nose left top inner</name><type>4718592</type><x>90.22</x><y>102.48</y></PointInfo><PointInfo><name>nose left top outer</name><type>4784128</type><x>85.7</x><y>109.47</y></PointInfo><PointInfo><name>nose left bottom outer</name><type>4849664</type><x>87.69</x><y>114.02</y></PointInfo><PointInfo><name>nose left bottom inner</name><type>4915200</type><x>92.47</x><y>112.47</y></PointInfo><PointInfo><name>nose bottom</name><type>4980736</type><x>98.66</x><y>115.65</y></PointInfo><PointInfo><name>nose right bottom inner</name><type>5046272</type><x>104.89</x><y>112.29</y></PointInfo><PointInfo><name>nose right bottom outer</name><type>5111808</type><x>109.96</x><y>113.8</y></PointInfo><PointInfo><name>nose right top outer</name><type>5177344</type><x>111.64</x><y>109.51</y></PointInfo><PointInfo><name>nose right top inner</name><type>5242880</type><x>107.15</x><y>102.51</y></PointInfo><PointInfo><name>nose right top</name><type>5308416</type><x>104.87</x><y>88.97</y></PointInfo><PointInfo><name>eye right iris</name><type>5373952</type><x>120.22</x><y>86.51</y></PointInfo><PointInfo><name>eye left iris</name><type>5439488</type><x>80.12</x><y>86.56</y></PointInfo><PointInfo><name>nose tip</name><type>5505024</type><x>98.15</x><y>107.2</y></PointInfo><PointInfo><name>cheekbone left</name><type>5570560</type><x>77.77</x><y>119.67</y></PointInfo><PointInfo><name>cheekbone right</name><type>5636096</type><x>121.85</x><y>118.85</y></PointInfo><PointInfo><name>nose bridge top</name><type>5701632</type><x>98.93</x><y>85.63</y></PointInfo><PointInfo><name>nose bridge middle</name><type>5767168</type><x>98.81</x><y>93.61</y></PointInfo><PointInfo><name>nose bridge bottom</name><type>5832704</type><x>98.7</x><y>101.49</y></PointInfo><PointInfo><name>mouth left top point 1</name><type>5898240</type><x>88.52</x><y>124.21</y></PointInfo><PointInfo><name>mouth left bottom point 1</name><type>5963776</type><x>87.77</x><y>130.68</y></PointInfo><PointInfo><name>mouth right bottom point 1</name><type>6029312</type><x>108.89</x><y>131</y></PointInfo><PointInfo><name>mouth right top point 1</name><type>6094848</type><x>108.43</x><y>124.53</y></PointInfo><PointInfo><name>mouth inner left</name><type>6160384</type><x>85.78</x><y>127.04</y></PointInfo><PointInfo><name>mouth inner left bottom</name><type>6225920</type><x>94.38</x><y>127.22</y></PointInfo><PointInfo><name>mouth inner bottom</name><type>6291456</type><x>98.39</x><y>127.68</y></PointInfo><PointInfo><name>mouth inner right bottom</name><type>6356992</type><x>102.39</x><y>127.38</y></PointInfo><PointInfo><name>mouth inner right</name><type>6422528</type><x>111.07</x><y>127.54</y></PointInfo><PointInfo><name>mouth inner right top</name><type>6488064</type><x>102.42</x><y>126.5</y></PointInfo><PointInfo><name>mouth inner top</name><type>6553600</type><x>98.44</x><y>126.79</y></PointInfo><PointInfo><name>mouth inner left top</name><type>6619136</type><x>94.46</x><y>126.35</y></PointInfo></points><score>1</score><tags><TagInfo><confidence>0.6</confidence><name>age</name><value>13</value></TagInfo><TagInfo><confidence>1</confidence><name>beard</name><value>no</value></TagInfo><TagInfo><confidence>1</confidence><name>expression</name><value>neutral</value></TagInfo><TagInfo><confidence>1</confidence><name>gender</name><value>female</value></TagInfo><TagInfo><confidence>1</confidence><name>glasses</name><value>no</value></TagInfo><TagInfo><confidence>0.97</confidence><name>mustache</name><value>no</value></TagInfo><TagInfo><confidence>0.84</confidence><name>race</name><value>hispanic</value></TagInfo><TagInfo><confidence>1</confidence><name>chin size</name><value>extra small</value></TagInfo><TagInfo><confidence>0.06</confidence><name>color background</name><value>f8f8f0</value></TagInfo><TagInfo><confidence>0.71</confidence><name>color clothes middle</name><value>f2e2ef</value></TagInfo><TagInfo><confidence>0.89</confidence><name>color clothes sides</name><value>fbf1f1</value></TagInfo><TagInfo><confidence>0.36</confidence><name>color eyes</name><value>b17988</value></TagInfo><TagInfo><confidence>0.25</confidence><name>color hair</name><value>04010b</value></TagInfo><TagInfo><confidence>1</confidence><name>color skin</name><value>d29a7d</value></TagInfo><TagInfo><confidence>1</confidence><name>eyebrows corners</name><value>raised</value></TagInfo><TagInfo><confidence>1</confidence><name>eyebrows position</name><value>extra low</value></TagInfo><TagInfo><confidence>1</confidence><name>eyebrows size</name><value>thin</value></TagInfo><TagInfo><confidence>1</confidence><name>eyes corners</name><value>average</value></TagInfo><TagInfo><confidence>1</confidence><name>eyes distance</name><value>extra far</value></TagInfo><TagInfo><confidence>1</confidence><name>eyes position</name><value>extra low</value></TagInfo><TagInfo><confidence>1</confidence><name>eyes shape</name><value>extra round</value></TagInfo><TagInfo><confidence>1</confidence><name>glasses rim</name><value>no</value></TagInfo><TagInfo><confidence>1</confidence><name>hair beard</name><value>none</value></TagInfo><TagInfo><confidence>0.25</confidence><name>hair color type</name><value>black</value></TagInfo><TagInfo><confidence>1</confidence><name>hair forehead</name><value>no</value></TagInfo><TagInfo><confidence>1</confidence><name>hair length</name><value>none</value></TagInfo><TagInfo><confidence>1</confidence><name>hair mustache</name><value>none</value></TagInfo><TagInfo><confidence>1</confidence><name>hair sides</name><value>very thin</value></TagInfo><TagInfo><confidence>1</confidence><name>hair top</name><value>short</value></TagInfo><TagInfo><confidence>1</confidence><name>head shape</name><value>average</value></TagInfo><TagInfo><confidence>1</confidence><name>head width</name><value>extra wide</value></TagInfo><TagInfo><confidence>1</confidence><name>mouth corners</name><value>low</value></TagInfo><TagInfo><confidence>1</confidence><name>mouth height</name><value>average</value></TagInfo><TagInfo><confidence>1</confidence><name>mouth width</name><value>extra small</value></TagInfo><TagInfo><confidence>1</confidence><name>nose shape</name><value>extra straight</value></TagInfo><TagInfo><confidence>1</confidence><name>nose width</name><value>wide</value></TagInfo><TagInfo><confidence>1</confidence><name>teeth visible</name><value>no</value></TagInfo></tags><uid>886a5c14-2fa8-11e7-9f36-0cc47a6c4dbd</uid><user_points i:nil="true"/><width>89.78</width><x>100.2</x><y>94.26</y></FaceInfo></faces><original_filename>temp.jpg</original_filename><uid>9e7baf3e-ff44-43e2-9fea-d3a98fad647f</uid></BetafaceImageInfoResponse>