{"accessoryName":"48150000","imageInfo":{"imageName":"indian_female_passport","originalSize":{"width":200,"height":250},"scaledSize":{"width":200,"height":250},"clientCropSize":{"width":88,"height":136},"gender":"female","skinColor":"f0b5a0","hairColor":"04010b","eyeColor":"b17988"},"meshShapesList":[{"type":1,"name":"HEAD_MESH","textureName":"indian_female_passport_FaceCrop.png","headPointsList":[{"type":0,"point":{"x":0.5026562,"y":0.0014950809}},{"type":1,"point":{"x":0.3865656,"y":0.031355184}},{"type":2,"point":{"x":0.618585,"y":0.03126638}},{"type":3,"point":{"x":0.2600785,"y":0.10295672}},{"type":4,"point":{"x":0.744945,"y":0.10252927}},{"type":5,"point":{"x":0.20751956,"y":0.16856536}},{"type":6,"point":{"x":0.79749626,"y":0.16777515}},{"type":7,"point":{"x":0.1847774,"y":0.22715588}},{"type":8,"point":{"x":0.820273,"y":0.22602163}},{"type":9,"point":{"x":0.17632996,"y":0.2937898}},{"type":10,"point":{"x":0.8287899,"y":0.29224992}},{"type":11,"point":{"x":0.182177,"y":0.36846715}},{"type":12,"point":{"x":0.82304674,"y":0.36645997}},{"type":13,"point":{"x":0.19401655,"y":0.42272058}},{"type":14,"point":{"x":0.8112959,"y":0.42036763}},{"type":15,"point":{"x":0.18953124,"y":0.5179412}},{"type":16,"point":{"x":0.8166636,"y":0.47764707}},{"type":17,"point":{"x":0.19357535,"y":0.5999265}},{"type":18,"point":{"x":0.82203126,"y":0.5349265}},{"type":19,"point":{"x":0.19357535,"y":0.5999265}},{"type":20,"point":{"x":0.8138695,"y":0.6160294}},{"type":21,"point":{"x":0.20379597,"y":0.6786765}},{"type":22,"point":{"x":0.7999724,"y":0.6936765}},{"type":23,"point":{"x":0.22056067,"y":0.7570588}},{"type":24,"point":{"x":0.7792372,"y":0.7708088}},{"type":25,"point":{"x":0.2509283,"y":0.8294853}},{"type":26,"point":{"x":0.7452665,"y":0.8417647}},{"type":27,"point":{"x":0.29806066,"y":0.89301467}},{"type":28,"point":{"x":0.695046,"y":0.90316176}},{"type":29,"point":{"x":0.4193107,"y":0.9911029}},{"type":30,"point":{"x":0.6346048,"y":0.9541176}},{"type":31,"point":{"x":0.49291357,"y":1.0059558}}],"texturePointList":[]},{"type":2,"name":"EYE_LEFT_MESH","clientCropRect":{"x":16,"y":69,"w":18,"h":7},"headPointsList":[{"type":32,"point":{"x":0.297693,"y":0.54044116}},{"type":33,"point":{"x":0.42717832,"y":0.5464706}},{"type":34,"point":{"x":0.361443,"y":0.50808823}},{"type":35,"point":{"x":0.360193,"y":0.55764705}},{"type":36,"point":{"x":0.3678401,"y":0.5335294}}],"texturePointList":[{"point":{"x":0.36523438,"y":0.5302439},"type":0},{"point":{"x":0.5913086,"y":0.3209756},"type":2},{"point":{"x":0.8173828,"y":0.5302439},"type":1},{"point":{"x":0.5913086,"y":0.7395122},"type":3}]},{"type":3,"name":"EYE_RIGHT_MESH","clientCropRect":{"x":57,"y":69,"w":18,"h":7},"headPointsList":[{"type":37,"point":{"x":0.72736216,"y":0.53794116}},{"type":38,"point":{"x":0.5978768,"y":0.5464706}},{"type":41,"point":{"x":0.662693,"y":0.53316176}},{"type":39,"point":{"x":0.6624725,"y":0.50808823}},{"type":40,"point":{"x":0.6646048,"y":0.5576471}}],"texturePointList":[{"point":{"x":0.18164062,"y":0.5302439},"type":5},{"point":{"x":0.40771484,"y":0.3209756},"type":6},{"point":{"x":0.63378906,"y":0.5302439},"type":4},{"point":{"x":0.40771484,"y":0.7395122},"type":7}]},{"type":4,"name":"EYEBROW_LEFT_MESH","clientCropRect":{"x":7,"y":56,"w":26,"h":8},"headPointsList":[{"type":42,"point":{"x":0.23445772,"y":0.47455883}},{"type":43,"point":{"x":0.4227665,"y":0.4622059}},{"type":44,"point":{"x":0.32313418,"y":0.4176471}},{"type":45,"point":{"x":0.32394302,"y":0.45669118}}],"texturePointList":[{"point":{"x":0.37402344,"y":0.61083984},"type":8},{"point":{"x":0.6113281,"y":0.55371094},"type":10},{"point":{"x":0.8486328,"y":0.61083984},"type":9},{"point":{"x":0.6113281,"y":0.66796875},"type":11}]},{"type":5,"name":"EYEBROW_RIGHT_MESH","clientCropRect":{"x":56,"y":56,"w":26,"h":8},"headPointsList":[{"type":46,"point":{"x":0.7800092,"y":0.47121322}},{"type":47,"point":{"x":0.5917004,"y":0.46371326}},{"type":48,"point":{"x":0.691296,"y":0.4176471}},{"type":49,"point":{"x":0.69100183,"y":0.45669118}}],"texturePointList":[{"point":{"x":0.15039062,"y":0.61083984},"type":13},{"point":{"x":0.3876953,"y":0.55371094},"type":14},{"point":{"x":0.625,"y":0.61083984},"type":12},{"point":{"x":0.3876953,"y":0.66796875},"type":15}]},{"type":6,"name":"MOUTH_MESH","clientCropRect":{"x":28,"y":108,"w":31,"h":12},"headPointsList":[{"type":50,"point":{"x":0.38886952,"y":0.8297794}},{"type":51,"point":{"x":0.6147518,"y":0.8338971}},{"type":52,"point":{"x":0.503796,"y":0.7977941}},{"type":53,"point":{"x":0.50210476,"y":0.8827206}}],"texturePointList":[{"point":{"x":0.31835938,"y":0.45410156},"type":16},{"point":{"x":0.50146484,"y":0.3798828},"type":18},{"point":{"x":0.6845703,"y":0.45410156},"type":17},{"point":{"x":0.50146484,"y":0.5283203},"type":19}]},{"type":7,"name":"NOSE_MESH","textureName":"indian_female_passport_NoseCrop.png","headPointsList":[],"texturePointList":[]},{"type":8,"name":"EAR_MESH","headPointsList":[],"texturePointList":[]}]}