<BetafaceImageInfoResponse xmlns:i="http://www.w3.org/2001/XMLSchema-instance"><int_response>0</int_response><string_response>ok</string_response><checksum>a8bbd0350f08a81d5d7fb554cf43a0b1f05efabbdc16daf8b4de03291892eddf</checksum><faces><FaceInfo><angle>3.5244</angle><height>302.48</height><image_uid>66293502-9904-40b4-b1f8-e01df5cbf60e</image_uid><person_name/><points><PointInfo><name>basic eye left</name><type>512</type><x>202.25</x><y>223.76</y></PointInfo><PointInfo><name>basic eye right</name><type>768</type><x>323.89</x><y>214.72</y></PointInfo><PointInfo><name>basic eye left outer</name><type>1024</type><x>176.92</x><y>224.94</y></PointInfo><PointInfo><name>basic eye right outer</name><type>1280</type><x>348.48</x><y>213.47</y></PointInfo><PointInfo><name>basic eye left inner</name><type>1536</type><x>227.82</x><y>226.27</y></PointInfo><PointInfo><name>basic eye right inner</name><type>1792</type><x>297.94</x><y>218.94</y></PointInfo><PointInfo><name>basic mouth left</name><type>2048</type><x>228.07</x><y>336.87</y></PointInfo><PointInfo><name>basic mouth right</name><type>2304</type><x>314.51</x><y>331.35</y></PointInfo><PointInfo><name>basic nose tip</name><type>2560</type><x>268.35</x><y>283.96</y></PointInfo><PointInfo><name>basic mouth center</name><type>2816</type><x>271.29</x><y>332.43</y></PointInfo><PointInfo><name>basic eyebrow left</name><type>3072</type><x>189.51</x><y>183.95</y></PointInfo><PointInfo><name>basic eyebrow left inner corner</name><type>3328</type><x>223.93</x><y>187.99</y></PointInfo><PointInfo><name>basic eyebrow left outer corner</name><type>3584</type><x>158.43</x><y>194.74</y></PointInfo><PointInfo><name>basic eyebrow right</name><type>3840</type><x>325.7</x><y>171.56</y></PointInfo><PointInfo><name>basic eyebrow right inner corner</name><type>4096</type><x>293.24</x><y>179.72</y></PointInfo><PointInfo><name>basic eyebrow right outer corner</name><type>4352</type><x>351.65</x><y>176.9</y></PointInfo><PointInfo><name>basic chin bottom</name><type>4608</type><x>272.25</x><y>408.55</y></PointInfo><PointInfo><name>basic chin left</name><type>4864</type><x>109.8</x><y>308.02</y></PointInfo><PointInfo><name>basic chin right</name><type>5120</type><x>390.6</x><y>285.27</y></PointInfo><PointInfo><name>basic nose left</name><type>5376</type><x>232.86</x><y>287.52</y></PointInfo><PointInfo><name>basic nose right</name><type>5632</type><x>300.21</x><y>283.37</y></PointInfo><PointInfo><name>chin ear left</name><type>65536</type><x>125.37</x><y>308.38</y></PointInfo><PointInfo><name>chin left 1</name><type>131072</type><x>135.49</x><y>340.52</y></PointInfo><PointInfo><name>chin left 2</name><type>196608</type><x>152.08</x><y>368.58</y></PointInfo><PointInfo><name>chin left 3</name><type>262144</type><x>176.74</x><y>390.36</y></PointInfo><PointInfo><name>chin left 4</name><type>327680</type><x>207.23</x><y>405.47</y></PointInfo><PointInfo><name>chin left 5</name><type>393216</type><x>240.35</x><y>415.75</y></PointInfo><PointInfo><name>chin bottom</name><type>458752</type><x>275.65</x><y>417.2</y></PointInfo><PointInfo><name>chin right 5</name><type>524288</type><x>309.85</x><y>410.22</y></PointInfo><PointInfo><name>chin right 4</name><type>589824</type><x>339.69</x><y>394.67</y></PointInfo><PointInfo><name>chin right 3</name><type>655360</type><x>366.22</x><y>374.97</y></PointInfo><PointInfo><name>chin right 2</name><type>720896</type><x>386.23</x><y>349.85</y></PointInfo><PointInfo><name>chin right 1</name><type>786432</type><x>397.85</x><y>320.04</y></PointInfo><PointInfo><name>chin ear right</name><type>851968</type><x>403.15</x><y>287.57</y></PointInfo><PointInfo><name>temple right 4</name><type>917504</type><x>404.41</x><y>253.87</y></PointInfo><PointInfo><name>temple right 3</name><type>983040</type><x>403.69</x><y>219.06</y></PointInfo><PointInfo><name>temple right 2</name><type>1048576</type><x>398.37</x><y>195.18</y></PointInfo><PointInfo><name>temple right 1</name><type>1114112</type><x>393.05</x><y>171.29</y></PointInfo><PointInfo><name>temple right</name><type>1179648</type><x>378.6</x><y>154.8</y></PointInfo><PointInfo><name>forehead right</name><type>1245184</type><x>364.15</x><y>138.31</y></PointInfo><PointInfo><name>forehead 4</name><type>1310720</type><x>329.67</x><y>136.56</y></PointInfo><PointInfo><name>forehead 3</name><type>1376256</type><x>293.58</x><y>137.07</y></PointInfo><PointInfo><name>forehead middle</name><type>1441792</type><x>255.71</x><y>138.69</y></PointInfo><PointInfo><name>forehead 2</name><type>1507328</type><x>215</x><y>142.25</y></PointInfo><PointInfo><name>forehead 1</name><type>1572864</type><x>175.49</x><y>146.99</y></PointInfo><PointInfo><name>forehead left</name><type>1638400</type><x>137.86</x><y>153.93</y></PointInfo><PointInfo><name>temple left</name><type>1703936</type><x>125.77</x><y>172.13</y></PointInfo><PointInfo><name>temple left 1</name><type>1769472</type><x>113.69</x><y>190.34</y></PointInfo><PointInfo><name>temple left 2</name><type>1835008</type><x>114.12</x><y>214.54</y></PointInfo><PointInfo><name>temple left 3</name><type>1900544</type><x>114.55</x><y>238.75</y></PointInfo><PointInfo><name>temple left 4</name><type>1966080</type><x>119.11</x><y>274.29</y></PointInfo><PointInfo><name>eye right outer</name><type>2031616</type><x>352.57</x><y>214.89</y></PointInfo><PointInfo><name>eye right bottom outer</name><type>2097152</type><x>338.57</x><y>223.05</y></PointInfo><PointInfo><name>eye right bottom</name><type>2162688</type><x>329.51</x><y>224.63</y></PointInfo><PointInfo><name>eye right bottom inner</name><type>2228224</type><x>318.62</x><y>225.5</y></PointInfo><PointInfo><name>eye right inner</name><type>2293760</type><x>301.93</x><y>222.54</y></PointInfo><PointInfo><name>eye right top inner</name><type>2359296</type><x>315.86</x><y>209.26</y></PointInfo><PointInfo><name>eye right top</name><type>2424832</type><x>327.03</x><y>205.53</y></PointInfo><PointInfo><name>eye right top outer</name><type>2490368</type><x>336.29</x><y>206.62</y></PointInfo><PointInfo><name>eye left outer</name><type>2555904</type><x>181.06</x><y>225.09</y></PointInfo><PointInfo><name>eye left top outer</name><type>2621440</type><x>195.48</x><y>216.39</y></PointInfo><PointInfo><name>eye left top</name><type>2686976</type><x>205.36</x><y>212.94</y></PointInfo><PointInfo><name>eye left top inner</name><type>2752512</type><x>219.69</x><y>216.08</y></PointInfo><PointInfo><name>eye left inner</name><type>2818048</type><x>232.34</x><y>226.52</y></PointInfo><PointInfo><name>eye left bottom inner</name><type>2883584</type><x>218.84</x><y>230.71</y></PointInfo><PointInfo><name>eye left bottom</name><type>2949120</type><x>204.75</x><y>231.63</y></PointInfo><PointInfo><name>eye left bottom outer</name><type>3014656</type><x>195.56</x><y>230.95</y></PointInfo><PointInfo><name>eyebrow right inner</name><type>3080192</type><x>295.41</x><y>180.97</y></PointInfo><PointInfo><name>eyebrow right top inner</name><type>3145728</type><x>306.03</x><y>168.34</y></PointInfo><PointInfo><name>eyebrow right top</name><type>3211264</type><x>327.81</x><y>163.19</y></PointInfo><PointInfo><name>eyebrow right top outer</name><type>3276800</type><x>347.12</x><y>166.76</y></PointInfo><PointInfo><name>eyebrow right outer</name><type>3342336</type><x>358.31</x><y>180.77</y></PointInfo><PointInfo><name>eyebrow right bottom outer</name><type>3407872</type><x>343.73</x><y>178.08</y></PointInfo><PointInfo><name>eyebrow right botom</name><type>3473408</type><x>328.38</x><y>176.52</y></PointInfo><PointInfo><name>eyebrow rigth bottom inner</name><type>3538944</type><x>311.89</x><y>180.18</y></PointInfo><PointInfo><name>eyebrow left inner</name><type>3604480</type><x>236.39</x><y>190.84</y></PointInfo><PointInfo><name>eyebrow left top inner</name><type>3670016</type><x>224.08</x><y>178.29</y></PointInfo><PointInfo><name>eyebrow left top</name><type>3735552</type><x>199.98</x><y>174.63</y></PointInfo><PointInfo><name>eyebrow left top outer</name><type>3801088</type><x>178.63</x><y>180.21</y></PointInfo><PointInfo><name>eyebrow left outer</name><type>3866624</type><x>166.57</x><y>196.96</y></PointInfo><PointInfo><name>eyebrow left bottom outer</name><type>3932160</type><x>183.24</x><y>192.1</y></PointInfo><PointInfo><name>eyebrow left bottom</name><type>3997696</type><x>200.25</x><y>188.96</y></PointInfo><PointInfo><name>eyebrow left bottom inner</name><type>4063232</type><x>218.65</x><y>191.58</y></PointInfo><PointInfo><name>mouth left</name><type>4128768</type><x>231.27</x><y>339.75</y></PointInfo><PointInfo><name>mouth left top</name><type>4194304</type><x>260.95</x><y>319.99</y></PointInfo><PointInfo><name>mouth top</name><type>4259840</type><x>273.99</x><y>321.92</y></PointInfo><PointInfo><name>mouth right top</name><type>4325376</type><x>286.51</x><y>317.78</y></PointInfo><PointInfo><name>mouth right</name><type>4390912</type><x>319.85</x><y>332.91</y></PointInfo><PointInfo><name>mouth right bottom</name><type>4456448</type><x>293.06</x><y>353.52</y></PointInfo><PointInfo><name>mouth bottom</name><type>4521984</type><x>276.93</x><y>357</y></PointInfo><PointInfo><name>mouth left bottom</name><type>4587520</type><x>260.38</x><y>356.35</y></PointInfo><PointInfo><name>nose left top</name><type>4653056</type><x>248.13</x><y>223.36</y></PointInfo><PointInfo><name>nose left top inner</name><type>4718592</type><x>244.22</x><y>260.72</y></PointInfo><PointInfo><name>nose left top outer</name><type>4784128</type><x>231.99</x><y>280.93</y></PointInfo><PointInfo><name>nose left bottom outer</name><type>4849664</type><x>239.17</x><y>296.25</y></PointInfo><PointInfo><name>nose left bottom inner</name><type>4915200</type><x>255.52</x><y>295.88</y></PointInfo><PointInfo><name>nose bottom</name><type>4980736</type><x>275.02</x><y>302.69</y></PointInfo><PointInfo><name>nose right bottom inner</name><type>5046272</type><x>292.68</x><y>293.32</y></PointInfo><PointInfo><name>nose right bottom outer</name><type>5111808</type><x>307.33</x><y>291.08</y></PointInfo><PointInfo><name>nose right top outer</name><type>5177344</type><x>306.18</x><y>275.27</y></PointInfo><PointInfo><name>nose right top inner</name><type>5242880</type><x>291.1</x><y>257.14</y></PointInfo><PointInfo><name>nose right top</name><type>5308416</type><x>281.35</x><y>220.82</y></PointInfo><PointInfo><name>eye right iris</name><type>5373952</type><x>327.68</x><y>213.39</y></PointInfo><PointInfo><name>eye left iris</name><type>5439488</type><x>207.87</x><y>222.67</y></PointInfo><PointInfo><name>nose tip</name><type>5505024</type><x>275.2</x><y>274.93</y></PointInfo><PointInfo><name>cheekbone left</name><type>5570560</type><x>197.03</x><y>333.93</y></PointInfo><PointInfo><name>cheekbone right</name><type>5636096</type><x>339.77</x><y>324.4</y></PointInfo><PointInfo><name>nose bridge top</name><type>5701632</type><x>264.15</x><y>214.97</y></PointInfo><PointInfo><name>nose bridge middle</name><type>5767168</type><x>265.57</x><y>236.53</y></PointInfo><PointInfo><name>nose bridge bottom</name><type>5832704</type><x>267.04</x><y>257.75</y></PointInfo><PointInfo><name>mouth left top point 1</name><type>5898240</type><x>245.06</x><y>328</y></PointInfo><PointInfo><name>mouth left bottom point 1</name><type>5963776</type><x>245.22</x><y>350.13</y></PointInfo><PointInfo><name>mouth right bottom point 1</name><type>6029312</type><x>306.69</x><y>344.83</y></PointInfo><PointInfo><name>mouth right top point 1</name><type>6094848</type><x>303.21</x><y>322.99</y></PointInfo><PointInfo><name>mouth inner left</name><type>6160384</type><x>240.07</x><y>339.13</y></PointInfo><PointInfo><name>mouth inner left bottom</name><type>6225920</type><x>264.48</x><y>338.33</y></PointInfo><PointInfo><name>mouth inner bottom</name><type>6291456</type><x>276.24</x><y>338.58</y></PointInfo><PointInfo><name>mouth inner right bottom</name><type>6356992</type><x>287.83</x><y>336.75</y></PointInfo><PointInfo><name>mouth inner right</name><type>6422528</type><x>312.67</x><y>334.15</y></PointInfo><PointInfo><name>mouth inner right top</name><type>6488064</type><x>287.24</x><y>329.9</y></PointInfo><PointInfo><name>mouth inner top</name><type>6553600</type><x>275.77</x><y>331.54</y></PointInfo><PointInfo><name>mouth inner left top</name><type>6619136</type><x>264.16</x><y>331.49</y></PointInfo></points><score>0.99</score><tags><TagInfo><confidence>0.6</confidence><name>age</name><value>40</value></TagInfo><TagInfo><confidence>1</confidence><name>beard</name><value>no</value></TagInfo><TagInfo><confidence>1</confidence><name>expression</name><value>neutral</value></TagInfo><TagInfo><confidence>1</confidence><name>gender</name><value>male</value></TagInfo><TagInfo><confidence>1</confidence><name>glasses</name><value>no</value></TagInfo><TagInfo><confidence>1</confidence><name>mustache</name><value>no</value></TagInfo><TagInfo><confidence>1</confidence><name>race</name><value>asian</value></TagInfo><TagInfo><confidence>1</confidence><name>chin size</name><value>extra small</value></TagInfo><TagInfo><confidence>0.03</confidence><name>color background</name><value>1f39ba</value></TagInfo><TagInfo><confidence>0.28</confidence><name>color eyes</name><value>714645</value></TagInfo><TagInfo><confidence>0.68</confidence><name>color hair</name><value>16151f</value></TagInfo><TagInfo><confidence>1</confidence><name>color skin</name><value>cd9487</value></TagInfo><TagInfo><confidence>1</confidence><name>eyebrows corners</name><value>average</value></TagInfo><TagInfo><confidence>1</confidence><name>eyebrows position</name><value>extra low</value></TagInfo><TagInfo><confidence>1</confidence><name>eyebrows size</name><value>extra thin</value></TagInfo><TagInfo><confidence>1</confidence><name>eyes corners</name><value>average</value></TagInfo><TagInfo><confidence>1</confidence><name>eyes distance</name><value>average</value></TagInfo><TagInfo><confidence>1</confidence><name>eyes position</name><value>extra low</value></TagInfo><TagInfo><confidence>1</confidence><name>eyes shape</name><value>extra round</value></TagInfo><TagInfo><confidence>1</confidence><name>glasses rim</name><value>no</value></TagInfo><TagInfo><confidence>1</confidence><name>hair beard</name><value>none</value></TagInfo><TagInfo><confidence>0.68</confidence><name>hair color type</name><value>brown</value></TagInfo><TagInfo><confidence>1</confidence><name>hair forehead</name><value>no</value></TagInfo><TagInfo><confidence>1</confidence><name>hair length</name><value>none</value></TagInfo><TagInfo><confidence>1</confidence><name>hair mustache</name><value>none</value></TagInfo><TagInfo><confidence>1</confidence><name>hair sides</name><value>very thin</value></TagInfo><TagInfo><confidence>1</confidence><name>hair top</name><value>short</value></TagInfo><TagInfo><confidence>1</confidence><name>head shape</name><value>extra rect</value></TagInfo><TagInfo><confidence>1</confidence><name>head width</name><value>extra wide</value></TagInfo><TagInfo><confidence>1</confidence><name>mouth corners</name><value>extra low</value></TagInfo><TagInfo><confidence>1</confidence><name>mouth height</name><value>average</value></TagInfo><TagInfo><confidence>1</confidence><name>mouth width</name><value>extra small</value></TagInfo><TagInfo><confidence>1</confidence><name>nose shape</name><value>extra straight</value></TagInfo><TagInfo><confidence>1</confidence><name>nose width</name><value>wide</value></TagInfo><TagInfo><confidence>1</confidence><name>teeth visible</name><value>no</value></TagInfo></tags><uid>be6b7358-28b0-11e7-9f36-0cc47a6c4dbd</uid><user_points i:nil="true"/><width>302.48</width><x>264.02</x><y>240.04</y></FaceInfo></faces><original_filename>temp.jpg</original_filename><uid>66293502-9904-40b4-b1f8-e01df5cbf60e</uid></BetafaceImageInfoResponse>