<image file="JackMa.jpg">
 <width>302.48</width>
 <height>302.48</height>
 <x>264.02</x>
 <y>240.04</y>
 <angle>3.5244</angle>
 <uid>be6b7358-28b0-11e7-9f36-0cc47a6c4dbd</uid>
 <box height="320" left="116" width="324" top="99">
  <part name="512" x="201.45" y="223.2"/>
  <part name="768" x="323.09" y="214.16"/>
  <part name="1024" x="176.12" y="224.38"/>
  <part name="1280" x="347.68" y="212.91"/>
  <part name="1536" x="227.02" y="225.71"/>
  <part name="1792" x="297.14" y="218.38"/>
  <part name="2048" x="227.27" y="336.31"/>
  <part name="2304" x="313.71" y="330.79"/>
  <part name="2560" x="267.55" y="283.4"/>
  <part name="2816" x="270.49" y="331.87"/>
  <part name="3072" x="188.71" y="183.39"/>
  <part name="3328" x="223.13" y="187.43"/>
  <part name="3584" x="157.63" y="194.18"/>
  <part name="3840" x="324.9" y="171"/>
  <part name="4096" x="292.44" y="179.16"/>
  <part name="4352" x="350.85" y="176.34"/>
  <part name="4608" x="271.45" y="407.99"/>
  <part name="4864" x="109" y="307.46"/>
  <part name="5120" x="389.8" y="284.71"/>
  <part name="5376" x="232.06" y="286.96"/>
  <part name="5632" x="299.41" y="282.81"/>
  <part name="65536" x="124.57" y="307.82"/>
  <part name="131072" x="134.69" y="339.96"/>
  <part name="196608" x="151.28" y="368.02"/>
  <part name="262144" x="175.94" y="389.8"/>
  <part name="327680" x="206.43" y="404.91"/>
  <part name="393216" x="239.55" y="415.19"/>
  <part name="458752" x="274.85" y="416.64"/>
  <part name="524288" x="309.05" y="409.66"/>
  <part name="589824" x="338.89" y="394.11"/>
  <part name="655360" x="365.42" y="374.41"/>
  <part name="720896" x="385.43" y="349.29"/>
  <part name="786432" x="397.05" y="319.48"/>
  <part name="851968" x="402.35" y="287.01"/>
  <part name="917504" x="403.61" y="253.31"/>
  <part name="983040" x="402.89" y="218.5"/>
  <part name="1048576" x="397.57" y="194.62"/>
  <part name="1114112" x="392.25" y="170.73"/>
  <part name="1179648" x="377.8" y="154.24"/>
  <part name="1245184" x="363.35" y="137.75"/>
  <part name="1310720" x="328.87" y="136"/>
  <part name="1376256" x="292.78" y="136.51"/>
  <part name="1441792" x="254.91" y="138.13"/>
  <part name="1507328" x="214.2" y="141.69"/>
  <part name="1572864" x="174.69" y="146.43"/>
  <part name="1638400" x="137.06" y="153.37"/>
  <part name="1703936" x="124.97" y="171.57"/>
  <part name="1769472" x="112.89" y="189.78"/>
  <part name="1835008" x="113.32" y="213.98"/>
  <part name="1900544" x="113.75" y="238.19"/>
  <part name="1966080" x="118.31" y="273.73"/>
  <part name="2031616" x="351.77" y="214.33"/>
  <part name="2097152" x="337.77" y="222.49"/>
  <part name="2162688" x="328.71" y="224.07"/>
  <part name="2228224" x="317.82" y="224.94"/>
  <part name="2293760" x="301.13" y="221.98"/>
  <part name="2359296" x="315.06" y="208.7"/>
  <part name="2424832" x="326.23" y="204.97"/>
  <part name="2490368" x="335.49" y="206.06"/>
  <part name="2555904" x="180.26" y="224.53"/>
  <part name="2621440" x="194.68" y="215.83"/>
  <part name="2686976" x="204.56" y="212.38"/>
  <part name="2752512" x="218.89" y="215.52"/>
  <part name="2818048" x="231.54" y="225.96"/>
  <part name="2883584" x="218.04" y="230.15"/>
  <part name="2949120" x="203.95" y="231.07"/>
  <part name="3014656" x="194.76" y="230.39"/>
  <part name="3080192" x="294.61" y="180.41"/>
  <part name="3145728" x="305.23" y="167.78"/>
  <part name="3211264" x="327.01" y="162.63"/>
  <part name="3276800" x="346.32" y="166.2"/>
  <part name="3342336" x="357.51" y="180.21"/>
  <part name="3407872" x="342.93" y="177.52"/>
  <part name="3473408" x="327.58" y="175.96"/>
  <part name="3538944" x="311.09" y="179.62"/>
  <part name="3604480" x="235.59" y="190.28"/>
  <part name="3670016" x="223.28" y="177.73"/>
  <part name="3735552" x="199.18" y="174.07"/>
  <part name="3801088" x="177.83" y="179.65"/>
  <part name="3866624" x="165.77" y="196.4"/>
  <part name="3932160" x="182.44" y="191.54"/>
  <part name="3997696" x="199.45" y="188.4"/>
  <part name="4063232" x="217.85" y="191.02"/>
  <part name="4128768" x="230.47" y="339.19"/>
  <part name="4194304" x="260.15" y="319.43"/>
  <part name="4259840" x="273.19" y="321.36"/>
  <part name="4325376" x="285.71" y="317.22"/>
  <part name="4390912" x="319.05" y="332.35"/>
  <part name="4456448" x="292.26" y="352.96"/>
  <part name="4521984" x="276.13" y="356.44"/>
  <part name="4587520" x="259.58" y="355.79"/>
  <part name="4653056" x="247.33" y="222.8"/>
  <part name="4718592" x="243.42" y="260.16"/>
  <part name="4784128" x="231.19" y="280.37"/>
  <part name="4849664" x="238.37" y="295.69"/>
  <part name="4915200" x="254.72" y="295.32"/>
  <part name="4980736" x="274.22" y="302.13"/>
  <part name="5046272" x="291.88" y="292.76"/>
  <part name="5111808" x="306.53" y="290.52"/>
  <part name="5177344" x="305.38" y="274.71"/>
  <part name="5242880" x="290.3" y="256.58"/>
  <part name="5308416" x="280.55" y="220.26"/>
  <part name="5373952" x="326.88" y="212.83"/>
  <part name="5439488" x="207.07" y="222.11"/>
  <part name="5505024" x="274.4" y="274.37"/>
  <part name="5570560" x="196.23" y="333.37"/>
  <part name="5636096" x="338.97" y="323.84"/>
  <part name="5701632" x="263.35" y="214.41"/>
  <part name="5767168" x="264.77" y="235.97"/>
  <part name="5832704" x="266.24" y="257.19"/>
  <part name="5898240" x="244.26" y="327.44"/>
  <part name="5963776" x="244.42" y="349.57"/>
  <part name="6029312" x="305.89" y="344.27"/>
  <part name="6094848" x="302.41" y="322.43"/>
  <part name="6160384" x="239.27" y="338.57"/>
  <part name="6225920" x="263.68" y="337.77"/>
  <part name="6291456" x="275.44" y="338.02"/>
  <part name="6356992" x="287.03" y="336.19"/>
  <part name="6422528" x="311.87" y="333.59"/>
  <part name="6488064" x="286.44" y="329.34"/>
  <part name="6553600" x="274.97" y="330.98"/>
  <part name="6619136" x="263.36" y="330.93"/>
 </box>
</image>
