{"accessoryName":"48150000","imageInfo":{"imageName":"JackMa","originalSize":{"width":517,"height":472},"scaledSize":{"width":517,"height":472},"clientCropSize":{"width":297,"height":391},"gender":"male","skinColor":"e9ada7","hairColor":"16151f","eyeColor":"714645"},"meshShapesList":[{"type":1,"name":"HEAD_MESH","textureName":"JackMa_FaceCrop.png","headPointsList":[{"type":0,"point":{"x":0.49544156,"y":0.0012702259}},{"type":1,"point":{"x":0.36578357,"y":0.03324722}},{"type":2,"point":{"x":0.62174875,"y":0.031409085}},{"type":3,"point":{"x":0.22308224,"y":0.10626187}},{"type":4,"point":{"x":0.76181734,"y":0.09741139}},{"type":5,"point":{"x":0.1624718,"y":0.17163782}},{"type":6,"point":{"x":0.8332649,"y":0.17147444}},{"type":7,"point":{"x":0.13513897,"y":0.22943701}},{"type":8,"point":{"x":0.8607876,"y":0.24320135}},{"type":9,"point":{"x":0.12334184,"y":0.2947509}},{"type":10,"point":{"x":0.8641423,"y":0.3042744}},{"type":11,"point":{"x":0.12708041,"y":0.36757958}},{"type":12,"point":{"x":0.8526794,"y":0.37158567}},{"type":13,"point":{"x":0.13820373,"y":0.4203069}},{"type":14,"point":{"x":0.86628556,"y":0.4326854}},{"type":15,"point":{"x":0.13930348,"y":0.48219946}},{"type":16,"point":{"x":0.8798917,"y":0.49375957}},{"type":17,"point":{"x":0.14040323,"y":0.5441176}},{"type":18,"point":{"x":0.8817331,"y":0.5827877}},{"type":19,"point":{"x":0.15206562,"y":0.6350128}},{"type":20,"point":{"x":0.8785106,"y":0.668977}},{"type":21,"point":{"x":0.16807586,"y":0.7221995}},{"type":22,"point":{"x":0.8785106,"y":0.668977}},{"type":23,"point":{"x":0.19395822,"y":0.80439895}},{"type":24,"point":{"x":0.86495566,"y":0.7520205}},{"type":25,"point":{"x":0.19395822,"y":0.80439895}},{"type":26,"point":{"x":0.83523697,"y":0.8282609}},{"type":27,"point":{"x":0.23638788,"y":0.87616366}},{"type":28,"point":{"x":0.7840605,"y":0.89250636}},{"type":29,"point":{"x":0.37743646,"y":0.9705115}},{"type":30,"point":{"x":0.63989174,"y":0.9826598}},{"type":31,"point":{"x":0.55242366,"y":1.0005115}}],"texturePointList":[]},{"type":2,"name":"EYE_LEFT_MESH","clientCropRect":{"x":74,"y":186,"w":51,"h":19},"headPointsList":[{"type":32,"point":{"x":0.31132388,"y":0.49075446}},{"type":33,"point":{"x":0.440838,"y":0.49441177}},{"type":34,"point":{"x":0.37265384,"y":0.459156}},{"type":35,"point":{"x":0.37109375,"y":0.50800514}},{"type":36,"point":{"x":0.37907326,"y":0.50299233}}],"texturePointList":[{"point":{"x":0.36523438,"y":0.5302439},"type":0},{"point":{"x":0.5913086,"y":0.3209756},"type":2},{"point":{"x":0.8173828,"y":0.5302439},"type":1},{"point":{"x":0.5913086,"y":0.7395122},"type":3}]},{"type":3,"name":"EYE_RIGHT_MESH","clientCropRect":{"x":194,"y":179,"w":51,"h":20},"headPointsList":[{"type":37,"point":{"x":0.74915004,"y":0.48309463}},{"type":38,"point":{"x":0.61963594,"y":0.5026598}},{"type":41,"point":{"x":0.6854927,"y":0.4792583}},{"type":39,"point":{"x":0.6838303,"y":0.459156}},{"type":40,"point":{"x":0.69017303,"y":0.50800514}}],"texturePointList":[{"point":{"x":0.18164062,"y":0.5302439},"type":5},{"point":{"x":0.40771484,"y":0.3209756},"type":6},{"point":{"x":0.63378906,"y":0.5302439},"type":4},{"point":{"x":0.40771484,"y":0.7395122},"type":7}]},{"type":4,"name":"EYEBROW_LEFT_MESH","clientCropRect":{"x":59,"y":148,"w":70,"h":22},"headPointsList":[{"type":42,"point":{"x":0.2734467,"y":0.43723786}},{"type":43,"point":{"x":0.45201448,"y":0.42158568}},{"type":44,"point":{"x":0.35889423,"y":0.38012788}},{"type":45,"point":{"x":0.3595848,"y":0.41677752}}],"texturePointList":[{"point":{"x":0.37402344,"y":0.61083984},"type":8},{"point":{"x":0.6113281,"y":0.55371094},"type":10},{"point":{"x":0.8486328,"y":0.61083984},"type":9},{"point":{"x":0.6113281,"y":0.66796875},"type":11}]},{"type":5,"name":"EYEBROW_RIGHT_MESH","clientCropRect":{"x":184,"y":137,"w":70,"h":29},"headPointsList":[{"type":46,"point":{"x":0.7726794,"y":0.4263683}},{"type":47,"point":{"x":0.5941117,"y":0.4268798}},{"type":48,"point":{"x":0.68582517,"y":0.38012788}},{"type":49,"point":{"x":0.68728304,"y":0.41677752}}],"texturePointList":[{"point":{"x":0.15039062,"y":0.61083984},"type":13},{"point":{"x":0.3876953,"y":0.55371094},"type":14},{"point":{"x":0.625,"y":0.61083984},"type":12},{"point":{"x":0.3876953,"y":0.66796875},"type":15}]},{"type":6,"name":"MOUTH_MESH","clientCropRect":{"x":124,"y":291,"w":88,"h":40},"headPointsList":[{"type":50,"point":{"x":0.43891984,"y":0.8024297}},{"type":51,"point":{"x":0.66546714,"y":0.7849361}},{"type":52,"point":{"x":0.5481781,"y":0.7462404}},{"type":53,"point":{"x":0.5556973,"y":0.8465473}}],"texturePointList":[{"point":{"x":0.31835938,"y":0.45410156},"type":16},{"point":{"x":0.50146484,"y":0.3798828},"type":18},{"point":{"x":0.6845703,"y":0.45410156},"type":17},{"point":{"x":0.50146484,"y":0.5283203},"type":19}]},{"type":7,"name":"NOSE_MESH","textureName":"JackMa_NoseCrop.png","headPointsList":[],"texturePointList":[]},{"type":8,"name":"EAR_MESH","headPointsList":[],"texturePointList":[]}]}