<image file="Leo.jpg">
 <width>485.64</width>
 <height>485.64</height>
 <x>467.83</x>
 <y>431.67</y>
 <angle>1.9423</angle>
 <uid>e2aa46ff-6b07-11e7-9c43-0cc47a6c4dbd</uid>
 <box height="484" width="442" left="266" top="245">
  <part name="512" x="353.61" y="408.93"/>
  <part name="768" x="547.76" y="399.4"/>
  <part name="1024" x="314.01" y="408.22"/>
  <part name="1280" x="586.94" y="397.79"/>
  <part name="1536" x="395.42" y="410.61"/>
  <part name="1792" x="503.24" y="404.59"/>
  <part name="2048" x="388.3" y="596.6"/>
  <part name="2304" x="528.75" y="595.99"/>
  <part name="2560" x="451.4" y="524.76"/>
  <part name="2816" x="457.78" y="593.36"/>
  <part name="3072" x="334.49" y="361.59"/>
  <part name="3328" x="389.99" y="374.21"/>
  <part name="3584" x="290.52" y="370.52"/>
  <part name="3840" x="554.65" y="350.45"/>
  <part name="4096" x="499.75" y="368.46"/>
  <part name="4352" x="613.79" y="354.2"/>
  <part name="4608" x="461.22" y="718.14"/>
  <part name="4864" x="270.05" y="506.17"/>
  <part name="5120" x="658.19" y="492.48"/>
  <part name="5376" x="406.07" y="523.29"/>
  <part name="5632" x="501.51" y="521.7"/>
  <part name="65536" x="274.07" y="521.91"/>
  <part name="131072" x="287.28" y="571.58"/>
  <part name="196608" x="307.91" y="617.89"/>
  <part name="262144" x="338.1" y="659"/>
  <part name="327680" x="374.47" y="694.1"/>
  <part name="393216" x="415.94" y="722.52"/>
  <part name="458752" x="464.93" y="730.29"/>
  <part name="524288" x="515.4" y="720.35"/>
  <part name="589824" x="559.93" y="690.81"/>
  <part name="655360" x="598.94" y="654.1"/>
  <part name="720896" x="630.26" y="610.91"/>
  <part name="786432" x="649.96" y="561.99"/>
  <part name="851968" x="659.88" y="509.23"/>
  <part name="917504" x="665.18" y="456.7"/>
  <part name="983040" x="667.05" y="402.19"/>
  <part name="1048576" x="663.84" y="369.24"/>
  <part name="1114112" x="660.62" y="336.3"/>
  <part name="1179648" x="640.17" y="313.41"/>
  <part name="1245184" x="619.73" y="290.52"/>
  <part name="1310720" x="564.35" y="286.77"/>
  <part name="1376256" x="507.34" y="286"/>
  <part name="1441792" x="448.02" y="286.74"/>
  <part name="1507328" x="391.73" y="289.88"/>
  <part name="1572864" x="338.65" y="294.05"/>
  <part name="1638400" x="287.28" y="300.91"/>
  <part name="1703936" x="271.14" y="325.92"/>
  <part name="1769472" x="255" y="350.92"/>
  <part name="1835008" x="257.29" y="385.67"/>
  <part name="1900544" x="259.57" y="420.42"/>
  <part name="1966080" x="264.85" y="472.22"/>
  <part name="2031616" x="591.83" y="398.91"/>
  <part name="2097152" x="569.92" y="408.3"/>
  <part name="2162688" x="553.47" y="413.63"/>
  <part name="2228224" x="534.41" y="411.45"/>
  <part name="2293760" x="510.05" y="409.06"/>
  <part name="2359296" x="531.21" y="391.39"/>
  <part name="2424832" x="549.85" y="385.28"/>
  <part name="2490368" x="567.91" y="388.29"/>
  <part name="2555904" x="326.04" y="408.69"/>
  <part name="2621440" x="349.23" y="395.95"/>
  <part name="2686976" x="366.96" y="394.57"/>
  <part name="2752512" x="385.05" y="398.07"/>
  <part name="2818048" x="406.12" y="415.49"/>
  <part name="2883584" x="382.17" y="418.54"/>
  <part name="2949120" x="364.88" y="422.18"/>
  <part name="3014656" x="347.54" y="416.18"/>
  <part name="3080192" x="503.98" y="378.19"/>
  <part name="3145728" x="521.07" y="352.32"/>
  <part name="3211264" x="560.32" y="337.06"/>
  <part name="3276800" x="597.44" y="338.37"/>
  <part name="3342336" x="622.57" y="361.43"/>
  <part name="3407872" x="593.89" y="360.36"/>
  <part name="3473408" x="564.4" y="361.86"/>
  <part name="3538944" x="534.35" y="373.26"/>
  <part name="3604480" x="397.21" y="380.27"/>
  <part name="3670016" x="380.1" y="358.49"/>
  <part name="3735552" x="343.56" y="348.51"/>
  <part name="3801088" x="310.63" y="353.5"/>
  <part name="3866624" x="290.84" y="376.81"/>
  <part name="3932160" x="316.04" y="372.82"/>
  <part name="3997696" x="342.2" y="371.14"/>
  <part name="4063232" x="369.84" y="378.43"/>
  <part name="4128768" x="391.55" y="599.72"/>
  <part name="4194304" x="439.57" y="582.25"/>
  <part name="4259840" x="460.12" y="586.89"/>
  <part name="4325376" x="480.84" y="581.68"/>
  <part name="4390912" x="535.22" y="597.94"/>
  <part name="4456448" x="488.36" y="626.43"/>
  <part name="4521984" x="461.32" y="630.32"/>
  <part name="4587520" x="434.45" y="627.06"/>
  <part name="4653056" x="428.42" y="419.63"/>
  <part name="4718592" x="420.94" y="475.82"/>
  <part name="4784128" x="401.59" y="505.27"/>
  <part name="4849664" x="409.89" y="531.61"/>
  <part name="4915200" x="430.44" y="531.35"/>
  <part name="4980736" x="456.69" y="544.72"/>
  <part name="5046272" x="483.76" y="531.68"/>
  <part name="5111808" x="505.54" y="532.6"/>
  <part name="5177344" x="509.71" y="500.33"/>
  <part name="5242880" x="487.78" y="472.68"/>
  <part name="5308416" x="474.61" y="417.4"/>
  <part name="5373952" x="545.34" y="395.98"/>
  <part name="5439488" x="365.57" y="406.62"/>
  <part name="5505024" x="455.02" y="512.5"/>
  <part name="5570560" x="349.39" y="571.95"/>
  <part name="5636096" x="564.76" y="564.65"/>
  <part name="5701632" x="450.19" y="409.91"/>
  <part name="5767168" x="452.16" y="446.12"/>
  <part name="5832704" x="454.19" y="481.95"/>
  <part name="5898240" x="415.01" y="589.74"/>
  <part name="5963776" x="412.62" y="615.76"/>
  <part name="6029312" x="511.12" y="614.66"/>
  <part name="6094848" x="507.12" y="588.53"/>
  <part name="6160384" x="404.4" y="601.01"/>
  <part name="6225920" x="445.5" y="603.09"/>
  <part name="6291456" x="464.41" y="604.91"/>
  <part name="6356992" x="483.19" y="602.68"/>
  <part name="6422528" x="524.42" y="599.58"/>
  <part name="6488064" x="482.97" y="599.95"/>
  <part name="6553600" x="464.32" y="602.23"/>
  <part name="6619136" x="445.55" y="600.41"/>
 </box>
</image>
