<BetafaceImageInfoResponse xmlns:i="http://www.w3.org/2001/XMLSchema-instance"><int_response>0</int_response><string_response>ok</string_response><checksum>f6b3c9c5621105ae4989aeff0ccf1ced60b8e1f203243eba88032b999337dcd5</checksum><faces><FaceInfo><angle>1.9423</angle><height>485.64</height><image_uid>7e2f855a-e0aa-4790-a4f2-09e11558157c</image_uid><person_name/><points><PointInfo><name>basic eye left</name><type>512</type><x>354.24</x><y>409.18</y></PointInfo><PointInfo><name>basic eye right</name><type>768</type><x>548.39</x><y>399.65</y></PointInfo><PointInfo><name>basic eye left outer</name><type>1024</type><x>314.64</x><y>408.47</y></PointInfo><PointInfo><name>basic eye right outer</name><type>1280</type><x>587.57</x><y>398.04</y></PointInfo><PointInfo><name>basic eye left inner</name><type>1536</type><x>396.05</x><y>410.86</y></PointInfo><PointInfo><name>basic eye right inner</name><type>1792</type><x>503.87</x><y>404.84</y></PointInfo><PointInfo><name>basic mouth left</name><type>2048</type><x>388.93</x><y>596.85</y></PointInfo><PointInfo><name>basic mouth right</name><type>2304</type><x>529.38</x><y>596.24</y></PointInfo><PointInfo><name>basic nose tip</name><type>2560</type><x>452.03</x><y>525.01</y></PointInfo><PointInfo><name>basic mouth center</name><type>2816</type><x>458.41</x><y>593.61</y></PointInfo><PointInfo><name>basic eyebrow left</name><type>3072</type><x>335.12</x><y>361.84</y></PointInfo><PointInfo><name>basic eyebrow left inner corner</name><type>3328</type><x>390.62</x><y>374.46</y></PointInfo><PointInfo><name>basic eyebrow left outer corner</name><type>3584</type><x>291.15</x><y>370.77</y></PointInfo><PointInfo><name>basic eyebrow right</name><type>3840</type><x>555.28</x><y>350.7</y></PointInfo><PointInfo><name>basic eyebrow right inner corner</name><type>4096</type><x>500.38</x><y>368.71</y></PointInfo><PointInfo><name>basic eyebrow right outer corner</name><type>4352</type><x>614.42</x><y>354.45</y></PointInfo><PointInfo><name>basic chin bottom</name><type>4608</type><x>461.85</x><y>718.39</y></PointInfo><PointInfo><name>basic chin left</name><type>4864</type><x>270.68</x><y>506.42</y></PointInfo><PointInfo><name>basic chin right</name><type>5120</type><x>658.82</x><y>492.73</y></PointInfo><PointInfo><name>basic nose left</name><type>5376</type><x>406.7</x><y>523.54</y></PointInfo><PointInfo><name>basic nose right</name><type>5632</type><x>502.14</x><y>521.95</y></PointInfo><PointInfo><name>chin ear left</name><type>65536</type><x>274.7</x><y>522.16</y></PointInfo><PointInfo><name>chin left 1</name><type>131072</type><x>287.91</x><y>571.83</y></PointInfo><PointInfo><name>chin left 2</name><type>196608</type><x>308.54</x><y>618.14</y></PointInfo><PointInfo><name>chin left 3</name><type>262144</type><x>338.73</x><y>659.25</y></PointInfo><PointInfo><name>chin left 4</name><type>327680</type><x>375.1</x><y>694.35</y></PointInfo><PointInfo><name>chin left 5</name><type>393216</type><x>416.57</x><y>722.77</y></PointInfo><PointInfo><name>chin bottom</name><type>458752</type><x>465.56</x><y>730.54</y></PointInfo><PointInfo><name>chin right 5</name><type>524288</type><x>516.03</x><y>720.6</y></PointInfo><PointInfo><name>chin right 4</name><type>589824</type><x>560.56</x><y>691.06</y></PointInfo><PointInfo><name>chin right 3</name><type>655360</type><x>599.57</x><y>654.35</y></PointInfo><PointInfo><name>chin right 2</name><type>720896</type><x>630.89</x><y>611.16</y></PointInfo><PointInfo><name>chin right 1</name><type>786432</type><x>650.59</x><y>562.24</y></PointInfo><PointInfo><name>chin ear right</name><type>851968</type><x>660.51</x><y>509.48</y></PointInfo><PointInfo><name>temple right 4</name><type>917504</type><x>665.81</x><y>456.95</y></PointInfo><PointInfo><name>temple right 3</name><type>983040</type><x>667.68</x><y>402.44</y></PointInfo><PointInfo><name>temple right 2</name><type>1048576</type><x>664.47</x><y>369.49</y></PointInfo><PointInfo><name>temple right 1</name><type>1114112</type><x>661.25</x><y>336.55</y></PointInfo><PointInfo><name>temple right</name><type>1179648</type><x>640.8</x><y>313.66</y></PointInfo><PointInfo><name>forehead right</name><type>1245184</type><x>620.36</x><y>290.77</y></PointInfo><PointInfo><name>forehead 4</name><type>1310720</type><x>564.98</x><y>287.02</y></PointInfo><PointInfo><name>forehead 3</name><type>1376256</type><x>507.97</x><y>286.25</y></PointInfo><PointInfo><name>forehead middle</name><type>1441792</type><x>448.65</x><y>286.99</y></PointInfo><PointInfo><name>forehead 2</name><type>1507328</type><x>392.36</x><y>290.13</y></PointInfo><PointInfo><name>forehead 1</name><type>1572864</type><x>339.28</x><y>294.3</y></PointInfo><PointInfo><name>forehead left</name><type>1638400</type><x>287.91</x><y>301.16</y></PointInfo><PointInfo><name>temple left</name><type>1703936</type><x>271.77</x><y>326.17</y></PointInfo><PointInfo><name>temple left 1</name><type>1769472</type><x>255.63</x><y>351.17</y></PointInfo><PointInfo><name>temple left 2</name><type>1835008</type><x>257.92</x><y>385.92</y></PointInfo><PointInfo><name>temple left 3</name><type>1900544</type><x>260.2</x><y>420.67</y></PointInfo><PointInfo><name>temple left 4</name><type>1966080</type><x>265.48</x><y>472.47</y></PointInfo><PointInfo><name>eye right outer</name><type>2031616</type><x>592.46</x><y>399.16</y></PointInfo><PointInfo><name>eye right bottom outer</name><type>2097152</type><x>570.55</x><y>408.55</y></PointInfo><PointInfo><name>eye right bottom</name><type>2162688</type><x>554.1</x><y>413.88</y></PointInfo><PointInfo><name>eye right bottom inner</name><type>2228224</type><x>535.04</x><y>411.7</y></PointInfo><PointInfo><name>eye right inner</name><type>2293760</type><x>510.68</x><y>409.31</y></PointInfo><PointInfo><name>eye right top inner</name><type>2359296</type><x>531.84</x><y>391.64</y></PointInfo><PointInfo><name>eye right top</name><type>2424832</type><x>550.48</x><y>385.53</y></PointInfo><PointInfo><name>eye right top outer</name><type>2490368</type><x>568.54</x><y>388.54</y></PointInfo><PointInfo><name>eye left outer</name><type>2555904</type><x>326.67</x><y>408.94</y></PointInfo><PointInfo><name>eye left top outer</name><type>2621440</type><x>349.86</x><y>396.2</y></PointInfo><PointInfo><name>eye left top</name><type>2686976</type><x>367.59</x><y>394.82</y></PointInfo><PointInfo><name>eye left top inner</name><type>2752512</type><x>385.68</x><y>398.32</y></PointInfo><PointInfo><name>eye left inner</name><type>2818048</type><x>406.75</x><y>415.74</y></PointInfo><PointInfo><name>eye left bottom inner</name><type>2883584</type><x>382.8</x><y>418.79</y></PointInfo><PointInfo><name>eye left bottom</name><type>2949120</type><x>365.51</x><y>422.43</y></PointInfo><PointInfo><name>eye left bottom outer</name><type>3014656</type><x>348.17</x><y>416.43</y></PointInfo><PointInfo><name>eyebrow right inner</name><type>3080192</type><x>504.61</x><y>378.44</y></PointInfo><PointInfo><name>eyebrow right top inner</name><type>3145728</type><x>521.7</x><y>352.57</y></PointInfo><PointInfo><name>eyebrow right top</name><type>3211264</type><x>560.95</x><y>337.31</y></PointInfo><PointInfo><name>eyebrow right top outer</name><type>3276800</type><x>598.07</x><y>338.62</y></PointInfo><PointInfo><name>eyebrow right outer</name><type>3342336</type><x>623.2</x><y>361.68</y></PointInfo><PointInfo><name>eyebrow right bottom outer</name><type>3407872</type><x>594.52</x><y>360.61</y></PointInfo><PointInfo><name>eyebrow right botom</name><type>3473408</type><x>565.03</x><y>362.11</y></PointInfo><PointInfo><name>eyebrow rigth bottom inner</name><type>3538944</type><x>534.98</x><y>373.51</y></PointInfo><PointInfo><name>eyebrow left inner</name><type>3604480</type><x>397.84</x><y>380.52</y></PointInfo><PointInfo><name>eyebrow left top inner</name><type>3670016</type><x>380.73</x><y>358.74</y></PointInfo><PointInfo><name>eyebrow left top</name><type>3735552</type><x>344.19</x><y>348.76</y></PointInfo><PointInfo><name>eyebrow left top outer</name><type>3801088</type><x>311.26</x><y>353.75</y></PointInfo><PointInfo><name>eyebrow left outer</name><type>3866624</type><x>291.47</x><y>377.06</y></PointInfo><PointInfo><name>eyebrow left bottom outer</name><type>3932160</type><x>316.67</x><y>373.07</y></PointInfo><PointInfo><name>eyebrow left bottom</name><type>3997696</type><x>342.83</x><y>371.39</y></PointInfo><PointInfo><name>eyebrow left bottom inner</name><type>4063232</type><x>370.47</x><y>378.68</y></PointInfo><PointInfo><name>mouth left</name><type>4128768</type><x>392.18</x><y>599.97</y></PointInfo><PointInfo><name>mouth left top</name><type>4194304</type><x>440.2</x><y>582.5</y></PointInfo><PointInfo><name>mouth top</name><type>4259840</type><x>460.75</x><y>587.14</y></PointInfo><PointInfo><name>mouth right top</name><type>4325376</type><x>481.47</x><y>581.93</y></PointInfo><PointInfo><name>mouth right</name><type>4390912</type><x>535.85</x><y>598.19</y></PointInfo><PointInfo><name>mouth right bottom</name><type>4456448</type><x>488.99</x><y>626.68</y></PointInfo><PointInfo><name>mouth bottom</name><type>4521984</type><x>461.95</x><y>630.57</y></PointInfo><PointInfo><name>mouth left bottom</name><type>4587520</type><x>435.08</x><y>627.31</y></PointInfo><PointInfo><name>nose left top</name><type>4653056</type><x>429.05</x><y>419.88</y></PointInfo><PointInfo><name>nose left top inner</name><type>4718592</type><x>421.57</x><y>476.07</y></PointInfo><PointInfo><name>nose left top outer</name><type>4784128</type><x>402.22</x><y>505.52</y></PointInfo><PointInfo><name>nose left bottom outer</name><type>4849664</type><x>410.52</x><y>531.86</y></PointInfo><PointInfo><name>nose left bottom inner</name><type>4915200</type><x>431.07</x><y>531.6</y></PointInfo><PointInfo><name>nose bottom</name><type>4980736</type><x>457.32</x><y>544.97</y></PointInfo><PointInfo><name>nose right bottom inner</name><type>5046272</type><x>484.39</x><y>531.93</y></PointInfo><PointInfo><name>nose right bottom outer</name><type>5111808</type><x>506.17</x><y>532.85</y></PointInfo><PointInfo><name>nose right top outer</name><type>5177344</type><x>510.34</x><y>500.58</y></PointInfo><PointInfo><name>nose right top inner</name><type>5242880</type><x>488.41</x><y>472.93</y></PointInfo><PointInfo><name>nose right top</name><type>5308416</type><x>475.24</x><y>417.65</y></PointInfo><PointInfo><name>eye right iris</name><type>5373952</type><x>545.97</x><y>396.23</y></PointInfo><PointInfo><name>eye left iris</name><type>5439488</type><x>366.2</x><y>406.87</y></PointInfo><PointInfo><name>nose tip</name><type>5505024</type><x>455.65</x><y>512.75</y></PointInfo><PointInfo><name>cheekbone left</name><type>5570560</type><x>350.02</x><y>572.2</y></PointInfo><PointInfo><name>cheekbone right</name><type>5636096</type><x>565.39</x><y>564.9</y></PointInfo><PointInfo><name>nose bridge top</name><type>5701632</type><x>450.82</x><y>410.16</y></PointInfo><PointInfo><name>nose bridge middle</name><type>5767168</type><x>452.79</x><y>446.37</y></PointInfo><PointInfo><name>nose bridge bottom</name><type>5832704</type><x>454.82</x><y>482.2</y></PointInfo><PointInfo><name>mouth left top point 1</name><type>5898240</type><x>415.64</x><y>589.99</y></PointInfo><PointInfo><name>mouth left bottom point 1</name><type>5963776</type><x>413.25</x><y>616.01</y></PointInfo><PointInfo><name>mouth right bottom point 1</name><type>6029312</type><x>511.75</x><y>614.91</y></PointInfo><PointInfo><name>mouth right top point 1</name><type>6094848</type><x>507.75</x><y>588.78</y></PointInfo><PointInfo><name>mouth inner left</name><type>6160384</type><x>405.03</x><y>601.26</y></PointInfo><PointInfo><name>mouth inner left bottom</name><type>6225920</type><x>446.13</x><y>603.34</y></PointInfo><PointInfo><name>mouth inner bottom</name><type>6291456</type><x>465.04</x><y>605.16</y></PointInfo><PointInfo><name>mouth inner right bottom</name><type>6356992</type><x>483.82</x><y>602.93</y></PointInfo><PointInfo><name>mouth inner right</name><type>6422528</type><x>525.05</x><y>599.83</y></PointInfo><PointInfo><name>mouth inner right top</name><type>6488064</type><x>483.6</x><y>600.2</y></PointInfo><PointInfo><name>mouth inner top</name><type>6553600</type><x>464.95</x><y>602.48</y></PointInfo><PointInfo><name>mouth inner left top</name><type>6619136</type><x>446.18</x><y>600.66</y></PointInfo></points><score>1</score><tags><TagInfo><confidence>0.6</confidence><name>age</name><value>25</value></TagInfo><TagInfo><confidence>1</confidence><name>beard</name><value>no</value></TagInfo><TagInfo><confidence>1</confidence><name>expression</name><value>neutral</value></TagInfo><TagInfo><confidence>1</confidence><name>gender</name><value>male</value></TagInfo><TagInfo><confidence>1</confidence><name>glasses</name><value>no</value></TagInfo><TagInfo><confidence>1</confidence><name>mustache</name><value>no</value></TagInfo><TagInfo><confidence>1</confidence><name>race</name><value>white</value></TagInfo><TagInfo><confidence>1</confidence><name>chin size</name><value>extra small</value></TagInfo><TagInfo><confidence>0.03</confidence><name>color background</name><value>030308</value></TagInfo><TagInfo><confidence>0.06</confidence><name>color clothes middle</name><value>0a0811</value></TagInfo><TagInfo><confidence>0.03</confidence><name>color clothes sides</name><value>06060c</value></TagInfo><TagInfo><confidence>0.2</confidence><name>color eyes</name><value>585f4d</value></TagInfo><TagInfo><confidence>0.35</confidence><name>color hair</name><value>42201c</value></TagInfo><TagInfo><confidence>1</confidence><name>color skin</name><value>ce8771</value></TagInfo><TagInfo><confidence>1</confidence><name>eyebrows corners</name><value>average</value></TagInfo><TagInfo><confidence>1</confidence><name>eyebrows position</name><value>average</value></TagInfo><TagInfo><confidence>1</confidence><name>eyebrows size</name><value>extra thin</value></TagInfo><TagInfo><confidence>1</confidence><name>eyes corners</name><value>average</value></TagInfo><TagInfo><confidence>1</confidence><name>eyes distance</name><value>average</value></TagInfo><TagInfo><confidence>1</confidence><name>eyes position</name><value>low</value></TagInfo><TagInfo><confidence>1</confidence><name>eyes shape</name><value>average</value></TagInfo><TagInfo><confidence>1</confidence><name>glasses rim</name><value>no</value></TagInfo><TagInfo><confidence>1</confidence><name>hair beard</name><value>none</value></TagInfo><TagInfo><confidence>0.35</confidence><name>hair color type</name><value>brown</value></TagInfo><TagInfo><confidence>1</confidence><name>hair forehead</name><value>no</value></TagInfo><TagInfo><confidence>1</confidence><name>hair length</name><value>none</value></TagInfo><TagInfo><confidence>1</confidence><name>hair mustache</name><value>none</value></TagInfo><TagInfo><confidence>1</confidence><name>hair sides</name><value>very thin</value></TagInfo><TagInfo><confidence>1</confidence><name>hair top</name><value>average</value></TagInfo><TagInfo><confidence>1</confidence><name>head shape</name><value>heart</value></TagInfo><TagInfo><confidence>1</confidence><name>head width</name><value>average</value></TagInfo><TagInfo><confidence>1</confidence><name>mouth corners</name><value>average</value></TagInfo><TagInfo><confidence>1</confidence><name>mouth height</name><value>thin</value></TagInfo><TagInfo><confidence>1</confidence><name>mouth width</name><value>extra small</value></TagInfo><TagInfo><confidence>1</confidence><name>nose shape</name><value>extra straight</value></TagInfo><TagInfo><confidence>1</confidence><name>nose width</name><value>extra wide</value></TagInfo><TagInfo><confidence>1</confidence><name>teeth visible</name><value>no</value></TagInfo></tags><uid>e2aa46ff-6b07-11e7-9c43-0cc47a6c4dbd</uid><user_points i:nil="true"/><width>485.64</width><x>467.83</x><y>431.67</y></FaceInfo></faces><original_filename>temp.jpg</original_filename><uid>7e2f855a-e0aa-4790-a4f2-09e11558157c</uid></BetafaceImageInfoResponse>