{"accessoryName":"48150000","imageInfo":{"imageName":"Leo","originalSize":{"width":900,"height":902},"scaledSize":{"width":900,"height":902},"clientCropSize":{"width":427,"height":653},"gender":"male","skinColor":"fabb9f","hairColor":"42201c","eyeColor":"585f4d"},"meshShapesList":[{"type":1,"name":"HEAD_MESH","textureName":"Leo_FaceCrop.png","headPointsList":[{"type":0,"point":{"x":0.500267,"y":2.765743E-4}},{"type":1,"point":{"x":0.38374096,"y":0.030162713}},{"type":2,"point":{"x":0.6152533,"y":0.029318012}},{"type":3,"point":{"x":0.25668976,"y":0.101597294}},{"type":4,"point":{"x":0.74109477,"y":0.097530186}},{"type":5,"point":{"x":0.20381415,"y":0.1669573}},{"type":6,"point":{"x":0.79389703,"y":0.15943827}},{"type":7,"point":{"x":0.18086563,"y":0.22528923}},{"type":8,"point":{"x":0.8218258,"y":0.23449308}},{"type":9,"point":{"x":0.1722385,"y":0.29160276}},{"type":10,"point":{"x":0.82644904,"y":0.2994117}},{"type":11,"point":{"x":0.1779327,"y":0.36589792}},{"type":12,"point":{"x":0.8170809,"y":0.37172532}},{"type":13,"point":{"x":0.18968512,"y":0.4198622}},{"type":14,"point":{"x":0.81578004,"y":0.4479173}},{"type":15,"point":{"x":0.1966836,"y":0.52629405}},{"type":16,"point":{"x":0.8206958,"y":0.49837676}},{"type":17,"point":{"x":0.20476934,"y":0.60562027}},{"type":18,"point":{"x":0.8178321,"y":0.58185303}},{"type":19,"point":{"x":0.20476934,"y":0.60562027}},{"type":20,"point":{"x":0.80971575,"y":0.6622971}},{"type":21,"point":{"x":0.2188888,"y":0.68171513}},{"type":22,"point":{"x":0.80971575,"y":0.6622971}},{"type":23,"point":{"x":0.2391185,"y":0.75777954}},{"type":24,"point":{"x":0.7945244,"y":0.74309343}},{"type":25,"point":{"x":0.27071115,"y":0.82869834}},{"type":26,"point":{"x":0.7643559,"y":0.8180092}},{"type":27,"point":{"x":0.31694394,"y":0.89165395}},{"type":28,"point":{"x":0.71639264,"y":0.8841501}},{"type":29,"point":{"x":0.4361476,"y":0.9889281}},{"type":30,"point":{"x":0.5884601,"y":0.9856049}},{"type":31,"point":{"x":0.51117057,"y":1.000827}}],"texturePointList":[]},{"type":2,"name":"EYE_LEFT_MESH","clientCropRect":{"x":81,"y":317,"w":82,"h":28},"headPointsList":[{"type":32,"point":{"x":0.29717362,"y":0.4946708}},{"type":33,"point":{"x":0.42241105,"y":0.5050843}},{"type":34,"point":{"x":0.36113995,"y":0.47248092}},{"type":35,"point":{"x":0.35795465,"y":0.5158959}},{"type":36,"point":{"x":0.35901132,"y":0.5051608}}],"texturePointList":[{"point":{"x":0.36523438,"y":0.5302439},"type":0},{"point":{"x":0.5913086,"y":0.3209756},"type":2},{"point":{"x":0.8173828,"y":0.5302439},"type":1},{"point":{"x":0.5913086,"y":0.7395122},"type":3}]},{"type":3,"name":"EYE_RIGHT_MESH","clientCropRect":{"x":266,"y":308,"w":82,"h":28},"headPointsList":[{"type":37,"point":{"x":0.7055045,"y":0.49335378}},{"type":38,"point":{"x":0.5802671,"y":0.5088974}},{"type":41,"point":{"x":0.6343099,"y":0.4888668}},{"type":39,"point":{"x":0.6412165,"y":0.47248086}},{"type":40,"point":{"x":0.6467601,"y":0.5158959}}],"texturePointList":[{"point":{"x":0.18164062,"y":0.5302439},"type":5},{"point":{"x":0.40771484,"y":0.3209756},"type":6},{"point":{"x":0.63378906,"y":0.5302439},"type":4},{"point":{"x":0.40771484,"y":0.7395122},"type":7}]},{"type":4,"name":"EYEBROW_LEFT_MESH","clientCropRect":{"x":41,"y":271,"w":118,"h":30},"headPointsList":[{"type":42,"point":{"x":0.23521341,"y":0.44363704}},{"type":43,"point":{"x":0.41682142,"y":0.44893566}},{"type":44,"point":{"x":0.32530534,"y":0.39863706}},{"type":45,"point":{"x":0.3232226,"y":0.43661562}}],"texturePointList":[{"point":{"x":0.37402344,"y":0.61083984},"type":8},{"point":{"x":0.6113281,"y":0.55371094},"type":10},{"point":{"x":0.8486328,"y":0.61083984},"type":9},{"point":{"x":0.6113281,"y":0.66796875},"type":11}]},{"type":5,"name":"EYEBROW_RIGHT_MESH","clientCropRect":{"x":260,"y":260,"w":119,"h":41},"headPointsList":[{"type":46,"point":{"x":0.75257945,"y":0.43595713}},{"type":47,"point":{"x":0.5709715,"y":0.46162328}},{"type":48,"point":{"x":0.6572502,"y":0.39863706}},{"type":49,"point":{"x":0.66349834,"y":0.43661562}}],"texturePointList":[{"point":{"x":0.15039062,"y":0.61083984},"type":13},{"point":{"x":0.3876953,"y":0.55371094},"type":14},{"point":{"x":0.625,"y":0.61083984},"type":12},{"point":{"x":0.3876953,"y":0.66796875},"type":15}]},{"type":6,"name":"MOUTH_MESH","clientCropRect":{"x":148,"y":504,"w":143,"h":49},"headPointsList":[{"type":50,"point":{"x":0.39879692,"y":0.80087286}},{"type":51,"point":{"x":0.6188122,"y":0.798147}},{"type":52,"point":{"x":0.50380456,"y":0.7732466}},{"type":53,"point":{"x":0.5056423,"y":0.84773356}}],"texturePointList":[{"point":{"x":0.31835938,"y":0.45410156},"type":16},{"point":{"x":0.50146484,"y":0.3798828},"type":18},{"point":{"x":0.6845703,"y":0.45410156},"type":17},{"point":{"x":0.50146484,"y":0.5283203},"type":19}]},{"type":7,"name":"NOSE_MESH","textureName":"Leo_NoseCrop.png","headPointsList":[],"texturePointList":[]},{"type":8,"name":"EAR_MESH","headPointsList":[],"texturePointList":[]}]}