<BetafaceImageInfoResponse xmlns:i="http://www.w3.org/2001/XMLSchema-instance"><int_response>0</int_response><string_response>ok</string_response><checksum>7481b918cae5ce7015a75290cbd7ce33d5c8b963c0567474f4e747e0811d472b</checksum><faces><FaceInfo><angle>0.3947</angle><height>278.98</height><image_uid>488d8b0e-8c97-440e-aa9a-5ff93c9c3544</image_uid><person_name/><points><PointInfo><name>basic eye left</name><type>512</type><x>243.32</x><y>208.2</y></PointInfo><PointInfo><name>basic eye right</name><type>768</type><x>359.82</x><y>207.96</y></PointInfo><PointInfo><name>basic eye left outer</name><type>1024</type><x>218.01</x><y>208.04</y></PointInfo><PointInfo><name>basic eye right outer</name><type>1280</type><x>383.23</x><y>207.95</y></PointInfo><PointInfo><name>basic eye left inner</name><type>1536</type><x>268.6</x><y>209.96</y></PointInfo><PointInfo><name>basic eye right inner</name><type>1792</type><x>334.84</x><y>210.87</y></PointInfo><PointInfo><name>basic mouth left</name><type>2048</type><x>260.21</x><y>334.39</y></PointInfo><PointInfo><name>basic mouth right</name><type>2304</type><x>343.76</x><y>332.61</y></PointInfo><PointInfo><name>basic nose tip</name><type>2560</type><x>306.23</x><y>274.92</y></PointInfo><PointInfo><name>basic mouth center</name><type>2816</type><x>302.63</x><y>332.26</y></PointInfo><PointInfo><name>basic eyebrow left</name><type>3072</type><x>229.8</x><y>173.19</y></PointInfo><PointInfo><name>basic eyebrow left inner corner</name><type>3328</type><x>267.19</x><y>179.65</y></PointInfo><PointInfo><name>basic eyebrow left outer corner</name><type>3584</type><x>196.3</x><y>179.26</y></PointInfo><PointInfo><name>basic eyebrow right</name><type>3840</type><x>372.93</x><y>169.04</y></PointInfo><PointInfo><name>basic eyebrow right inner corner</name><type>4096</type><x>336.29</x><y>179.24</y></PointInfo><PointInfo><name>basic eyebrow right outer corner</name><type>4352</type><x>402.47</x><y>172.78</y></PointInfo><PointInfo><name>basic chin bottom</name><type>4608</type><x>298.01</x><y>405.55</y></PointInfo><PointInfo><name>basic chin left</name><type>4864</type><x>180.87</x><y>284.33</y></PointInfo><PointInfo><name>basic chin right</name><type>5120</type><x>412.41</x><y>280.01</y></PointInfo><PointInfo><name>basic nose left</name><type>5376</type><x>277.84</x><y>283.8</y></PointInfo><PointInfo><name>basic nose right</name><type>5632</type><x>329.5</x><y>284.85</y></PointInfo><PointInfo><name>chin ear left</name><type>65536</type><x>182.1</x><y>292.58</y></PointInfo><PointInfo><name>chin left 1</name><type>131072</type><x>190.17</x><y>322.58</y></PointInfo><PointInfo><name>chin left 2</name><type>196608</type><x>203.39</x><y>349.92</y></PointInfo><PointInfo><name>chin left 3</name><type>262144</type><x>223.3</x><y>373.34</y></PointInfo><PointInfo><name>chin left 4</name><type>327680</type><x>247.71</x><y>392.32</y></PointInfo><PointInfo><name>chin left 5</name><type>393216</type><x>275.44</x><y>406.83</y></PointInfo><PointInfo><name>chin bottom</name><type>458752</type><x>306.59</x><y>410.58</y></PointInfo><PointInfo><name>chin right 5</name><type>524288</type><x>337.06</x><y>404.34</y></PointInfo><PointInfo><name>chin right 4</name><type>589824</type><x>362.61</x><y>387.13</y></PointInfo><PointInfo><name>chin right 3</name><type>655360</type><x>384.2</x><y>365.75</y></PointInfo><PointInfo><name>chin right 2</name><type>720896</type><x>400.77</x><y>340.58</y></PointInfo><PointInfo><name>chin right 1</name><type>786432</type><x>410.84</x><y>312.48</y></PointInfo><PointInfo><name>chin ear right</name><type>851968</type><x>416.09</x><y>282.7</y></PointInfo><PointInfo><name>temple right 4</name><type>917504</type><x>418.87</x><y>252.82</y></PointInfo><PointInfo><name>temple right 3</name><type>983040</type><x>419.89</x><y>221.38</y></PointInfo><PointInfo><name>temple right 2</name><type>1048576</type><x>419.2</x><y>193.52</y></PointInfo><PointInfo><name>temple right 1</name><type>1114112</type><x>418.51</x><y>165.67</y></PointInfo><PointInfo><name>temple right</name><type>1179648</type><x>407.33</x><y>147.35</y></PointInfo><PointInfo><name>forehead right</name><type>1245184</type><x>396.15</x><y>129.02</y></PointInfo><PointInfo><name>forehead 4</name><type>1310720</type><x>365.01</x><y>126.83</y></PointInfo><PointInfo><name>forehead 3</name><type>1376256</type><x>332.5</x><y>126.52</y></PointInfo><PointInfo><name>forehead middle</name><type>1441792</type><x>297.91</x><y>127.11</y></PointInfo><PointInfo><name>forehead 2</name><type>1507328</type><x>258.83</x><y>129.29</y></PointInfo><PointInfo><name>forehead 1</name><type>1572864</type><x>220.71</x><y>132.66</y></PointInfo><PointInfo><name>forehead left</name><type>1638400</type><x>184.34</x><y>138.09</y></PointInfo><PointInfo><name>temple left</name><type>1703936</type><x>174.19</x><y>156.89</y></PointInfo><PointInfo><name>temple left 1</name><type>1769472</type><x>164.03</x><y>175.69</y></PointInfo><PointInfo><name>temple left 2</name><type>1835008</type><x>168.33</x><y>202.69</y></PointInfo><PointInfo><name>temple left 3</name><type>1900544</type><x>172.62</x><y>229.69</y></PointInfo><PointInfo><name>temple left 4</name><type>1966080</type><x>176.46</x><y>262.03</y></PointInfo><PointInfo><name>eye right outer</name><type>2031616</type><x>389.33</x><y>207.1</y></PointInfo><PointInfo><name>eye right bottom outer</name><type>2097152</type><x>378.01</x><y>213.57</y></PointInfo><PointInfo><name>eye right bottom</name><type>2162688</type><x>365.07</x><y>215.5</y></PointInfo><PointInfo><name>eye right bottom inner</name><type>2228224</type><x>355.65</x><y>215.06</y></PointInfo><PointInfo><name>eye right inner</name><type>2293760</type><x>339.89</x><y>211.76</y></PointInfo><PointInfo><name>eye right top inner</name><type>2359296</type><x>353.7</x><y>200.33</y></PointInfo><PointInfo><name>eye right top</name><type>2424832</type><x>363.58</x><y>196.66</y></PointInfo><PointInfo><name>eye right top outer</name><type>2490368</type><x>376.95</x><y>198.7</y></PointInfo><PointInfo><name>eye left outer</name><type>2555904</type><x>221.98</x><y>207.69</y></PointInfo><PointInfo><name>eye left top outer</name><type>2621440</type><x>236.65</x><y>198.89</y></PointInfo><PointInfo><name>eye left top</name><type>2686976</type><x>246.8</x><y>196.45</y></PointInfo><PointInfo><name>eye left top inner</name><type>2752512</type><x>261.08</x><y>200.08</y></PointInfo><PointInfo><name>eye left inner</name><type>2818048</type><x>273.26</x><y>211.6</y></PointInfo><PointInfo><name>eye left bottom inner</name><type>2883584</type><x>259.26</x><y>215.58</y></PointInfo><PointInfo><name>eye left bottom</name><type>2949120</type><x>245.59</x><y>215.61</y></PointInfo><PointInfo><name>eye left bottom outer</name><type>3014656</type><x>235.8</x><y>214.41</y></PointInfo><PointInfo><name>eyebrow right inner</name><type>3080192</type><x>338.53</x><y>180.43</y></PointInfo><PointInfo><name>eyebrow right top inner</name><type>3145728</type><x>349.39</x><y>166.74</y></PointInfo><PointInfo><name>eyebrow right top</name><type>3211264</type><x>371.94</x><y>160.2</y></PointInfo><PointInfo><name>eyebrow right top outer</name><type>3276800</type><x>392.56</x><y>162.51</y></PointInfo><PointInfo><name>eyebrow right outer</name><type>3342336</type><x>405.56</x><y>176.15</y></PointInfo><PointInfo><name>eyebrow right bottom outer</name><type>3407872</type><x>389.85</x><y>174.65</y></PointInfo><PointInfo><name>eyebrow right botom</name><type>3473408</type><x>373.35</x><y>174.06</y></PointInfo><PointInfo><name>eyebrow rigth bottom inner</name><type>3538944</type><x>355.99</x><y>178.87</y></PointInfo><PointInfo><name>eyebrow left inner</name><type>3604480</type><x>269.52</x><y>181.45</y></PointInfo><PointInfo><name>eyebrow left top inner</name><type>3670016</type><x>257.43</x><y>167.8</y></PointInfo><PointInfo><name>eyebrow left top</name><type>3735552</type><x>233.19</x><y>162.41</y></PointInfo><PointInfo><name>eyebrow left top outer</name><type>3801088</type><x>211.36</x><y>166.35</y></PointInfo><PointInfo><name>eyebrow left outer</name><type>3866624</type><x>198.24</x><y>181.9</y></PointInfo><PointInfo><name>eyebrow left bottom outer</name><type>3932160</type><x>215.09</x><y>178.91</y></PointInfo><PointInfo><name>eyebrow left bottom</name><type>3997696</type><x>232.55</x><y>177.08</y></PointInfo><PointInfo><name>eyebrow left bottom inner</name><type>4063232</type><x>251.17</x><y>181.02</y></PointInfo><PointInfo><name>mouth left</name><type>4128768</type><x>262.63</x><y>334.29</y></PointInfo><PointInfo><name>mouth left top</name><type>4194304</type><x>294.96</x><y>317.26</y></PointInfo><PointInfo><name>mouth top</name><type>4259840</type><x>307.63</x><y>320.16</y></PointInfo><PointInfo><name>mouth right top</name><type>4325376</type><x>320.06</x><y>317.2</y></PointInfo><PointInfo><name>mouth right</name><type>4390912</type><x>349.08</x><y>333.86</y></PointInfo><PointInfo><name>mouth right bottom</name><type>4456448</type><x>323.27</x><y>353.85</y></PointInfo><PointInfo><name>mouth bottom</name><type>4521984</type><x>307.3</x><y>356.13</y></PointInfo><PointInfo><name>mouth left bottom</name><type>4587520</type><x>291.01</x><y>354.07</y></PointInfo><PointInfo><name>nose left top</name><type>4653056</type><x>291.42</x><y>214.7</y></PointInfo><PointInfo><name>nose left top inner</name><type>4718592</type><x>285.09</x><y>252.21</y></PointInfo><PointInfo><name>nose left top outer</name><type>4784128</type><x>272.65</x><y>271.28</y></PointInfo><PointInfo><name>nose left bottom outer</name><type>4849664</type><x>280.47</x><y>286.9</y></PointInfo><PointInfo><name>nose left bottom inner</name><type>4915200</type><x>292.78</x><y>285.71</y></PointInfo><PointInfo><name>nose bottom</name><type>4980736</type><x>307.3</x><y>292.1</y></PointInfo><PointInfo><name>nose right bottom inner</name><type>5046272</type><x>321.46</x><y>285.65</y></PointInfo><PointInfo><name>nose right bottom outer</name><type>5111808</type><x>332.9</x><y>286.62</y></PointInfo><PointInfo><name>nose right top outer</name><type>5177344</type><x>339.81</x><y>271.74</y></PointInfo><PointInfo><name>nose right top inner</name><type>5242880</type><x>327.69</x><y>252.43</y></PointInfo><PointInfo><name>nose right top</name><type>5308416</type><x>321.43</x><y>214.82</y></PointInfo><PointInfo><name>eye right iris</name><type>5373952</type><x>367.16</x><y>205.07</y></PointInfo><PointInfo><name>eye left iris</name><type>5439488</type><x>247.42</x><y>206.92</y></PointInfo><PointInfo><name>nose tip</name><type>5505024</type><x>308.32</x><y>269.38</y></PointInfo><PointInfo><name>cheekbone left</name><type>5570560</type><x>237.95</x><y>316.17</y></PointInfo><PointInfo><name>cheekbone right</name><type>5636096</type><x>371.58</x><y>310.82</y></PointInfo><PointInfo><name>nose bridge top</name><type>5701632</type><x>307.26</x><y>205.3</y></PointInfo><PointInfo><name>nose bridge middle</name><type>5767168</type><x>307.83</x><y>227.42</y></PointInfo><PointInfo><name>nose bridge bottom</name><type>5832704</type><x>308.6</x><y>249.33</y></PointInfo><PointInfo><name>mouth left top point 1</name><type>5898240</type><x>278.18</x><y>323.74</y></PointInfo><PointInfo><name>mouth left bottom point 1</name><type>5963776</type><x>276.22</x><y>346.31</y></PointInfo><PointInfo><name>mouth right bottom point 1</name><type>6029312</type><x>336.58</x><y>345.89</y></PointInfo><PointInfo><name>mouth right top point 1</name><type>6094848</type><x>335.17</x><y>323.54</y></PointInfo><PointInfo><name>mouth inner left</name><type>6160384</type><x>270.92</x><y>334.84</y></PointInfo><PointInfo><name>mouth inner left bottom</name><type>6225920</type><x>297.26</x><y>333.8</y></PointInfo><PointInfo><name>mouth inner bottom</name><type>6291456</type><x>308.7</x><y>334.65</y></PointInfo><PointInfo><name>mouth inner right bottom</name><type>6356992</type><x>319.82</x><y>333.41</y></PointInfo><PointInfo><name>mouth inner right</name><type>6422528</type><x>342.21</x><y>334.32</y></PointInfo><PointInfo><name>mouth inner right top</name><type>6488064</type><x>319.98</x><y>332.07</y></PointInfo><PointInfo><name>mouth inner top</name><type>6553600</type><x>308.92</x><y>333.23</y></PointInfo><PointInfo><name>mouth inner left top</name><type>6619136</type><x>297.51</x><y>332.31</y></PointInfo></points><score>1</score><tags><TagInfo><confidence>0.6</confidence><name>age</name><value>25</value></TagInfo><TagInfo><confidence>1</confidence><name>beard</name><value>no</value></TagInfo><TagInfo><confidence>1</confidence><name>expression</name><value>neutral</value></TagInfo><TagInfo><confidence>0.85</confidence><name>gender</name><value>female</value></TagInfo><TagInfo><confidence>1</confidence><name>glasses</name><value>no</value></TagInfo><TagInfo><confidence>1</confidence><name>mustache</name><value>no</value></TagInfo><TagInfo><confidence>1</confidence><name>race</name><value>white</value></TagInfo><TagInfo><confidence>1</confidence><name>chin size</name><value>extra small</value></TagInfo><TagInfo><confidence>0.01</confidence><name>color background</name><value>6a676a</value></TagInfo><TagInfo><confidence>0.15</confidence><name>color clothes middle</name><value>755d4f</value></TagInfo><TagInfo><confidence>0.63</confidence><name>color clothes sides</name><value>7f4b3b</value></TagInfo><TagInfo><confidence>0.46</confidence><name>color eyes</name><value>4c322d</value></TagInfo><TagInfo><confidence>0.56</confidence><name>color hair</name><value>857774</value></TagInfo><TagInfo><confidence>1</confidence><name>color skin</name><value>c09b8b</value></TagInfo><TagInfo><confidence>1</confidence><name>eyebrows corners</name><value>average</value></TagInfo><TagInfo><confidence>1</confidence><name>eyebrows position</name><value>extra low</value></TagInfo><TagInfo><confidence>1</confidence><name>eyebrows size</name><value>extra thin</value></TagInfo><TagInfo><confidence>1</confidence><name>eyes corners</name><value>average</value></TagInfo><TagInfo><confidence>1</confidence><name>eyes distance</name><value>average</value></TagInfo><TagInfo><confidence>1</confidence><name>eyes position</name><value>extra low</value></TagInfo><TagInfo><confidence>1</confidence><name>eyes shape</name><value>extra round</value></TagInfo><TagInfo><confidence>1</confidence><name>glasses rim</name><value>no</value></TagInfo><TagInfo><confidence>1</confidence><name>hair beard</name><value>none</value></TagInfo><TagInfo><confidence>0.56</confidence><name>hair color type</name><value>blond</value></TagInfo><TagInfo><confidence>1</confidence><name>hair forehead</name><value>no</value></TagInfo><TagInfo><confidence>1</confidence><name>hair length</name><value>none</value></TagInfo><TagInfo><confidence>1</confidence><name>hair mustache</name><value>none</value></TagInfo><TagInfo><confidence>1</confidence><name>hair sides</name><value>very thin</value></TagInfo><TagInfo><confidence>1</confidence><name>hair top</name><value>very short</value></TagInfo><TagInfo><confidence>1</confidence><name>head shape</name><value>average</value></TagInfo><TagInfo><confidence>1</confidence><name>head width</name><value>average</value></TagInfo><TagInfo><confidence>1</confidence><name>mouth corners</name><value>low</value></TagInfo><TagInfo><confidence>1</confidence><name>mouth height</name><value>average</value></TagInfo><TagInfo><confidence>1</confidence><name>mouth width</name><value>extra small</value></TagInfo><TagInfo><confidence>1</confidence><name>nose shape</name><value>extra straight</value></TagInfo><TagInfo><confidence>1</confidence><name>nose width</name><value>wide</value></TagInfo><TagInfo><confidence>1</confidence><name>teeth visible</name><value>yes</value></TagInfo></tags><uid>35276089-6204-11e7-9c43-0cc47a6c4dbd</uid><user_points i:nil="true"/><width>278.98</width><x>302.61</x><y>236.73</y></FaceInfo></faces><original_filename>temp.jpg</original_filename><uid>488d8b0e-8c97-440e-aa9a-5ff93c9c3544</uid></BetafaceImageInfoResponse>