<image file="NataliePortmanBald.jpg">
 <width>278.98</width>
 <height>278.98</height>
 <x>302.61</x>
 <y>236.73</y>
 <angle>0.3947</angle>
 <uid>35276089-6204-11e7-9c43-0cc47a6c4dbd</uid>
 <box height="324" left="106" width="285" top="154">
  <part name="512" x="243.29" y="207.68"/>
  <part name="768" x="359.79" y="207.44"/>
  <part name="1024" x="217.98" y="207.52"/>
  <part name="1280" x="383.2" y="207.43"/>
  <part name="1536" x="268.57" y="209.44"/>
  <part name="1792" x="334.81" y="210.35"/>
  <part name="2048" x="260.18" y="333.87"/>
  <part name="2304" x="343.73" y="332.09"/>
  <part name="2560" x="306.2" y="274.4"/>
  <part name="2816" x="302.6" y="331.74"/>
  <part name="3072" x="229.77" y="172.67"/>
  <part name="3328" x="267.16" y="179.13"/>
  <part name="3584" x="196.27" y="178.74"/>
  <part name="3840" x="372.9" y="168.52"/>
  <part name="4096" x="336.26" y="178.72"/>
  <part name="4352" x="402.44" y="172.26"/>
  <part name="4608" x="297.98" y="405.03"/>
  <part name="4864" x="180.84" y="283.81"/>
  <part name="5120" x="412.38" y="279.49"/>
  <part name="5376" x="277.81" y="283.28"/>
  <part name="5632" x="329.47" y="284.33"/>
  <part name="65536" x="182.07" y="292.06"/>
  <part name="131072" x="190.14" y="322.06"/>
  <part name="196608" x="203.36" y="349.4"/>
  <part name="262144" x="223.27" y="372.82"/>
  <part name="327680" x="247.68" y="391.8"/>
  <part name="393216" x="275.41" y="406.31"/>
  <part name="458752" x="306.56" y="410.06"/>
  <part name="524288" x="337.03" y="403.82"/>
  <part name="589824" x="362.58" y="386.61"/>
  <part name="655360" x="384.17" y="365.23"/>
  <part name="720896" x="400.74" y="340.06"/>
  <part name="786432" x="410.81" y="311.96"/>
  <part name="851968" x="416.06" y="282.18"/>
  <part name="917504" x="418.84" y="252.3"/>
  <part name="983040" x="419.86" y="220.86"/>
  <part name="1048576" x="419.17" y="193"/>
  <part name="1114112" x="418.48" y="165.15"/>
  <part name="1179648" x="407.3" y="146.83"/>
  <part name="1245184" x="396.12" y="128.5"/>
  <part name="1310720" x="364.98" y="126.31"/>
  <part name="1376256" x="332.47" y="126"/>
  <part name="1441792" x="297.88" y="126.59"/>
  <part name="1507328" x="258.8" y="128.77"/>
  <part name="1572864" x="220.68" y="132.14"/>
  <part name="1638400" x="184.31" y="137.57"/>
  <part name="1703936" x="174.16" y="156.37"/>
  <part name="1769472" x="164" y="175.17"/>
  <part name="1835008" x="168.3" y="202.17"/>
  <part name="1900544" x="172.59" y="229.17"/>
  <part name="1966080" x="176.43" y="261.51"/>
  <part name="2031616" x="389.3" y="206.58"/>
  <part name="2097152" x="377.98" y="213.05"/>
  <part name="2162688" x="365.04" y="214.98"/>
  <part name="2228224" x="355.62" y="214.54"/>
  <part name="2293760" x="339.86" y="211.24"/>
  <part name="2359296" x="353.67" y="199.81"/>
  <part name="2424832" x="363.55" y="196.14"/>
  <part name="2490368" x="376.92" y="198.18"/>
  <part name="2555904" x="221.95" y="207.17"/>
  <part name="2621440" x="236.62" y="198.37"/>
  <part name="2686976" x="246.77" y="195.93"/>
  <part name="2752512" x="261.05" y="199.56"/>
  <part name="2818048" x="273.23" y="211.08"/>
  <part name="2883584" x="259.23" y="215.06"/>
  <part name="2949120" x="245.56" y="215.09"/>
  <part name="3014656" x="235.77" y="213.89"/>
  <part name="3080192" x="338.5" y="179.91"/>
  <part name="3145728" x="349.36" y="166.22"/>
  <part name="3211264" x="371.91" y="159.68"/>
  <part name="3276800" x="392.53" y="161.99"/>
  <part name="3342336" x="405.53" y="175.63"/>
  <part name="3407872" x="389.82" y="174.13"/>
  <part name="3473408" x="373.32" y="173.54"/>
  <part name="3538944" x="355.96" y="178.35"/>
  <part name="3604480" x="269.49" y="180.93"/>
  <part name="3670016" x="257.4" y="167.28"/>
  <part name="3735552" x="233.16" y="161.89"/>
  <part name="3801088" x="211.33" y="165.83"/>
  <part name="3866624" x="198.21" y="181.38"/>
  <part name="3932160" x="215.06" y="178.39"/>
  <part name="3997696" x="232.52" y="176.56"/>
  <part name="4063232" x="251.14" y="180.5"/>
  <part name="4128768" x="262.6" y="333.77"/>
  <part name="4194304" x="294.93" y="316.74"/>
  <part name="4259840" x="307.6" y="319.64"/>
  <part name="4325376" x="320.03" y="316.68"/>
  <part name="4390912" x="349.05" y="333.34"/>
  <part name="4456448" x="323.24" y="353.33"/>
  <part name="4521984" x="307.27" y="355.61"/>
  <part name="4587520" x="290.98" y="353.55"/>
  <part name="4653056" x="291.39" y="214.18"/>
  <part name="4718592" x="285.06" y="251.69"/>
  <part name="4784128" x="272.62" y="270.76"/>
  <part name="4849664" x="280.44" y="286.38"/>
  <part name="4915200" x="292.75" y="285.19"/>
  <part name="4980736" x="307.27" y="291.58"/>
  <part name="5046272" x="321.43" y="285.13"/>
  <part name="5111808" x="332.87" y="286.1"/>
  <part name="5177344" x="339.78" y="271.22"/>
  <part name="5242880" x="327.66" y="251.91"/>
  <part name="5308416" x="321.4" y="214.3"/>
  <part name="5373952" x="367.13" y="204.55"/>
  <part name="5439488" x="247.39" y="206.4"/>
  <part name="5505024" x="308.29" y="268.86"/>
  <part name="5570560" x="237.92" y="315.65"/>
  <part name="5636096" x="371.55" y="310.3"/>
  <part name="5701632" x="307.23" y="204.78"/>
  <part name="5767168" x="307.8" y="226.9"/>
  <part name="5832704" x="308.57" y="248.81"/>
  <part name="5898240" x="278.15" y="323.22"/>
  <part name="5963776" x="276.19" y="345.79"/>
  <part name="6029312" x="336.55" y="345.37"/>
  <part name="6094848" x="335.14" y="323.02"/>
  <part name="6160384" x="270.89" y="334.32"/>
  <part name="6225920" x="297.23" y="333.28"/>
  <part name="6291456" x="308.67" y="334.13"/>
  <part name="6356992" x="319.79" y="332.89"/>
  <part name="6422528" x="342.18" y="333.8"/>
  <part name="6488064" x="319.95" y="331.55"/>
  <part name="6553600" x="308.89" y="332.71"/>
  <part name="6619136" x="297.48" y="331.79"/>
 </box>
</image>
