{"accessoryName":"48150000","imageInfo":{"imageName":"NataliePortmanBald","originalSize":{"width":600,"height":666},"scaledSize":{"width":600,"height":666},"clientCropSize":{"width":267,"height":404},"gender":"female","skinColor":"dbb6a8","hairColor":"857774","eyeColor":"4c322d"},"meshShapesList":[{"type":1,"name":"HEAD_MESH","textureName":"NataliePortmanBald_FaceCrop.png","headPointsList":[{"type":0,"point":{"x":0.5003203,"y":1.1693369E-4}},{"type":1,"point":{"x":0.3825389,"y":0.030212935}},{"type":2,"point":{"x":0.61639595,"y":0.029277196}},{"type":3,"point":{"x":0.25400206,"y":0.101849236}},{"type":4,"point":{"x":0.7435925,"y":0.097343795}},{"type":5,"point":{"x":0.20040101,"y":0.16726835}},{"type":6,"point":{"x":0.79711235,"y":0.15893897}},{"type":7,"point":{"x":0.1770475,"y":0.22560498}},{"type":8,"point":{"x":0.82560986,"y":0.23350814}},{"type":9,"point":{"x":0.16813456,"y":0.29188934}},{"type":10,"point":{"x":0.83056223,"y":0.29794917}},{"type":11,"point":{"x":0.17366217,"y":0.36612135}},{"type":12,"point":{"x":0.82143945,"y":0.36968803}},{"type":13,"point":{"x":0.18536973,"y":0.42002475}},{"type":14,"point":{"x":0.8169787,"y":0.46415842}},{"type":15,"point":{"x":0.1960133,"y":0.48685643}},{"type":16,"point":{"x":0.8186866,"y":0.53311884}},{"type":17,"point":{"x":0.20663211,"y":0.5536881}},{"type":18,"point":{"x":0.8186866,"y":0.53311884}},{"type":19,"point":{"x":0.21613708,"y":0.6337376}},{"type":20,"point":{"x":0.8161618,"y":0.6109406}},{"type":21,"point":{"x":0.23009747,"y":0.70935637}},{"type":22,"point":{"x":0.80928063,"y":0.684901}},{"type":23,"point":{"x":0.25007272,"y":0.7836138}},{"type":24,"point":{"x":0.79628557,"y":0.7586139}},{"type":25,"point":{"x":0.2827955,"y":0.8512871}},{"type":26,"point":{"x":0.7713598,"y":0.8281683}},{"type":27,"point":{"x":0.33207768,"y":0.9092574}},{"type":28,"point":{"x":0.730345,"y":0.89047027}},{"type":29,"point":{"x":0.39249846,"y":0.9562376}},{"type":30,"point":{"x":0.61366177,"y":0.98599005}},{"type":31,"point":{"x":0.538241,"y":1.0014356}}],"texturePointList":[]},{"type":2,"name":"EYE_LEFT_MESH","clientCropRect":{"x":64,"y":190,"w":52,"h":19},"headPointsList":[{"type":32,"point":{"x":0.32881033,"y":0.49923268}},{"type":33,"point":{"x":0.45574105,"y":0.5089109}},{"type":34,"point":{"x":0.39024597,"y":0.47141087}},{"type":35,"point":{"x":0.3872509,"y":0.5188366}},{"type":36,"point":{"x":0.3917806,"y":0.49732673}}],"texturePointList":[{"point":{"x":0.36523438,"y":0.5302439},"type":0},{"point":{"x":0.5913086,"y":0.3209756},"type":2},{"point":{"x":0.8173828,"y":0.5302439},"type":1},{"point":{"x":0.5913086,"y":0.7395122},"type":3}]},{"type":3,"name":"EYE_RIGHT_MESH","clientCropRect":{"x":181,"y":190,"w":52,"h":19},"headPointsList":[{"type":37,"point":{"x":0.7453202,"y":0.4976485}},{"type":38,"point":{"x":0.61838955,"y":0.50918317}},{"type":41,"point":{"x":0.6881668,"y":0.49274755}},{"type":39,"point":{"x":0.6793053,"y":0.47141087}},{"type":40,"point":{"x":0.68299353,"y":0.5188366}}],"texturePointList":[{"point":{"x":0.18164062,"y":0.5302439},"type":5},{"point":{"x":0.40771484,"y":0.3209756},"type":6},{"point":{"x":0.63378906,"y":0.5302439},"type":4},{"point":{"x":0.40771484,"y":0.7395122},"type":7}]},{"type":4,"name":"EYEBROW_LEFT_MESH","clientCropRect":{"x":41,"y":156,"w":71,"h":19},"headPointsList":[{"type":42,"point":{"x":0.27004796,"y":0.43539602}},{"type":43,"point":{"x":0.44648358,"y":0.43428215}},{"type":44,"point":{"x":0.35655785,"y":0.38715348}},{"type":45,"point":{"x":0.3549737,"y":0.42346534}}],"texturePointList":[{"point":{"x":0.37402344,"y":0.61083984},"type":8},{"point":{"x":0.6113281,"y":0.55371094},"type":10},{"point":{"x":0.8486328,"y":0.61083984},"type":9},{"point":{"x":0.6113281,"y":0.66796875},"type":11}]},{"type":5,"name":"EYEBROW_RIGHT_MESH","clientCropRect":{"x":179,"y":154,"w":71,"h":23},"headPointsList":[{"type":46,"point":{"x":0.78847617,"y":0.4276361}},{"type":47,"point":{"x":0.6120405,"y":0.43823016}},{"type":48,"point":{"x":0.69999844,"y":0.38715342}},{"type":49,"point":{"x":0.7034886,"y":0.4234653}}],"texturePointList":[{"point":{"x":0.15039062,"y":0.61083984},"type":13},{"point":{"x":0.3876953,"y":0.55371094},"type":14},{"point":{"x":0.625,"y":0.61083984},"type":12},{"point":{"x":0.3876953,"y":0.66796875},"type":15}]},{"type":6,"name":"MOUTH_MESH","clientCropRect":{"x":105,"y":311,"w":87,"h":39},"headPointsList":[{"type":50,"point":{"x":0.42942914,"y":0.812599}},{"type":51,"point":{"x":0.64341426,"y":0.8115346}},{"type":52,"point":{"x":0.5408153,"y":0.77029705}},{"type":53,"point":{"x":0.5399984,"y":0.8666584}}],"texturePointList":[{"point":{"x":0.31835938,"y":0.45410156},"type":16},{"point":{"x":0.50146484,"y":0.3798828},"type":18},{"point":{"x":0.6845703,"y":0.45410156},"type":17},{"point":{"x":0.50146484,"y":0.5283203},"type":19}]},{"type":7,"name":"NOSE_MESH","textureName":"NataliePortmanBald_NoseCrop.png","headPointsList":[],"texturePointList":[]},{"type":8,"name":"EAR_MESH","headPointsList":[],"texturePointList":[]}]}