<image file="AngelinaJolie-3.jpg">
 <width>221.3</width>
 <height>221.3</height>
 <x>266.99</x>
 <y>199.74</y>
 <angle>-0.0567</angle>
 <uid>9b369243-408c-11e7-9586-0cc47a6c4dbd</uid>
 <box height="247" width="218" left="104" top="159">
  <part name="512" x="214.25" y="175.36"/>
  <part name="768" x="304.17" y="176.73"/>
  <part name="1024" x="195.04" y="175.78"/>
  <part name="1280" x="324.46" y="176.95"/>
  <part name="1536" x="236.2" y="180.12"/>
  <part name="1792" x="285.48" y="179.32"/>
  <part name="2048" x="228.38" y="274.54"/>
  <part name="2304" x="295.71" y="273.16"/>
  <part name="2560" x="260.38" y="238.61"/>
  <part name="2816" x="261.59" y="274.62"/>
  <part name="3072" x="208.59" y="148.82"/>
  <part name="3328" x="237.12" y="158.04"/>
  <part name="3584" x="185.36" y="153.41"/>
  <part name="3840" x="310.1" y="149.48"/>
  <part name="4096" x="282.61" y="160.24"/>
  <part name="4352" x="336.37" y="152.17"/>
  <part name="4608" x="262.17" y="331.89"/>
  <part name="4864" x="172" y="234"/>
  <part name="5120" x="344.38" y="229.99"/>
  <part name="5376" x="240.94" y="238.27"/>
  <part name="5632" x="281.27" y="238.27"/>
  <part name="65536" x="174.49" y="229.57"/>
  <part name="131072" x="180.26" y="253.12"/>
  <part name="196608" x="189.61" y="275.1"/>
  <part name="262144" x="203.34" y="294.79"/>
  <part name="327680" x="219.61" y="311.95"/>
  <part name="393216" x="238.06" y="326.2"/>
  <part name="458752" x="260.21" y="330.65"/>
  <part name="524288" x="283.23" y="326.71"/>
  <part name="589824" x="303.8" y="313.06"/>
  <part name="655360" x="322.01" y="296.04"/>
  <part name="720896" x="337.07" y="276.12"/>
  <part name="786432" x="347.06" y="253.51"/>
  <part name="851968" x="352.58" y="229.02"/>
  <part name="917504" x="355.9" y="204.49"/>
  <part name="983040" x="357.47" y="179.06"/>
  <part name="1048576" x="356.52" y="164.28"/>
  <part name="1114112" x="355.56" y="149.5"/>
  <part name="1179648" x="346.81" y="138.91"/>
  <part name="1245184" x="338.05" y="128.32"/>
  <part name="1310720" x="313.7" y="125.84"/>
  <part name="1376256" x="288.64" y="124.63"/>
  <part name="1441792" x="262.25" y="124"/>
  <part name="1507328" x="235.73" y="124.53"/>
  <part name="1572864" x="210.48" y="125.66"/>
  <part name="1638400" x="186" y="128.07"/>
  <part name="1703936" x="177.58" y="139.13"/>
  <part name="1769472" x="169.16" y="150.19"/>
  <part name="1835008" x="169.08" y="165.9"/>
  <part name="1900544" x="169" y="181.61"/>
  <part name="1966080" x="170.72" y="206.02"/>
  <part name="2031616" x="329.48" y="178.2"/>
  <part name="2097152" x="320.39" y="183.07"/>
  <part name="2162688" x="309.2" y="185.49"/>
  <part name="2228224" x="302.59" y="184.17"/>
  <part name="2293760" x="289.1" y="181.94"/>
  <part name="2359296" x="301.11" y="172.47"/>
  <part name="2424832" x="307.95" y="169.84"/>
  <part name="2490368" x="319.57" y="171.28"/>
  <part name="2555904" x="197.41" y="175.63"/>
  <part name="2621440" x="208.48" y="170.21"/>
  <part name="2686976" x="219.42" y="166.87"/>
  <part name="2752512" x="227.81" y="171.49"/>
  <part name="2818048" x="239.03" y="180.32"/>
  <part name="2883584" x="226.26" y="182.69"/>
  <part name="2949120" x="217.51" y="182.69"/>
  <part name="3014656" x="207.66" y="181.39"/>
  <part name="3080192" x="284.78" y="161.77"/>
  <part name="3145728" x="293.31" y="149.88"/>
  <part name="3211264" x="311.88" y="143.52"/>
  <part name="3276800" x="329.22" y="144.61"/>
  <part name="3342336" x="340.63" y="155.46"/>
  <part name="3407872" x="327.47" y="154.92"/>
  <part name="3473408" x="313.65" y="155.08"/>
  <part name="3538944" x="299.32" y="159.79"/>
  <part name="3604480" x="238.55" y="159.89"/>
  <part name="3670016" x="230.73" y="148.55"/>
  <part name="3735552" x="212.86" y="142.43"/>
  <part name="3801088" x="196.22" y="143.86"/>
  <part name="3866624" x="185.41" y="154.88"/>
  <part name="3932160" x="198.28" y="153.54"/>
  <part name="3997696" x="211.42" y="153.53"/>
  <part name="4063232" x="224.96" y="158.06"/>
  <part name="4128768" x="229.5" y="276.54"/>
  <part name="4194304" x="253.56" y="264.49"/>
  <part name="4259840" x="263.89" y="266.59"/>
  <part name="4325376" x="274.23" y="263.91"/>
  <part name="4390912" x="300.45" y="275.22"/>
  <part name="4456448" x="278.26" y="296.05"/>
  <part name="4521984" x="265.04" y="298.4"/>
  <part name="4587520" x="251.86" y="296.75"/>
  <part name="4653056" x="252.29" y="184.58"/>
  <part name="4718592" x="247.46" y="213.55"/>
  <part name="4784128" x="237.92" y="228.26"/>
  <part name="4849664" x="242.8" y="243.69"/>
  <part name="4915200" x="251.93" y="242.87"/>
  <part name="4980736" x="263.38" y="248.6"/>
  <part name="5046272" x="274.93" y="242.84"/>
  <part name="5111808" x="284.14" y="243.69"/>
  <part name="5177344" x="289.22" y="228.52"/>
  <part name="5242880" x="279.86" y="213.69"/>
  <part name="5308416" x="274.98" y="184.66"/>
  <part name="5373952" x="308.86" y="176.24"/>
  <part name="5439488" x="218.53" y="175.09"/>
  <part name="5505024" x="263.09" y="233.9"/>
  <part name="5570560" x="212.46" y="254.74"/>
  <part name="5636096" x="311.2" y="254.83"/>
  <part name="5701632" x="262.9" y="177.39"/>
  <part name="5767168" x="262.45" y="196.22"/>
  <part name="5832704" x="261.99" y="214.94"/>
  <part name="5898240" x="240.71" y="269.39"/>
  <part name="5963776" x="240.05" y="289.4"/>
  <part name="6029312" x="290.38" y="288.12"/>
  <part name="6094848" x="288.21" y="268.1"/>
  <part name="6160384" x="235.31" y="276.6"/>
  <part name="6225920" x="254.59" y="279.23"/>
  <part name="6291456" x="263.78" y="280.25"/>
  <part name="6356992" x="273.01" y="279.18"/>
  <part name="6422528" x="293.8" y="276.08"/>
  <part name="6488064" x="272.87" y="276.3"/>
  <part name="6553600" x="263.74" y="277.39"/>
  <part name="6619136" x="254.67" y="276.44"/>
 </box>
</image>
