<BetafaceImageInfoResponse xmlns:i="http://www.w3.org/2001/XMLSchema-instance"><int_response>0</int_response><string_response>ok</string_response><checksum>d98897e0eb261e91f20f4f1e090af9af3cbbbe0aed985995424714525644caa0</checksum><faces><FaceInfo><angle>-0.0567</angle><height>221.3</height><image_uid>7df87293-20c0-45b8-91c6-b6e225e01124</image_uid><person_name/><points><PointInfo><name>basic eye left</name><type>512</type><x>214.3</x><y>176.3</y></PointInfo><PointInfo><name>basic eye right</name><type>768</type><x>304.22</x><y>177.67</y></PointInfo><PointInfo><name>basic eye left outer</name><type>1024</type><x>195.09</x><y>176.72</y></PointInfo><PointInfo><name>basic eye right outer</name><type>1280</type><x>324.51</x><y>177.89</y></PointInfo><PointInfo><name>basic eye left inner</name><type>1536</type><x>236.25</x><y>181.06</y></PointInfo><PointInfo><name>basic eye right inner</name><type>1792</type><x>285.53</x><y>180.26</y></PointInfo><PointInfo><name>basic mouth left</name><type>2048</type><x>228.43</x><y>275.48</y></PointInfo><PointInfo><name>basic mouth right</name><type>2304</type><x>295.76</x><y>274.1</y></PointInfo><PointInfo><name>basic nose tip</name><type>2560</type><x>260.43</x><y>239.55</y></PointInfo><PointInfo><name>basic mouth center</name><type>2816</type><x>261.64</x><y>275.56</y></PointInfo><PointInfo><name>basic eyebrow left</name><type>3072</type><x>208.64</x><y>149.76</y></PointInfo><PointInfo><name>basic eyebrow left inner corner</name><type>3328</type><x>237.17</x><y>158.98</y></PointInfo><PointInfo><name>basic eyebrow left outer corner</name><type>3584</type><x>185.41</x><y>154.35</y></PointInfo><PointInfo><name>basic eyebrow right</name><type>3840</type><x>310.15</x><y>150.42</y></PointInfo><PointInfo><name>basic eyebrow right inner corner</name><type>4096</type><x>282.66</x><y>161.18</y></PointInfo><PointInfo><name>basic eyebrow right outer corner</name><type>4352</type><x>336.42</x><y>153.11</y></PointInfo><PointInfo><name>basic chin bottom</name><type>4608</type><x>262.22</x><y>332.83</y></PointInfo><PointInfo><name>basic chin left</name><type>4864</type><x>172.05</x><y>234.94</y></PointInfo><PointInfo><name>basic chin right</name><type>5120</type><x>344.43</x><y>230.93</y></PointInfo><PointInfo><name>basic nose left</name><type>5376</type><x>240.99</x><y>239.21</y></PointInfo><PointInfo><name>basic nose right</name><type>5632</type><x>281.32</x><y>239.21</y></PointInfo><PointInfo><name>chin ear left</name><type>65536</type><x>174.54</x><y>230.51</y></PointInfo><PointInfo><name>chin left 1</name><type>131072</type><x>180.31</x><y>254.06</y></PointInfo><PointInfo><name>chin left 2</name><type>196608</type><x>189.66</x><y>276.04</y></PointInfo><PointInfo><name>chin left 3</name><type>262144</type><x>203.39</x><y>295.73</y></PointInfo><PointInfo><name>chin left 4</name><type>327680</type><x>219.66</x><y>312.89</y></PointInfo><PointInfo><name>chin left 5</name><type>393216</type><x>238.11</x><y>327.14</y></PointInfo><PointInfo><name>chin bottom</name><type>458752</type><x>260.26</x><y>331.59</y></PointInfo><PointInfo><name>chin right 5</name><type>524288</type><x>283.28</x><y>327.65</y></PointInfo><PointInfo><name>chin right 4</name><type>589824</type><x>303.85</x><y>314</y></PointInfo><PointInfo><name>chin right 3</name><type>655360</type><x>322.06</x><y>296.98</y></PointInfo><PointInfo><name>chin right 2</name><type>720896</type><x>337.12</x><y>277.06</y></PointInfo><PointInfo><name>chin right 1</name><type>786432</type><x>347.11</x><y>254.45</y></PointInfo><PointInfo><name>chin ear right</name><type>851968</type><x>352.63</x><y>229.96</y></PointInfo><PointInfo><name>temple right 4</name><type>917504</type><x>355.95</x><y>205.43</y></PointInfo><PointInfo><name>temple right 3</name><type>983040</type><x>357.52</x><y>180</y></PointInfo><PointInfo><name>temple right 2</name><type>1048576</type><x>356.57</x><y>165.22</y></PointInfo><PointInfo><name>temple right 1</name><type>1114112</type><x>355.61</x><y>150.44</y></PointInfo><PointInfo><name>temple right</name><type>1179648</type><x>346.86</x><y>139.85</y></PointInfo><PointInfo><name>forehead right</name><type>1245184</type><x>338.1</x><y>129.26</y></PointInfo><PointInfo><name>forehead 4</name><type>1310720</type><x>313.75</x><y>126.78</y></PointInfo><PointInfo><name>forehead 3</name><type>1376256</type><x>288.69</x><y>125.57</y></PointInfo><PointInfo><name>forehead middle</name><type>1441792</type><x>262.3</x><y>124.94</y></PointInfo><PointInfo><name>forehead 2</name><type>1507328</type><x>235.78</x><y>125.47</y></PointInfo><PointInfo><name>forehead 1</name><type>1572864</type><x>210.53</x><y>126.6</y></PointInfo><PointInfo><name>forehead left</name><type>1638400</type><x>186.05</x><y>129.01</y></PointInfo><PointInfo><name>temple left</name><type>1703936</type><x>177.63</x><y>140.07</y></PointInfo><PointInfo><name>temple left 1</name><type>1769472</type><x>169.21</x><y>151.13</y></PointInfo><PointInfo><name>temple left 2</name><type>1835008</type><x>169.13</x><y>166.84</y></PointInfo><PointInfo><name>temple left 3</name><type>1900544</type><x>169.05</x><y>182.55</y></PointInfo><PointInfo><name>temple left 4</name><type>1966080</type><x>170.77</x><y>206.96</y></PointInfo><PointInfo><name>eye right outer</name><type>2031616</type><x>329.53</x><y>179.14</y></PointInfo><PointInfo><name>eye right bottom outer</name><type>2097152</type><x>320.44</x><y>184.01</y></PointInfo><PointInfo><name>eye right bottom</name><type>2162688</type><x>309.25</x><y>186.43</y></PointInfo><PointInfo><name>eye right bottom inner</name><type>2228224</type><x>302.64</x><y>185.11</y></PointInfo><PointInfo><name>eye right inner</name><type>2293760</type><x>289.15</x><y>182.88</y></PointInfo><PointInfo><name>eye right top inner</name><type>2359296</type><x>301.16</x><y>173.41</y></PointInfo><PointInfo><name>eye right top</name><type>2424832</type><x>308</x><y>170.78</y></PointInfo><PointInfo><name>eye right top outer</name><type>2490368</type><x>319.62</x><y>172.22</y></PointInfo><PointInfo><name>eye left outer</name><type>2555904</type><x>197.46</x><y>176.57</y></PointInfo><PointInfo><name>eye left top outer</name><type>2621440</type><x>208.53</x><y>171.15</y></PointInfo><PointInfo><name>eye left top</name><type>2686976</type><x>219.47</x><y>167.81</y></PointInfo><PointInfo><name>eye left top inner</name><type>2752512</type><x>227.86</x><y>172.43</y></PointInfo><PointInfo><name>eye left inner</name><type>2818048</type><x>239.08</x><y>181.26</y></PointInfo><PointInfo><name>eye left bottom inner</name><type>2883584</type><x>226.31</x><y>183.63</y></PointInfo><PointInfo><name>eye left bottom</name><type>2949120</type><x>217.56</x><y>183.63</y></PointInfo><PointInfo><name>eye left bottom outer</name><type>3014656</type><x>207.71</x><y>182.33</y></PointInfo><PointInfo><name>eyebrow right inner</name><type>3080192</type><x>284.83</x><y>162.71</y></PointInfo><PointInfo><name>eyebrow right top inner</name><type>3145728</type><x>293.36</x><y>150.82</y></PointInfo><PointInfo><name>eyebrow right top</name><type>3211264</type><x>311.93</x><y>144.46</y></PointInfo><PointInfo><name>eyebrow right top outer</name><type>3276800</type><x>329.27</x><y>145.55</y></PointInfo><PointInfo><name>eyebrow right outer</name><type>3342336</type><x>340.68</x><y>156.4</y></PointInfo><PointInfo><name>eyebrow right bottom outer</name><type>3407872</type><x>327.52</x><y>155.86</y></PointInfo><PointInfo><name>eyebrow right botom</name><type>3473408</type><x>313.7</x><y>156.02</y></PointInfo><PointInfo><name>eyebrow rigth bottom inner</name><type>3538944</type><x>299.37</x><y>160.73</y></PointInfo><PointInfo><name>eyebrow left inner</name><type>3604480</type><x>238.6</x><y>160.83</y></PointInfo><PointInfo><name>eyebrow left top inner</name><type>3670016</type><x>230.78</x><y>149.49</y></PointInfo><PointInfo><name>eyebrow left top</name><type>3735552</type><x>212.91</x><y>143.37</y></PointInfo><PointInfo><name>eyebrow left top outer</name><type>3801088</type><x>196.27</x><y>144.8</y></PointInfo><PointInfo><name>eyebrow left outer</name><type>3866624</type><x>185.46</x><y>155.82</y></PointInfo><PointInfo><name>eyebrow left bottom outer</name><type>3932160</type><x>198.33</x><y>154.48</y></PointInfo><PointInfo><name>eyebrow left bottom</name><type>3997696</type><x>211.47</x><y>154.47</y></PointInfo><PointInfo><name>eyebrow left bottom inner</name><type>4063232</type><x>225.01</x><y>159</y></PointInfo><PointInfo><name>mouth left</name><type>4128768</type><x>229.55</x><y>277.48</y></PointInfo><PointInfo><name>mouth left top</name><type>4194304</type><x>253.61</x><y>265.43</y></PointInfo><PointInfo><name>mouth top</name><type>4259840</type><x>263.94</x><y>267.53</y></PointInfo><PointInfo><name>mouth right top</name><type>4325376</type><x>274.28</x><y>264.85</y></PointInfo><PointInfo><name>mouth right</name><type>4390912</type><x>300.5</x><y>276.16</y></PointInfo><PointInfo><name>mouth right bottom</name><type>4456448</type><x>278.31</x><y>296.99</y></PointInfo><PointInfo><name>mouth bottom</name><type>4521984</type><x>265.09</x><y>299.34</y></PointInfo><PointInfo><name>mouth left bottom</name><type>4587520</type><x>251.91</x><y>297.69</y></PointInfo><PointInfo><name>nose left top</name><type>4653056</type><x>252.34</x><y>185.52</y></PointInfo><PointInfo><name>nose left top inner</name><type>4718592</type><x>247.51</x><y>214.49</y></PointInfo><PointInfo><name>nose left top outer</name><type>4784128</type><x>237.97</x><y>229.2</y></PointInfo><PointInfo><name>nose left bottom outer</name><type>4849664</type><x>242.85</x><y>244.63</y></PointInfo><PointInfo><name>nose left bottom inner</name><type>4915200</type><x>251.98</x><y>243.81</y></PointInfo><PointInfo><name>nose bottom</name><type>4980736</type><x>263.43</x><y>249.54</y></PointInfo><PointInfo><name>nose right bottom inner</name><type>5046272</type><x>274.98</x><y>243.78</y></PointInfo><PointInfo><name>nose right bottom outer</name><type>5111808</type><x>284.19</x><y>244.63</y></PointInfo><PointInfo><name>nose right top outer</name><type>5177344</type><x>289.27</x><y>229.46</y></PointInfo><PointInfo><name>nose right top inner</name><type>5242880</type><x>279.91</x><y>214.63</y></PointInfo><PointInfo><name>nose right top</name><type>5308416</type><x>275.03</x><y>185.6</y></PointInfo><PointInfo><name>eye right iris</name><type>5373952</type><x>308.91</x><y>177.18</y></PointInfo><PointInfo><name>eye left iris</name><type>5439488</type><x>218.58</x><y>176.03</y></PointInfo><PointInfo><name>nose tip</name><type>5505024</type><x>263.14</x><y>234.84</y></PointInfo><PointInfo><name>cheekbone left</name><type>5570560</type><x>212.51</x><y>255.68</y></PointInfo><PointInfo><name>cheekbone right</name><type>5636096</type><x>311.25</x><y>255.77</y></PointInfo><PointInfo><name>nose bridge top</name><type>5701632</type><x>262.95</x><y>178.33</y></PointInfo><PointInfo><name>nose bridge middle</name><type>5767168</type><x>262.5</x><y>197.16</y></PointInfo><PointInfo><name>nose bridge bottom</name><type>5832704</type><x>262.04</x><y>215.88</y></PointInfo><PointInfo><name>mouth left top point 1</name><type>5898240</type><x>240.76</x><y>270.33</y></PointInfo><PointInfo><name>mouth left bottom point 1</name><type>5963776</type><x>240.1</x><y>290.34</y></PointInfo><PointInfo><name>mouth right bottom point 1</name><type>6029312</type><x>290.43</x><y>289.06</y></PointInfo><PointInfo><name>mouth right top point 1</name><type>6094848</type><x>288.26</x><y>269.04</y></PointInfo><PointInfo><name>mouth inner left</name><type>6160384</type><x>235.36</x><y>277.54</y></PointInfo><PointInfo><name>mouth inner left bottom</name><type>6225920</type><x>254.64</x><y>280.17</y></PointInfo><PointInfo><name>mouth inner bottom</name><type>6291456</type><x>263.83</x><y>281.19</y></PointInfo><PointInfo><name>mouth inner right bottom</name><type>6356992</type><x>273.06</x><y>280.12</y></PointInfo><PointInfo><name>mouth inner right</name><type>6422528</type><x>293.85</x><y>277.02</y></PointInfo><PointInfo><name>mouth inner right top</name><type>6488064</type><x>272.92</x><y>277.24</y></PointInfo><PointInfo><name>mouth inner top</name><type>6553600</type><x>263.79</x><y>278.33</y></PointInfo><PointInfo><name>mouth inner left top</name><type>6619136</type><x>254.72</x><y>277.38</y></PointInfo></points><score>1</score><tags><TagInfo><confidence>0.6</confidence><name>age</name><value>34</value></TagInfo><TagInfo><confidence>1</confidence><name>beard</name><value>no</value></TagInfo><TagInfo><confidence>1</confidence><name>expression</name><value>neutral</value></TagInfo><TagInfo><confidence>1</confidence><name>gender</name><value>female</value></TagInfo><TagInfo><confidence>1</confidence><name>glasses</name><value>no</value></TagInfo><TagInfo><confidence>1</confidence><name>mustache</name><value>no</value></TagInfo><TagInfo><confidence>0.76</confidence><name>race</name><value>asian</value></TagInfo><TagInfo><confidence>1</confidence><name>chin size</name><value>extra small</value></TagInfo><TagInfo><confidence>0</confidence><name>color background</name><value>5e6468</value></TagInfo><TagInfo><confidence>0.13</confidence><name>color clothes middle</name><value>cabfb7</value></TagInfo><TagInfo><confidence>0</confidence><name>color clothes sides</name><value>707378</value></TagInfo><TagInfo><confidence>0.64</confidence><name>color eyes</name><value>462f2b</value></TagInfo><TagInfo><confidence>0.3</confidence><name>color hair</name><value>341f25</value></TagInfo><TagInfo><confidence>1</confidence><name>color skin</name><value>b08c7c</value></TagInfo><TagInfo><confidence>1</confidence><name>eyebrows corners</name><value>average</value></TagInfo><TagInfo><confidence>1</confidence><name>eyebrows position</name><value>extra low</value></TagInfo><TagInfo><confidence>1</confidence><name>eyebrows size</name><value>extra thin</value></TagInfo><TagInfo><confidence>1</confidence><name>eyes corners</name><value>average</value></TagInfo><TagInfo><confidence>1</confidence><name>eyes distance</name><value>extra far</value></TagInfo><TagInfo><confidence>1</confidence><name>eyes position</name><value>low</value></TagInfo><TagInfo><confidence>1</confidence><name>eyes shape</name><value>extra round</value></TagInfo><TagInfo><confidence>1</confidence><name>glasses rim</name><value>no</value></TagInfo><TagInfo><confidence>1</confidence><name>hair beard</name><value>none</value></TagInfo><TagInfo><confidence>0.3</confidence><name>hair color type</name><value>brown</value></TagInfo><TagInfo><confidence>1</confidence><name>hair forehead</name><value>no</value></TagInfo><TagInfo><confidence>1</confidence><name>hair length</name><value>none</value></TagInfo><TagInfo><confidence>1</confidence><name>hair mustache</name><value>none</value></TagInfo><TagInfo><confidence>1</confidence><name>hair sides</name><value>very thin</value></TagInfo><TagInfo><confidence>1</confidence><name>hair top</name><value>average</value></TagInfo><TagInfo><confidence>1</confidence><name>head shape</name><value>extra heart</value></TagInfo><TagInfo><confidence>1</confidence><name>head width</name><value>average</value></TagInfo><TagInfo><confidence>1</confidence><name>mouth corners</name><value>extra raised</value></TagInfo><TagInfo><confidence>1</confidence><name>mouth height</name><value>extra thick</value></TagInfo><TagInfo><confidence>1</confidence><name>mouth width</name><value>extra small</value></TagInfo><TagInfo><confidence>1</confidence><name>nose shape</name><value>extra straight</value></TagInfo><TagInfo><confidence>1</confidence><name>nose width</name><value>extra wide</value></TagInfo><TagInfo><confidence>1</confidence><name>teeth visible</name><value>no</value></TagInfo></tags><uid>9b369243-408c-11e7-9586-0cc47a6c4dbd</uid><user_points i:nil="true"/><width>221.3</width><x>266.99</x><y>199.74</y></FaceInfo></faces><original_filename>temp.jpg</original_filename><uid>7df87293-20c0-45b8-91c6-b6e225e01124</uid></BetafaceImageInfoResponse>