{"accessoryName":"48150000","imageInfo":{"imageName":"AngelinaJolie-3","originalSize":{"width":500,"height":474},"scaledSize":{"width":500,"height":474},"clientCropSize":{"width":198,"height":311},"gender":"female","skinColor":"d4b1a4","hairColor":"341f25","eyeColor":"462f2b"},"meshShapesList":[{"type":1,"name":"HEAD_MESH","textureName":"AngelinaJolie-3_FaceCrop.png","headPointsList":[{"type":0,"point":{"x":0.50324005,"y":0.0025652428}},{"type":1,"point":{"x":0.38982692,"y":0.03193862}},{"type":2,"point":{"x":0.61650074,"y":0.031854894}},{"type":3,"point":{"x":0.26646763,"y":0.102911934}},{"type":4,"point":{"x":0.7397401,"y":0.102508865}},{"type":5,"point":{"x":0.21540171,"y":0.16816966}},{"type":6,"point":{"x":0.79079866,"y":0.16742453}},{"type":7,"point":{"x":0.19346844,"y":0.2265326}},{"type":8,"point":{"x":0.81276464,"y":0.2254631}},{"type":9,"point":{"x":0.18556327,"y":0.29296952}},{"type":10,"point":{"x":0.8207352,"y":0.29151756}},{"type":11,"point":{"x":0.19168626,"y":0.3674804}},{"type":12,"point":{"x":0.8147103,"y":0.36558777}},{"type":13,"point":{"x":0.20356162,"y":0.4216399}},{"type":14,"point":{"x":0.80291843,"y":0.41942123}},{"type":15,"point":{"x":0.20304714,"y":0.52266884}},{"type":16,"point":{"x":0.8090599,"y":0.51446944}},{"type":17,"point":{"x":0.20857769,"y":0.60115755}},{"type":18,"point":{"x":0.80401176,"y":0.5962379}},{"type":19,"point":{"x":0.20857769,"y":0.60115755}},{"type":20,"point":{"x":0.80401176,"y":0.5962379}},{"type":21,"point":{"x":0.22069983,"y":0.676881}},{"type":22,"point":{"x":0.7933365,"y":0.67511255}},{"type":23,"point":{"x":0.23925291,"y":0.7526045}},{"type":24,"point":{"x":0.77558726,"y":0.7538585}},{"type":25,"point":{"x":0.26931724,"y":0.82327974}},{"type":26,"point":{"x":0.7434651,"y":0.8265595}},{"type":27,"point":{"x":0.31346512,"y":0.8865917}},{"type":28,"point":{"x":0.6950407,"y":0.89061093}},{"type":29,"point":{"x":0.425105,"y":0.98758847}},{"type":30,"point":{"x":0.5703461,"y":0.98922825}},{"type":31,"point":{"x":0.4963269,"y":1.0018971}}],"texturePointList":[]},{"type":2,"name":"EYE_LEFT_MESH","clientCropRect":{"x":34,"y":147,"w":42,"h":16},"headPointsList":[{"type":32,"point":{"x":0.29439762,"y":0.50344056}},{"type":33,"point":{"x":0.42822397,"y":0.5185209}},{"type":34,"point":{"x":0.36516932,"y":0.47527328}},{"type":35,"point":{"x":0.3590278,"y":0.52614146}},{"type":36,"point":{"x":0.36230758,"y":0.50170416}}],"texturePointList":[{"point":{"x":0.36523438,"y":0.5302439},"type":0},{"point":{"x":0.5913086,"y":0.3209756},"type":2},{"point":{"x":0.8173828,"y":0.5302439},"type":1},{"point":{"x":0.5913086,"y":0.7395122},"type":3}]},{"type":3,"name":"EYE_RIGHT_MESH","clientCropRect":{"x":125,"y":150,"w":42,"h":16},"headPointsList":[{"type":37,"point":{"x":0.72105354,"y":0.50242764}},{"type":38,"point":{"x":0.58722717,"y":0.5144534}},{"type":41,"point":{"x":0.65275776,"y":0.5054019}},{"type":39,"point":{"x":0.64983165,"y":0.47527328}},{"type":40,"point":{"x":0.653851,"y":0.52614146}}],"texturePointList":[{"point":{"x":0.18164062,"y":0.5302439},"type":5},{"point":{"x":0.40771484,"y":0.3209756},"type":6},{"point":{"x":0.63378906,"y":0.5302439},"type":4},{"point":{"x":0.40771484,"y":0.7395122},"type":7}]},{"type":4,"name":"EYEBROW_LEFT_MESH","clientCropRect":{"x":21,"y":123,"w":55,"h":19},"headPointsList":[{"type":42,"point":{"x":0.25145552,"y":0.44096467}},{"type":43,"point":{"x":0.43103755,"y":0.457074}},{"type":44,"point":{"x":0.34407607,"y":0.40019295}},{"type":45,"point":{"x":0.33944583,"y":0.43736336}}],"texturePointList":[{"point":{"x":0.37402344,"y":0.61083984},"type":8},{"point":{"x":0.6113281,"y":0.55371094},"type":10},{"point":{"x":0.8486328,"y":0.61083984},"type":9},{"point":{"x":0.6113281,"y":0.66796875},"type":11}]},{"type":5,"name":"EYEBROW_RIGHT_MESH","clientCropRect":{"x":121,"y":124,"w":56,"h":18},"headPointsList":[{"type":46,"point":{"x":0.754912,"y":0.4385852}},{"type":47,"point":{"x":0.57533,"y":0.4588746}},{"type":48,"point":{"x":0.6624683,"y":0.40019295}},{"type":49,"point":{"x":0.6681597,"y":0.43736336}}],"texturePointList":[{"point":{"x":0.15039062,"y":0.61083984},"type":13},{"point":{"x":0.3876953,"y":0.55371094},"type":14},{"point":{"x":0.625,"y":0.61083984},"type":12},{"point":{"x":0.3876953,"y":0.66796875},"type":15}]},{"type":6,"name":"MOUTH_MESH","clientCropRect":{"x":66,"y":244,"w":71,"h":35},"headPointsList":[{"type":50,"point":{"x":0.3975809,"y":0.82791}},{"type":51,"point":{"x":0.625716,"y":0.8236656}},{"type":52,"point":{"x":0.50815964,"y":0.78729904}},{"type":53,"point":{"x":0.5118574,"y":0.8981993}}],"texturePointList":[{"point":{"x":0.31835938,"y":0.45410156},"type":16},{"point":{"x":0.50146484,"y":0.3798828},"type":18},{"point":{"x":0.6845703,"y":0.45410156},"type":17},{"point":{"x":0.50146484,"y":0.5283203},"type":19}]},{"type":7,"name":"NOSE_MESH","textureName":"AngelinaJolie-3_NoseCrop.png","headPointsList":[],"texturePointList":[]},{"type":8,"name":"EAR_MESH","headPointsList":[],"texturePointList":[]}]}