<image file="BruceWillis.jpg">
 <width>530.84</width>
 <height>530.84</height>
 <x>366.67</x>
 <y>458.5</y>
 <angle>1.2066</angle>
 <uid>30f51b49-6792-11e7-9c43-0cc47a6c4dbd</uid>
 <box height="558" width="486" left="256" top="111">
  <part name="512" x="244.31" y="409.51"/>
  <part name="768" x="444.29" y="405.78"/>
  <part name="1024" x="198.38" y="415.02"/>
  <part name="1280" x="490.1" y="407.01"/>
  <part name="1536" x="290.34" y="408.18"/>
  <part name="1792" x="399.8" y="405.45"/>
  <part name="2048" x="257.74" y="636.65"/>
  <part name="2304" x="425.79" y="640.21"/>
  <part name="2560" x="345.52" y="531.27"/>
  <part name="2816" x="339.34" y="635.81"/>
  <part name="3072" x="232.03" y="365.1"/>
  <part name="3328" x="285.58" y="369"/>
  <part name="3584" x="179.16" y="376.58"/>
  <part name="3840" x="449.78" y="366.34"/>
  <part name="4096" x="399.24" y="367.99"/>
  <part name="4352" x="503.37" y="374.2"/>
  <part name="4608" x="334.59" y="787.52"/>
  <part name="4864" x="126.83" y="562.15"/>
  <part name="5120" x="563.71" y="566.99"/>
  <part name="5376" x="294.32" y="535.92"/>
  <part name="5632" x="399.46" y="535.8"/>
  <part name="65536" x="129.3" y="558.73"/>
  <part name="131072" x="141.1" y="614.98"/>
  <part name="196608" x="162.29" y="667.49"/>
  <part name="262144" x="195.04" y="714.01"/>
  <part name="327680" x="236.2" y="753.19"/>
  <part name="393216" x="283.9" y="784.17"/>
  <part name="458752" x="340.77" y="794.18"/>
  <part name="524288" x="399.08" y="785.13"/>
  <part name="589824" x="450.5" y="755.72"/>
  <part name="655360" x="495.72" y="717.78"/>
  <part name="720896" x="532.01" y="671.81"/>
  <part name="786432" x="555.47" y="618.7"/>
  <part name="851968" x="567.96" y="560.79"/>
  <part name="917504" x="574.37" y="502.01"/>
  <part name="983040" x="577.26" y="441.66"/>
  <part name="1048576" x="574.91" y="392.92"/>
  <part name="1114112" x="572.56" y="344.19"/>
  <part name="1179648" x="550.47" y="312.8"/>
  <part name="1245184" x="528.37" y="281.42"/>
  <part name="1310720" x="467.83" y="277.11"/>
  <part name="1376256" x="405.04" y="276"/>
  <part name="1441792" x="340.03" y="276.69"/>
  <part name="1507328" x="279.64" y="279.99"/>
  <part name="1572864" x="222.62" y="284.5"/>
  <part name="1638400" x="168.1" y="291.84"/>
  <part name="1703936" x="147.81" y="322.72"/>
  <part name="1769472" x="127.53" y="353.6"/>
  <part name="1835008" x="124.26" y="398.66"/>
  <part name="1900544" x="121" y="443.71"/>
  <part name="1966080" x="123.21" y="501.89"/>
  <part name="2031616" x="495.05" y="407.5"/>
  <part name="2097152" x="470.3" y="413.27"/>
  <part name="2162688" x="451.7" y="417.25"/>
  <part name="2228224" x="434.94" y="411.6"/>
  <part name="2293760" x="407.74" y="406.27"/>
  <part name="2359296" x="434.71" y="392.53"/>
  <part name="2424832" x="452.14" y="386.86"/>
  <part name="2490368" x="470.95" y="394.48"/>
  <part name="2555904" x="207.02" y="415.37"/>
  <part name="2621440" x="232.9" y="399.66"/>
  <part name="2686976" x="248.78" y="393.27"/>
  <part name="2752512" x="271.4" y="395.63"/>
  <part name="2818048" x="296.69" y="409.9"/>
  <part name="2883584" x="271.91" y="415.78"/>
  <part name="2949120" x="250.46" y="424.09"/>
  <part name="3014656" x="234.5" y="419.24"/>
  <part name="3080192" x="407.35" y="381.83"/>
  <part name="3145728" x="427.4" y="362.99"/>
  <part name="3211264" x="463.05" y="356.37"/>
  <part name="3276800" x="494.58" y="362.41"/>
  <part name="3342336" x="513.12" y="384.69"/>
  <part name="3407872" x="488.47" y="380.75"/>
  <part name="3473408" x="462.53" y="377.9"/>
  <part name="3538944" x="434.55" y="382.94"/>
  <part name="3604480" x="289.81" y="380.64"/>
  <part name="3670016" x="269.68" y="363.24"/>
  <part name="3735552" x="234.72" y="358.89"/>
  <part name="3801088" x="203.23" y="366.16"/>
  <part name="3866624" x="184.52" y="388.75"/>
  <part name="3932160" x="209.19" y="384.35"/>
  <part name="3997696" x="234.95" y="379.91"/>
  <part name="4063232" x="262.88" y="383.05"/>
  <part name="4128768" x="262.26" y="638.58"/>
  <part name="4194304" x="326.14" y="622.81"/>
  <part name="4259840" x="349.75" y="629.21"/>
  <part name="4325376" x="373.41" y="624.16"/>
  <part name="4390912" x="430.39" y="642.75"/>
  <part name="4456448" x="378.24" y="669.4"/>
  <part name="4521984" x="347.78" y="672.34"/>
  <part name="4587520" x="317.1" y="667.85"/>
  <part name="4653056" x="320.75" y="414.87"/>
  <part name="4718592" x="310.33" y="484.65"/>
  <part name="4784128" x="288.73" y="520.36"/>
  <part name="4849664" x="296.8" y="544.04"/>
  <part name="4915200" x="321.87" y="544.01"/>
  <part name="4980736" x="350.45" y="556.2"/>
  <part name="5046272" x="378.76" y="545.14"/>
  <part name="5111808" x="402.32" y="545.47"/>
  <part name="5177344" x="412.48" y="518.91"/>
  <part name="5242880" x="390.08" y="483.68"/>
  <part name="5308416" x="377.65" y="414.14"/>
  <part name="5373952" x="450.06" y="398.45"/>
  <part name="5439488" x="252.32" y="407.06"/>
  <part name="5505024" x="353.56" y="506.5"/>
  <part name="5570560" x="235.04" y="594.51"/>
  <part name="5636096" x="463.64" y="587.26"/>
  <part name="5701632" x="353.1" y="397.16"/>
  <part name="5767168" x="351.89" y="434.71"/>
  <part name="5832704" x="350.76" y="471.81"/>
  <part name="5898240" x="295.4" y="629.52"/>
  <part name="5963776" x="290.59" y="655.43"/>
  <part name="6029312" x="403.45" y="658.31"/>
  <part name="6094848" x="401.23" y="632.45"/>
  <part name="6160384" x="276.41" y="640.44"/>
  <part name="6225920" x="325.89" y="642.1"/>
  <part name="6291456" x="348.14" y="644.71"/>
  <part name="6356992" x="370.2" y="642.88"/>
  <part name="6422528" x="417.01" y="643.44"/>
  <part name="6488064" x="370.26" y="640.13"/>
  <part name="6553600" x="348.33" y="641.94"/>
  <part name="6619136" x="326.19" y="639.26"/>
 </box>
</image>
