<BetafaceImageInfoResponse xmlns:i="http://www.w3.org/2001/XMLSchema-instance"><int_response>0</int_response><string_response>ok</string_response><checksum>5497769e96233814bfc2c93ae5fadf06097b9af9bf096ae0fd06fc4c56733919</checksum><faces><FaceInfo><angle>1.2066</angle><height>530.84</height><image_uid>d2ef4665-e6b3-4755-b399-05ae816066d1</image_uid><person_name/><points><PointInfo><name>basic eye left</name><type>512</type><x>245.03</x><y>410.16</y></PointInfo><PointInfo><name>basic eye right</name><type>768</type><x>445.01</x><y>406.43</y></PointInfo><PointInfo><name>basic eye left outer</name><type>1024</type><x>199.1</x><y>415.67</y></PointInfo><PointInfo><name>basic eye right outer</name><type>1280</type><x>490.82</x><y>407.66</y></PointInfo><PointInfo><name>basic eye left inner</name><type>1536</type><x>291.06</x><y>408.83</y></PointInfo><PointInfo><name>basic eye right inner</name><type>1792</type><x>400.52</x><y>406.1</y></PointInfo><PointInfo><name>basic mouth left</name><type>2048</type><x>258.46</x><y>637.3</y></PointInfo><PointInfo><name>basic mouth right</name><type>2304</type><x>426.51</x><y>640.86</y></PointInfo><PointInfo><name>basic nose tip</name><type>2560</type><x>346.24</x><y>531.92</y></PointInfo><PointInfo><name>basic mouth center</name><type>2816</type><x>340.06</x><y>636.46</y></PointInfo><PointInfo><name>basic eyebrow left</name><type>3072</type><x>232.75</x><y>365.75</y></PointInfo><PointInfo><name>basic eyebrow left inner corner</name><type>3328</type><x>286.3</x><y>369.65</y></PointInfo><PointInfo><name>basic eyebrow left outer corner</name><type>3584</type><x>179.88</x><y>377.23</y></PointInfo><PointInfo><name>basic eyebrow right</name><type>3840</type><x>450.5</x><y>366.99</y></PointInfo><PointInfo><name>basic eyebrow right inner corner</name><type>4096</type><x>399.96</x><y>368.64</y></PointInfo><PointInfo><name>basic eyebrow right outer corner</name><type>4352</type><x>504.09</x><y>374.85</y></PointInfo><PointInfo><name>basic chin bottom</name><type>4608</type><x>335.31</x><y>788.17</y></PointInfo><PointInfo><name>basic chin left</name><type>4864</type><x>127.55</x><y>562.8</y></PointInfo><PointInfo><name>basic chin right</name><type>5120</type><x>564.43</x><y>567.64</y></PointInfo><PointInfo><name>basic nose left</name><type>5376</type><x>295.04</x><y>536.57</y></PointInfo><PointInfo><name>basic nose right</name><type>5632</type><x>400.18</x><y>536.45</y></PointInfo><PointInfo><name>chin ear left</name><type>65536</type><x>130.02</x><y>559.38</y></PointInfo><PointInfo><name>chin left 1</name><type>131072</type><x>141.82</x><y>615.63</y></PointInfo><PointInfo><name>chin left 2</name><type>196608</type><x>163.01</x><y>668.14</y></PointInfo><PointInfo><name>chin left 3</name><type>262144</type><x>195.76</x><y>714.66</y></PointInfo><PointInfo><name>chin left 4</name><type>327680</type><x>236.92</x><y>753.84</y></PointInfo><PointInfo><name>chin left 5</name><type>393216</type><x>284.62</x><y>784.82</y></PointInfo><PointInfo><name>chin bottom</name><type>458752</type><x>341.49</x><y>794.83</y></PointInfo><PointInfo><name>chin right 5</name><type>524288</type><x>399.8</x><y>785.78</y></PointInfo><PointInfo><name>chin right 4</name><type>589824</type><x>451.22</x><y>756.37</y></PointInfo><PointInfo><name>chin right 3</name><type>655360</type><x>496.44</x><y>718.43</y></PointInfo><PointInfo><name>chin right 2</name><type>720896</type><x>532.73</x><y>672.46</y></PointInfo><PointInfo><name>chin right 1</name><type>786432</type><x>556.19</x><y>619.35</y></PointInfo><PointInfo><name>chin ear right</name><type>851968</type><x>568.68</x><y>561.44</y></PointInfo><PointInfo><name>temple right 4</name><type>917504</type><x>575.09</x><y>502.66</y></PointInfo><PointInfo><name>temple right 3</name><type>983040</type><x>577.98</x><y>442.31</y></PointInfo><PointInfo><name>temple right 2</name><type>1048576</type><x>575.63</x><y>393.57</y></PointInfo><PointInfo><name>temple right 1</name><type>1114112</type><x>573.28</x><y>344.84</y></PointInfo><PointInfo><name>temple right</name><type>1179648</type><x>551.19</x><y>313.45</y></PointInfo><PointInfo><name>forehead right</name><type>1245184</type><x>529.09</x><y>282.07</y></PointInfo><PointInfo><name>forehead 4</name><type>1310720</type><x>468.55</x><y>277.76</y></PointInfo><PointInfo><name>forehead 3</name><type>1376256</type><x>405.76</x><y>276.65</y></PointInfo><PointInfo><name>forehead middle</name><type>1441792</type><x>340.75</x><y>277.34</y></PointInfo><PointInfo><name>forehead 2</name><type>1507328</type><x>280.36</x><y>280.64</y></PointInfo><PointInfo><name>forehead 1</name><type>1572864</type><x>223.34</x><y>285.15</y></PointInfo><PointInfo><name>forehead left</name><type>1638400</type><x>168.82</x><y>292.49</y></PointInfo><PointInfo><name>temple left</name><type>1703936</type><x>148.53</x><y>323.37</y></PointInfo><PointInfo><name>temple left 1</name><type>1769472</type><x>128.25</x><y>354.25</y></PointInfo><PointInfo><name>temple left 2</name><type>1835008</type><x>124.98</x><y>399.31</y></PointInfo><PointInfo><name>temple left 3</name><type>1900544</type><x>121.72</x><y>444.36</y></PointInfo><PointInfo><name>temple left 4</name><type>1966080</type><x>123.93</x><y>502.54</y></PointInfo><PointInfo><name>eye right outer</name><type>2031616</type><x>495.77</x><y>408.15</y></PointInfo><PointInfo><name>eye right bottom outer</name><type>2097152</type><x>471.02</x><y>413.92</y></PointInfo><PointInfo><name>eye right bottom</name><type>2162688</type><x>452.42</x><y>417.9</y></PointInfo><PointInfo><name>eye right bottom inner</name><type>2228224</type><x>435.66</x><y>412.25</y></PointInfo><PointInfo><name>eye right inner</name><type>2293760</type><x>408.46</x><y>406.92</y></PointInfo><PointInfo><name>eye right top inner</name><type>2359296</type><x>435.43</x><y>393.18</y></PointInfo><PointInfo><name>eye right top</name><type>2424832</type><x>452.86</x><y>387.51</y></PointInfo><PointInfo><name>eye right top outer</name><type>2490368</type><x>471.67</x><y>395.13</y></PointInfo><PointInfo><name>eye left outer</name><type>2555904</type><x>207.74</x><y>416.02</y></PointInfo><PointInfo><name>eye left top outer</name><type>2621440</type><x>233.62</x><y>400.31</y></PointInfo><PointInfo><name>eye left top</name><type>2686976</type><x>249.5</x><y>393.92</y></PointInfo><PointInfo><name>eye left top inner</name><type>2752512</type><x>272.12</x><y>396.28</y></PointInfo><PointInfo><name>eye left inner</name><type>2818048</type><x>297.41</x><y>410.55</y></PointInfo><PointInfo><name>eye left bottom inner</name><type>2883584</type><x>272.63</x><y>416.43</y></PointInfo><PointInfo><name>eye left bottom</name><type>2949120</type><x>251.18</x><y>424.74</y></PointInfo><PointInfo><name>eye left bottom outer</name><type>3014656</type><x>235.22</x><y>419.89</y></PointInfo><PointInfo><name>eyebrow right inner</name><type>3080192</type><x>408.07</x><y>382.48</y></PointInfo><PointInfo><name>eyebrow right top inner</name><type>3145728</type><x>428.12</x><y>363.64</y></PointInfo><PointInfo><name>eyebrow right top</name><type>3211264</type><x>463.77</x><y>357.02</y></PointInfo><PointInfo><name>eyebrow right top outer</name><type>3276800</type><x>495.3</x><y>363.06</y></PointInfo><PointInfo><name>eyebrow right outer</name><type>3342336</type><x>513.84</x><y>385.34</y></PointInfo><PointInfo><name>eyebrow right bottom outer</name><type>3407872</type><x>489.19</x><y>381.4</y></PointInfo><PointInfo><name>eyebrow right botom</name><type>3473408</type><x>463.25</x><y>378.55</y></PointInfo><PointInfo><name>eyebrow rigth bottom inner</name><type>3538944</type><x>435.27</x><y>383.59</y></PointInfo><PointInfo><name>eyebrow left inner</name><type>3604480</type><x>290.53</x><y>381.29</y></PointInfo><PointInfo><name>eyebrow left top inner</name><type>3670016</type><x>270.4</x><y>363.89</y></PointInfo><PointInfo><name>eyebrow left top</name><type>3735552</type><x>235.44</x><y>359.54</y></PointInfo><PointInfo><name>eyebrow left top outer</name><type>3801088</type><x>203.95</x><y>366.81</y></PointInfo><PointInfo><name>eyebrow left outer</name><type>3866624</type><x>185.24</x><y>389.4</y></PointInfo><PointInfo><name>eyebrow left bottom outer</name><type>3932160</type><x>209.91</x><y>385</y></PointInfo><PointInfo><name>eyebrow left bottom</name><type>3997696</type><x>235.67</x><y>380.56</y></PointInfo><PointInfo><name>eyebrow left bottom inner</name><type>4063232</type><x>263.6</x><y>383.7</y></PointInfo><PointInfo><name>mouth left</name><type>4128768</type><x>262.98</x><y>639.23</y></PointInfo><PointInfo><name>mouth left top</name><type>4194304</type><x>326.86</x><y>623.46</y></PointInfo><PointInfo><name>mouth top</name><type>4259840</type><x>350.47</x><y>629.86</y></PointInfo><PointInfo><name>mouth right top</name><type>4325376</type><x>374.13</x><y>624.81</y></PointInfo><PointInfo><name>mouth right</name><type>4390912</type><x>431.11</x><y>643.4</y></PointInfo><PointInfo><name>mouth right bottom</name><type>4456448</type><x>378.96</x><y>670.05</y></PointInfo><PointInfo><name>mouth bottom</name><type>4521984</type><x>348.5</x><y>672.99</y></PointInfo><PointInfo><name>mouth left bottom</name><type>4587520</type><x>317.82</x><y>668.5</y></PointInfo><PointInfo><name>nose left top</name><type>4653056</type><x>321.47</x><y>415.52</y></PointInfo><PointInfo><name>nose left top inner</name><type>4718592</type><x>311.05</x><y>485.3</y></PointInfo><PointInfo><name>nose left top outer</name><type>4784128</type><x>289.45</x><y>521.01</y></PointInfo><PointInfo><name>nose left bottom outer</name><type>4849664</type><x>297.52</x><y>544.69</y></PointInfo><PointInfo><name>nose left bottom inner</name><type>4915200</type><x>322.59</x><y>544.66</y></PointInfo><PointInfo><name>nose bottom</name><type>4980736</type><x>351.17</x><y>556.85</y></PointInfo><PointInfo><name>nose right bottom inner</name><type>5046272</type><x>379.48</x><y>545.79</y></PointInfo><PointInfo><name>nose right bottom outer</name><type>5111808</type><x>403.04</x><y>546.12</y></PointInfo><PointInfo><name>nose right top outer</name><type>5177344</type><x>413.2</x><y>519.56</y></PointInfo><PointInfo><name>nose right top inner</name><type>5242880</type><x>390.8</x><y>484.33</y></PointInfo><PointInfo><name>nose right top</name><type>5308416</type><x>378.37</x><y>414.79</y></PointInfo><PointInfo><name>eye right iris</name><type>5373952</type><x>450.78</x><y>399.1</y></PointInfo><PointInfo><name>eye left iris</name><type>5439488</type><x>253.04</x><y>407.71</y></PointInfo><PointInfo><name>nose tip</name><type>5505024</type><x>354.28</x><y>507.15</y></PointInfo><PointInfo><name>cheekbone left</name><type>5570560</type><x>235.76</x><y>595.16</y></PointInfo><PointInfo><name>cheekbone right</name><type>5636096</type><x>464.36</x><y>587.91</y></PointInfo><PointInfo><name>nose bridge top</name><type>5701632</type><x>353.82</x><y>397.81</y></PointInfo><PointInfo><name>nose bridge middle</name><type>5767168</type><x>352.61</x><y>435.36</y></PointInfo><PointInfo><name>nose bridge bottom</name><type>5832704</type><x>351.48</x><y>472.46</y></PointInfo><PointInfo><name>mouth left top point 1</name><type>5898240</type><x>296.12</x><y>630.17</y></PointInfo><PointInfo><name>mouth left bottom point 1</name><type>5963776</type><x>291.31</x><y>656.08</y></PointInfo><PointInfo><name>mouth right bottom point 1</name><type>6029312</type><x>404.17</x><y>658.96</y></PointInfo><PointInfo><name>mouth right top point 1</name><type>6094848</type><x>401.95</x><y>633.1</y></PointInfo><PointInfo><name>mouth inner left</name><type>6160384</type><x>277.13</x><y>641.09</y></PointInfo><PointInfo><name>mouth inner left bottom</name><type>6225920</type><x>326.61</x><y>642.75</y></PointInfo><PointInfo><name>mouth inner bottom</name><type>6291456</type><x>348.86</x><y>645.36</y></PointInfo><PointInfo><name>mouth inner right bottom</name><type>6356992</type><x>370.92</x><y>643.53</y></PointInfo><PointInfo><name>mouth inner right</name><type>6422528</type><x>417.73</x><y>644.09</y></PointInfo><PointInfo><name>mouth inner right top</name><type>6488064</type><x>370.98</x><y>640.78</y></PointInfo><PointInfo><name>mouth inner top</name><type>6553600</type><x>349.05</x><y>642.59</y></PointInfo><PointInfo><name>mouth inner left top</name><type>6619136</type><x>326.91</x><y>639.91</y></PointInfo></points><score>0.98</score><tags><TagInfo><confidence>0.6</confidence><name>age</name><value>54</value></TagInfo><TagInfo><confidence>1</confidence><name>beard</name><value>no</value></TagInfo><TagInfo><confidence>0.73</confidence><name>expression</name><value>other</value></TagInfo><TagInfo><confidence>1</confidence><name>gender</name><value>male</value></TagInfo><TagInfo><confidence>1</confidence><name>glasses</name><value>no</value></TagInfo><TagInfo><confidence>1</confidence><name>mustache</name><value>no</value></TagInfo><TagInfo><confidence>1</confidence><name>race</name><value>white</value></TagInfo><TagInfo><confidence>1</confidence><name>chin size</name><value>extra large</value></TagInfo><TagInfo><confidence>0.16</confidence><name>color clothes middle</name><value>7f4c33</value></TagInfo><TagInfo><confidence>0.89</confidence><name>color eyes</name><value>523c31</value></TagInfo><TagInfo><confidence>0.81</confidence><name>color hair</name><value>ecd4d0</value></TagInfo><TagInfo><confidence>1</confidence><name>color skin</name><value>c78c7e</value></TagInfo><TagInfo><confidence>1</confidence><name>eyebrows corners</name><value>average</value></TagInfo><TagInfo><confidence>1</confidence><name>eyebrows position</name><value>extra high</value></TagInfo><TagInfo><confidence>1</confidence><name>eyebrows size</name><value>extra thin</value></TagInfo><TagInfo><confidence>1</confidence><name>eyes corners</name><value>low</value></TagInfo><TagInfo><confidence>1</confidence><name>eyes distance</name><value>average</value></TagInfo><TagInfo><confidence>1</confidence><name>eyes position</name><value>extra high</value></TagInfo><TagInfo><confidence>1</confidence><name>eyes shape</name><value>extra thin</value></TagInfo><TagInfo><confidence>1</confidence><name>glasses rim</name><value>no</value></TagInfo><TagInfo><confidence>1</confidence><name>hair beard</name><value>none</value></TagInfo><TagInfo><confidence>0.81</confidence><name>hair color type</name><value>blond</value></TagInfo><TagInfo><confidence>1</confidence><name>hair forehead</name><value>no</value></TagInfo><TagInfo><confidence>1</confidence><name>hair length</name><value>none</value></TagInfo><TagInfo><confidence>1</confidence><name>hair mustache</name><value>none</value></TagInfo><TagInfo><confidence>1</confidence><name>hair sides</name><value>very thin</value></TagInfo><TagInfo><confidence>1</confidence><name>hair top</name><value>short</value></TagInfo><TagInfo><confidence>1</confidence><name>head shape</name><value>average</value></TagInfo><TagInfo><confidence>1</confidence><name>head width</name><value>extra narrow</value></TagInfo><TagInfo><confidence>1</confidence><name>mouth corners</name><value>average</value></TagInfo><TagInfo><confidence>1</confidence><name>mouth height</name><value>extra thin</value></TagInfo><TagInfo><confidence>1</confidence><name>mouth width</name><value>extra small</value></TagInfo><TagInfo><confidence>1</confidence><name>nose shape</name><value>extra straight</value></TagInfo><TagInfo><confidence>1</confidence><name>nose width</name><value>extra wide</value></TagInfo><TagInfo><confidence>1</confidence><name>teeth visible</name><value>no</value></TagInfo></tags><uid>30f51b49-6792-11e7-9c43-0cc47a6c4dbd</uid><user_points i:nil="true"/><width>530.84</width><x>366.67</x><y>458.5</y></FaceInfo></faces><original_filename>temp.jpg</original_filename><uid>d2ef4665-e6b3-4755-b399-05ae816066d1</uid></BetafaceImageInfoResponse>