{"accessoryName":"48150000","imageInfo":{"imageName":"BruceWillis","originalSize":{"width":697,"height":931},"scaledSize":{"width":697,"height":931},"clientCropSize":{"width":472,"height":758},"gender":"male","skinColor":"e9b2ac","hairColor":"ecd4d0","eyeColor":"523c31"},"meshShapesList":[{"type":1,"name":"HEAD_MESH","textureName":"BruceWillis_FaceCrop.png","headPointsList":[{"type":0,"point":{"x":0.49985492,"y":7.033537E-5}},{"type":1,"point":{"x":0.38812128,"y":0.02919338}},{"type":2,"point":{"x":0.6346505,"y":0.038062748}},{"type":3,"point":{"x":0.26678142,"y":0.10005113}},{"type":4,"point":{"x":0.7314039,"y":0.097795986}},{"type":5,"point":{"x":0.21672851,"y":0.16540512}},{"type":6,"point":{"x":0.78141606,"y":0.16123597}},{"type":7,"point":{"x":0.19538002,"y":0.22393125}},{"type":8,"point":{"x":0.8070813,"y":0.23859008}},{"type":9,"point":{"x":0.18790969,"y":0.29060933}},{"type":10,"point":{"x":0.81035244,"y":0.30573678}},{"type":11,"point":{"x":0.1943175,"y":0.36543936}},{"type":12,"point":{"x":0.80492485,"y":0.3548495}},{"type":13,"point":{"x":0.20629947,"y":0.4198549}},{"type":14,"point":{"x":0.79341036,"y":0.40744063}},{"type":15,"point":{"x":0.2019855,"y":0.4793008}},{"type":16,"point":{"x":0.7965106,"y":0.47172827}},{"type":17,"point":{"x":0.1976847,"y":0.5387335}},{"type":18,"point":{"x":0.7996108,"y":0.53602904}},{"type":19,"point":{"x":0.20060027,"y":0.6154882}},{"type":20,"point":{"x":0.79579824,"y":0.6156465}},{"type":21,"point":{"x":0.20863457,"y":0.690475}},{"type":22,"point":{"x":0.7873417,"y":0.69319266}},{"type":23,"point":{"x":0.22420186,"y":0.7646834}},{"type":24,"point":{"x":0.7708641,"y":0.76959103}},{"type":25,"point":{"x":0.25215697,"y":0.83395785}},{"type":26,"point":{"x":0.73991424,"y":0.83965707}},{"type":27,"point":{"x":0.2953628,"y":0.89532983}},{"type":28,"point":{"x":0.6920383,"y":0.9003035}},{"type":29,"point":{"x":0.41259235,"y":0.98788923}},{"type":30,"point":{"x":0.6323813,"y":0.95035625}},{"type":31,"point":{"x":0.48761874,"y":1.001095}}],"texturePointList":[]},{"type":2,"name":"EYE_LEFT_MESH","clientCropRect":{"x":93,"y":357,"w":90,"h":31},"headPointsList":[{"type":32,"point":{"x":0.31116757,"y":0.50134563}},{"type":33,"point":{"x":0.4294657,"y":0.4941293}},{"type":34,"point":{"x":0.3662599,"y":0.47219002}},{"type":35,"point":{"x":0.36847627,"y":0.5128496}},{"type":36,"point":{"x":0.37093008,"y":0.49038258}}],"texturePointList":[{"point":{"x":0.36523438,"y":0.5302439},"type":0},{"point":{"x":0.5913086,"y":0.3209756},"type":2},{"point":{"x":0.8173828,"y":0.5302439},"type":1},{"point":{"x":0.5913086,"y":0.7395122},"type":3}]},{"type":3,"name":"EYE_RIGHT_MESH","clientCropRect":{"x":293,"y":351,"w":89,"h":30},"headPointsList":[{"type":37,"point":{"x":0.69271106,"y":0.49970317}},{"type":38,"point":{"x":0.57441294,"y":0.49808052}},{"type":41,"point":{"x":0.6318008,"y":0.47902378}},{"type":39,"point":{"x":0.63454485,"y":0.47219002}},{"type":40,"point":{"x":0.6339644,"y":0.5128496}}],"texturePointList":[{"point":{"x":0.18164062,"y":0.5302439},"type":5},{"point":{"x":0.40771484,"y":0.3209756},"type":6},{"point":{"x":0.63378906,"y":0.5302439},"type":4},{"point":{"x":0.40771484,"y":0.7395122},"type":7}]},{"type":4,"name":"EYEBROW_LEFT_MESH","clientCropRect":{"x":71,"y":323,"w":105,"h":28},"headPointsList":[{"type":42,"point":{"x":0.28116757,"y":0.46323878}},{"type":43,"point":{"x":0.42070585,"y":0.4525396}},{"type":44,"point":{"x":0.3477111,"y":0.42350924}},{"type":45,"point":{"x":0.34801453,"y":0.45191294}}],"texturePointList":[{"point":{"x":0.37402344,"y":0.61083984},"type":8},{"point":{"x":0.6113281,"y":0.55371094},"type":10},{"point":{"x":0.8486328,"y":0.61083984},"type":9},{"point":{"x":0.6113281,"y":0.66796875},"type":11}]},{"type":5,"name":"EYEBROW_RIGHT_MESH","clientCropRect":{"x":294,"y":321,"w":105,"h":28},"headPointsList":[{"type":46,"point":{"x":0.7149935,"y":0.4608707}},{"type":47,"point":{"x":0.5754552,"y":0.45709765}},{"type":48,"point":{"x":0.648938,"y":0.42350924}},{"type":49,"point":{"x":0.648252,"y":0.45191294}}],"texturePointList":[{"point":{"x":0.15039062,"y":0.61083984},"type":13},{"point":{"x":0.3876953,"y":0.55371094},"type":14},{"point":{"x":0.625,"y":0.61083984},"type":12},{"point":{"x":0.3876953,"y":0.66796875},"type":15}]},{"type":6,"name":"MOUTH_MESH","clientCropRect":{"x":148,"y":587,"w":169,"h":49},"headPointsList":[{"type":50,"point":{"x":0.38404357,"y":0.795818}},{"type":51,"point":{"x":0.60585093,"y":0.8013193}},{"type":52,"point":{"x":0.4994657,"y":0.77501327}},{"type":53,"point":{"x":0.49686676,"y":0.84035623}}],"texturePointList":[{"point":{"x":0.31835938,"y":0.45410156},"type":16},{"point":{"x":0.50146484,"y":0.3798828},"type":18},{"point":{"x":0.6845703,"y":0.45410156},"type":17},{"point":{"x":0.50146484,"y":0.5283203},"type":19}]},{"type":7,"name":"NOSE_MESH","textureName":"BruceWillis_NoseCrop.png","headPointsList":[],"texturePointList":[]},{"type":8,"name":"EAR_MESH","headPointsList":[],"texturePointList":[]}]}