<image file="AnushkaSharma.jpg">
 <width>170.89</width>
 <height>170.89</height>
 <x>294.59</x>
 <y>179.41</y>
 <angle>3.8175</angle>
 <uid>a15b3fa6-688e-11e7-9c43-0cc47a6c4dbd</uid>
 <box height="210" left="90" width="193" top="196">
  <part name="512" x="251.04" y="161.13"/>
  <part name="768" x="325.47" y="156.77"/>
  <part name="1024" x="235.41" y="162.79"/>
  <part name="1280" x="341.05" y="156.74"/>
  <part name="1536" x="266.75" y="161.86"/>
  <part name="1792" x="310.68" y="160.71"/>
  <part name="2048" x="254.34" y="226.14"/>
  <part name="2304" x="329.82" y="220.46"/>
  <part name="2560" x="294.3" y="203.29"/>
  <part name="2816" x="292.63" y="225.99"/>
  <part name="3072" x="242.3" y="138.31"/>
  <part name="3328" x="266.62" y="142.37"/>
  <part name="3584" x="221.9" y="146.04"/>
  <part name="3840" x="331.3" y="133.98"/>
  <part name="4096" x="307.43" y="141.63"/>
  <part name="4352" x="353.19" y="139.48"/>
  <part name="4608" x="294.04" y="279.63"/>
  <part name="4864" x="212.96" y="214.5"/>
  <part name="5120" x="368.82" y="202.42"/>
  <part name="5376" x="273.37" y="204.13"/>
  <part name="5632" x="312.01" y="202.94"/>
  <part name="65536" x="214.24" y="214.67"/>
  <part name="131072" x="220.2" y="232.99"/>
  <part name="196608" x="229.38" y="249.24"/>
  <part name="262144" x="242.81" y="262.47"/>
  <part name="327680" x="259.28" y="272.36"/>
  <part name="393216" x="277.68" y="279.36"/>
  <part name="458752" x="297.9" y="280.54"/>
  <part name="524288" x="317.62" y="276.23"/>
  <part name="589824" x="334.38" y="266.26"/>
  <part name="655360" x="348.63" y="253.72"/>
  <part name="720896" x="359.27" y="238.47"/>
  <part name="786432" x="365.41" y="221.03"/>
  <part name="851968" x="368.22" y="202.3"/>
  <part name="917504" x="369.19" y="183.14"/>
  <part name="983040" x="369.13" y="162.85"/>
  <part name="1048576" x="366.23" y="146.76"/>
  <part name="1114112" x="363.34" y="130.67"/>
  <part name="1179648" x="355.05" y="120.45"/>
  <part name="1245184" x="346.75" y="110.22"/>
  <part name="1310720" x="326.92" y="110"/>
  <part name="1376256" x="306.6" y="110.97"/>
  <part name="1441792" x="285.14" y="112.52"/>
  <part name="1507328" x="262.35" y="115.15"/>
  <part name="1572864" x="240.44" y="118.3"/>
  <part name="1638400" x="219.39" y="122.6"/>
  <part name="1703936" x="212.7" y="133.7"/>
  <part name="1769472" x="206" y="144.79"/>
  <part name="1835008" x="206.36" y="159.95"/>
  <part name="1900544" x="206.71" y="175.11"/>
  <part name="1966080" x="210" y="195.56"/>
  <part name="2031616" x="343.15" y="156.23"/>
  <part name="2097152" x="335.45" y="160.28"/>
  <part name="2162688" x="328.35" y="161.45"/>
  <part name="2228224" x="322.63" y="161.21"/>
  <part name="2293760" x="312.56" y="159.51"/>
  <part name="2359296" x="321.44" y="152.38"/>
  <part name="2424832" x="327.29" y="150.22"/>
  <part name="2490368" x="334.62" y="151.39"/>
  <part name="2555904" x="238.18" y="162.12"/>
  <part name="2621440" x="247.31" y="156.28"/>
  <part name="2686976" x="252.95" y="154.59"/>
  <part name="2752512" x="259.81" y="155.55"/>
  <part name="2818048" x="269.17" y="162.06"/>
  <part name="2883584" x="259.81" y="164.86"/>
  <part name="2949120" x="252.85" y="165.55"/>
  <part name="3014656" x="247.59" y="165.56"/>
  <part name="3080192" x="309.28" y="141.74"/>
  <part name="3145728" x="316.9" y="132.08"/>
  <part name="3211264" x="333.02" y="127.54"/>
  <part name="3276800" x="347.51" y="129.65"/>
  <part name="3342336" x="356.26" y="139.84"/>
  <part name="3407872" x="345.15" y="138.04"/>
  <part name="3473408" x="333.64" y="137.4"/>
  <part name="3538944" x="321.48" y="140.72"/>
  <part name="3604480" x="267.93" y="142.55"/>
  <part name="3670016" x="259.8" y="134.64"/>
  <part name="3735552" x="244.45" y="132.45"/>
  <part name="3801088" x="231.02" y="135.99"/>
  <part name="3866624" x="223.57" y="146.41"/>
  <part name="3932160" x="233.97" y="143.58"/>
  <part name="3997696" x="244.75" y="141.58"/>
  <part name="4063232" x="256.51" y="143.14"/>
  <part name="4128768" x="256.67" y="226.35"/>
  <part name="4194304" x="284.77" y="220.38"/>
  <part name="4259840" x="295.43" y="222.05"/>
  <part name="4325376" x="305.59" y="218.77"/>
  <part name="4390912" x="332.25" y="220.9"/>
  <part name="4456448" x="309.81" y="238.4"/>
  <part name="4521984" x="296.62" y="241.45"/>
  <part name="4587520" x="282.93" y="240.58"/>
  <part name="4653056" x="281.34" y="163.3"/>
  <part name="4718592" x="279.12" y="186.38"/>
  <part name="4784128" x="271.81" y="198.85"/>
  <part name="4849664" x="275.57" y="206.68"/>
  <part name="4915200" x="284.61" y="207.17"/>
  <part name="4980736" x="295.78" y="211.66"/>
  <part name="5046272" x="306.2" y="206.12"/>
  <part name="5111808" x="314.48" y="204.62"/>
  <part name="5177344" x="317.46" y="195.59"/>
  <part name="5242880" x="308.43" y="184.23"/>
  <part name="5308416" x="302.45" y="161.74"/>
  <part name="5373952" x="328.09" y="156.14"/>
  <part name="5439488" x="253.87" y="159.62"/>
  <part name="5505024" x="295.96" y="198.6"/>
  <part name="5570560" x="254.08" y="224.36"/>
  <part name="5636096" x="336.51" y="216.5"/>
  <part name="5701632" x="291.68" y="156.87"/>
  <part name="5767168" x="292.49" y="172.04"/>
  <part name="5832704" x="293.39" y="187.05"/>
  <part name="5898240" x="271.2" y="223.11"/>
  <part name="5963776" x="270.2" y="234.95"/>
  <part name="6029312" x="320.6" y="230.88"/>
  <part name="6094848" x="318.27" y="219.42"/>
  <part name="6160384" x="262.6" y="227.95"/>
  <part name="6225920" x="285.18" y="231.96"/>
  <part name="6291456" x="295.4" y="232.61"/>
  <part name="6356992" x="305.41" y="230.62"/>
  <part name="6422528" x="327.5" y="223.59"/>
  <part name="6488064" x="305.12" y="227.87"/>
  <part name="6553600" x="295.26" y="229.88"/>
  <part name="6619136" x="285.17" y="229.22"/>
 </box>
</image>
