<BetafaceImageInfoResponse xmlns:i="http://www.w3.org/2001/XMLSchema-instance"><int_response>0</int_response><string_response>ok</string_response><checksum>9ca44317728ae1daa52b7ded894202a9243a28552b4195ee44834a32c3a5d7a1</checksum><faces><FaceInfo><angle>3.8175</angle><height>170.89</height><image_uid>395402d0-f55b-474c-91e9-720dd3823d3d</image_uid><person_name/><points><PointInfo><name>basic eye left</name><type>512</type><x>251.76</x><y>161.4</y></PointInfo><PointInfo><name>basic eye right</name><type>768</type><x>326.19</x><y>157.04</y></PointInfo><PointInfo><name>basic eye left outer</name><type>1024</type><x>236.13</x><y>163.06</y></PointInfo><PointInfo><name>basic eye right outer</name><type>1280</type><x>341.77</x><y>157.01</y></PointInfo><PointInfo><name>basic eye left inner</name><type>1536</type><x>267.47</x><y>162.13</y></PointInfo><PointInfo><name>basic eye right inner</name><type>1792</type><x>311.4</x><y>160.98</y></PointInfo><PointInfo><name>basic mouth left</name><type>2048</type><x>255.06</x><y>226.41</y></PointInfo><PointInfo><name>basic mouth right</name><type>2304</type><x>330.54</x><y>220.73</y></PointInfo><PointInfo><name>basic nose tip</name><type>2560</type><x>295.02</x><y>203.56</y></PointInfo><PointInfo><name>basic mouth center</name><type>2816</type><x>293.35</x><y>226.26</y></PointInfo><PointInfo><name>basic eyebrow left</name><type>3072</type><x>243.02</x><y>138.58</y></PointInfo><PointInfo><name>basic eyebrow left inner corner</name><type>3328</type><x>267.34</x><y>142.64</y></PointInfo><PointInfo><name>basic eyebrow left outer corner</name><type>3584</type><x>222.62</x><y>146.31</y></PointInfo><PointInfo><name>basic eyebrow right</name><type>3840</type><x>332.02</x><y>134.25</y></PointInfo><PointInfo><name>basic eyebrow right inner corner</name><type>4096</type><x>308.15</x><y>141.9</y></PointInfo><PointInfo><name>basic eyebrow right outer corner</name><type>4352</type><x>353.91</x><y>139.75</y></PointInfo><PointInfo><name>basic chin bottom</name><type>4608</type><x>294.76</x><y>279.9</y></PointInfo><PointInfo><name>basic chin left</name><type>4864</type><x>213.68</x><y>214.77</y></PointInfo><PointInfo><name>basic chin right</name><type>5120</type><x>369.54</x><y>202.69</y></PointInfo><PointInfo><name>basic nose left</name><type>5376</type><x>274.09</x><y>204.4</y></PointInfo><PointInfo><name>basic nose right</name><type>5632</type><x>312.73</x><y>203.21</y></PointInfo><PointInfo><name>chin ear left</name><type>65536</type><x>214.96</x><y>214.94</y></PointInfo><PointInfo><name>chin left 1</name><type>131072</type><x>220.92</x><y>233.26</y></PointInfo><PointInfo><name>chin left 2</name><type>196608</type><x>230.1</x><y>249.51</y></PointInfo><PointInfo><name>chin left 3</name><type>262144</type><x>243.53</x><y>262.74</y></PointInfo><PointInfo><name>chin left 4</name><type>327680</type><x>260</x><y>272.63</y></PointInfo><PointInfo><name>chin left 5</name><type>393216</type><x>278.4</x><y>279.63</y></PointInfo><PointInfo><name>chin bottom</name><type>458752</type><x>298.62</x><y>280.81</y></PointInfo><PointInfo><name>chin right 5</name><type>524288</type><x>318.34</x><y>276.5</y></PointInfo><PointInfo><name>chin right 4</name><type>589824</type><x>335.1</x><y>266.53</y></PointInfo><PointInfo><name>chin right 3</name><type>655360</type><x>349.35</x><y>253.99</y></PointInfo><PointInfo><name>chin right 2</name><type>720896</type><x>359.99</x><y>238.74</y></PointInfo><PointInfo><name>chin right 1</name><type>786432</type><x>366.13</x><y>221.3</y></PointInfo><PointInfo><name>chin ear right</name><type>851968</type><x>368.94</x><y>202.57</y></PointInfo><PointInfo><name>temple right 4</name><type>917504</type><x>369.91</x><y>183.41</y></PointInfo><PointInfo><name>temple right 3</name><type>983040</type><x>369.85</x><y>163.12</y></PointInfo><PointInfo><name>temple right 2</name><type>1048576</type><x>366.95</x><y>147.03</y></PointInfo><PointInfo><name>temple right 1</name><type>1114112</type><x>364.06</x><y>130.94</y></PointInfo><PointInfo><name>temple right</name><type>1179648</type><x>355.77</x><y>120.72</y></PointInfo><PointInfo><name>forehead right</name><type>1245184</type><x>347.47</x><y>110.49</y></PointInfo><PointInfo><name>forehead 4</name><type>1310720</type><x>327.64</x><y>110.27</y></PointInfo><PointInfo><name>forehead 3</name><type>1376256</type><x>307.32</x><y>111.24</y></PointInfo><PointInfo><name>forehead middle</name><type>1441792</type><x>285.86</x><y>112.79</y></PointInfo><PointInfo><name>forehead 2</name><type>1507328</type><x>263.07</x><y>115.42</y></PointInfo><PointInfo><name>forehead 1</name><type>1572864</type><x>241.16</x><y>118.57</y></PointInfo><PointInfo><name>forehead left</name><type>1638400</type><x>220.11</x><y>122.87</y></PointInfo><PointInfo><name>temple left</name><type>1703936</type><x>213.42</x><y>133.97</y></PointInfo><PointInfo><name>temple left 1</name><type>1769472</type><x>206.72</x><y>145.06</y></PointInfo><PointInfo><name>temple left 2</name><type>1835008</type><x>207.08</x><y>160.22</y></PointInfo><PointInfo><name>temple left 3</name><type>1900544</type><x>207.43</x><y>175.38</y></PointInfo><PointInfo><name>temple left 4</name><type>1966080</type><x>210.72</x><y>195.83</y></PointInfo><PointInfo><name>eye right outer</name><type>2031616</type><x>343.87</x><y>156.5</y></PointInfo><PointInfo><name>eye right bottom outer</name><type>2097152</type><x>336.17</x><y>160.55</y></PointInfo><PointInfo><name>eye right bottom</name><type>2162688</type><x>329.07</x><y>161.72</y></PointInfo><PointInfo><name>eye right bottom inner</name><type>2228224</type><x>323.35</x><y>161.48</y></PointInfo><PointInfo><name>eye right inner</name><type>2293760</type><x>313.28</x><y>159.78</y></PointInfo><PointInfo><name>eye right top inner</name><type>2359296</type><x>322.16</x><y>152.65</y></PointInfo><PointInfo><name>eye right top</name><type>2424832</type><x>328.01</x><y>150.49</y></PointInfo><PointInfo><name>eye right top outer</name><type>2490368</type><x>335.34</x><y>151.66</y></PointInfo><PointInfo><name>eye left outer</name><type>2555904</type><x>238.9</x><y>162.39</y></PointInfo><PointInfo><name>eye left top outer</name><type>2621440</type><x>248.03</x><y>156.55</y></PointInfo><PointInfo><name>eye left top</name><type>2686976</type><x>253.67</x><y>154.86</y></PointInfo><PointInfo><name>eye left top inner</name><type>2752512</type><x>260.53</x><y>155.82</y></PointInfo><PointInfo><name>eye left inner</name><type>2818048</type><x>269.89</x><y>162.33</y></PointInfo><PointInfo><name>eye left bottom inner</name><type>2883584</type><x>260.53</x><y>165.13</y></PointInfo><PointInfo><name>eye left bottom</name><type>2949120</type><x>253.57</x><y>165.82</y></PointInfo><PointInfo><name>eye left bottom outer</name><type>3014656</type><x>248.31</x><y>165.83</y></PointInfo><PointInfo><name>eyebrow right inner</name><type>3080192</type><x>310</x><y>142.01</y></PointInfo><PointInfo><name>eyebrow right top inner</name><type>3145728</type><x>317.62</x><y>132.35</y></PointInfo><PointInfo><name>eyebrow right top</name><type>3211264</type><x>333.74</x><y>127.81</y></PointInfo><PointInfo><name>eyebrow right top outer</name><type>3276800</type><x>348.23</x><y>129.92</y></PointInfo><PointInfo><name>eyebrow right outer</name><type>3342336</type><x>356.98</x><y>140.11</y></PointInfo><PointInfo><name>eyebrow right bottom outer</name><type>3407872</type><x>345.87</x><y>138.31</y></PointInfo><PointInfo><name>eyebrow right botom</name><type>3473408</type><x>334.36</x><y>137.67</y></PointInfo><PointInfo><name>eyebrow rigth bottom inner</name><type>3538944</type><x>322.2</x><y>140.99</y></PointInfo><PointInfo><name>eyebrow left inner</name><type>3604480</type><x>268.65</x><y>142.82</y></PointInfo><PointInfo><name>eyebrow left top inner</name><type>3670016</type><x>260.52</x><y>134.91</y></PointInfo><PointInfo><name>eyebrow left top</name><type>3735552</type><x>245.17</x><y>132.72</y></PointInfo><PointInfo><name>eyebrow left top outer</name><type>3801088</type><x>231.74</x><y>136.26</y></PointInfo><PointInfo><name>eyebrow left outer</name><type>3866624</type><x>224.29</x><y>146.68</y></PointInfo><PointInfo><name>eyebrow left bottom outer</name><type>3932160</type><x>234.69</x><y>143.85</y></PointInfo><PointInfo><name>eyebrow left bottom</name><type>3997696</type><x>245.47</x><y>141.85</y></PointInfo><PointInfo><name>eyebrow left bottom inner</name><type>4063232</type><x>257.23</x><y>143.41</y></PointInfo><PointInfo><name>mouth left</name><type>4128768</type><x>257.39</x><y>226.62</y></PointInfo><PointInfo><name>mouth left top</name><type>4194304</type><x>285.49</x><y>220.65</y></PointInfo><PointInfo><name>mouth top</name><type>4259840</type><x>296.15</x><y>222.32</y></PointInfo><PointInfo><name>mouth right top</name><type>4325376</type><x>306.31</x><y>219.04</y></PointInfo><PointInfo><name>mouth right</name><type>4390912</type><x>332.97</x><y>221.17</y></PointInfo><PointInfo><name>mouth right bottom</name><type>4456448</type><x>310.53</x><y>238.67</y></PointInfo><PointInfo><name>mouth bottom</name><type>4521984</type><x>297.34</x><y>241.72</y></PointInfo><PointInfo><name>mouth left bottom</name><type>4587520</type><x>283.65</x><y>240.85</y></PointInfo><PointInfo><name>nose left top</name><type>4653056</type><x>282.06</x><y>163.57</y></PointInfo><PointInfo><name>nose left top inner</name><type>4718592</type><x>279.84</x><y>186.65</y></PointInfo><PointInfo><name>nose left top outer</name><type>4784128</type><x>272.53</x><y>199.12</y></PointInfo><PointInfo><name>nose left bottom outer</name><type>4849664</type><x>276.29</x><y>206.95</y></PointInfo><PointInfo><name>nose left bottom inner</name><type>4915200</type><x>285.33</x><y>207.44</y></PointInfo><PointInfo><name>nose bottom</name><type>4980736</type><x>296.5</x><y>211.93</y></PointInfo><PointInfo><name>nose right bottom inner</name><type>5046272</type><x>306.92</x><y>206.39</y></PointInfo><PointInfo><name>nose right bottom outer</name><type>5111808</type><x>315.2</x><y>204.89</y></PointInfo><PointInfo><name>nose right top outer</name><type>5177344</type><x>318.18</x><y>195.86</y></PointInfo><PointInfo><name>nose right top inner</name><type>5242880</type><x>309.15</x><y>184.5</y></PointInfo><PointInfo><name>nose right top</name><type>5308416</type><x>303.17</x><y>162.01</y></PointInfo><PointInfo><name>eye right iris</name><type>5373952</type><x>328.81</x><y>156.41</y></PointInfo><PointInfo><name>eye left iris</name><type>5439488</type><x>254.59</x><y>159.89</y></PointInfo><PointInfo><name>nose tip</name><type>5505024</type><x>296.68</x><y>198.87</y></PointInfo><PointInfo><name>cheekbone left</name><type>5570560</type><x>254.8</x><y>224.63</y></PointInfo><PointInfo><name>cheekbone right</name><type>5636096</type><x>337.23</x><y>216.77</y></PointInfo><PointInfo><name>nose bridge top</name><type>5701632</type><x>292.4</x><y>157.14</y></PointInfo><PointInfo><name>nose bridge middle</name><type>5767168</type><x>293.21</x><y>172.31</y></PointInfo><PointInfo><name>nose bridge bottom</name><type>5832704</type><x>294.11</x><y>187.32</y></PointInfo><PointInfo><name>mouth left top point 1</name><type>5898240</type><x>271.92</x><y>223.38</y></PointInfo><PointInfo><name>mouth left bottom point 1</name><type>5963776</type><x>270.92</x><y>235.22</y></PointInfo><PointInfo><name>mouth right bottom point 1</name><type>6029312</type><x>321.32</x><y>231.15</y></PointInfo><PointInfo><name>mouth right top point 1</name><type>6094848</type><x>318.99</x><y>219.69</y></PointInfo><PointInfo><name>mouth inner left</name><type>6160384</type><x>263.32</x><y>228.22</y></PointInfo><PointInfo><name>mouth inner left bottom</name><type>6225920</type><x>285.9</x><y>232.23</y></PointInfo><PointInfo><name>mouth inner bottom</name><type>6291456</type><x>296.12</x><y>232.88</y></PointInfo><PointInfo><name>mouth inner right bottom</name><type>6356992</type><x>306.13</x><y>230.89</y></PointInfo><PointInfo><name>mouth inner right</name><type>6422528</type><x>328.22</x><y>223.86</y></PointInfo><PointInfo><name>mouth inner right top</name><type>6488064</type><x>305.84</x><y>228.14</y></PointInfo><PointInfo><name>mouth inner top</name><type>6553600</type><x>295.98</x><y>230.15</y></PointInfo><PointInfo><name>mouth inner left top</name><type>6619136</type><x>285.89</x><y>229.49</y></PointInfo></points><score>1</score><tags><TagInfo><confidence>0.6</confidence><name>age</name><value>16</value></TagInfo><TagInfo><confidence>1</confidence><name>beard</name><value>no</value></TagInfo><TagInfo><confidence>0.99</confidence><name>expression</name><value>smile</value></TagInfo><TagInfo><confidence>1</confidence><name>gender</name><value>female</value></TagInfo><TagInfo><confidence>1</confidence><name>glasses</name><value>no</value></TagInfo><TagInfo><confidence>1</confidence><name>mustache</name><value>no</value></TagInfo><TagInfo><confidence>1</confidence><name>race</name><value>white</value></TagInfo><TagInfo><confidence>1</confidence><name>chin size</name><value>extra small</value></TagInfo><TagInfo><confidence>0.01</confidence><name>color background</name><value>ca9991</value></TagInfo><TagInfo><confidence>0.09</confidence><name>color clothes middle</name><value>9f7e69</value></TagInfo><TagInfo><confidence>0.15</confidence><name>color clothes sides</name><value>aa9883</value></TagInfo><TagInfo><confidence>0.43</confidence><name>color eyes</name><value>4d383e</value></TagInfo><TagInfo><confidence>0.88</confidence><name>color hair</name><value>34282c</value></TagInfo><TagInfo><confidence>1</confidence><name>color skin</name><value>eeae8a</value></TagInfo><TagInfo><confidence>1</confidence><name>eyebrows corners</name><value>average</value></TagInfo><TagInfo><confidence>1</confidence><name>eyebrows position</name><value>extra low</value></TagInfo><TagInfo><confidence>1</confidence><name>eyebrows size</name><value>extra thin</value></TagInfo><TagInfo><confidence>1</confidence><name>eyes corners</name><value>average</value></TagInfo><TagInfo><confidence>1</confidence><name>eyes distance</name><value>far</value></TagInfo><TagInfo><confidence>1</confidence><name>eyes position</name><value>extra low</value></TagInfo><TagInfo><confidence>1</confidence><name>eyes shape</name><value>extra round</value></TagInfo><TagInfo><confidence>1</confidence><name>glasses rim</name><value>no</value></TagInfo><TagInfo><confidence>1</confidence><name>hair beard</name><value>none</value></TagInfo><TagInfo><confidence>0.88</confidence><name>hair color type</name><value>brown</value></TagInfo><TagInfo><confidence>1</confidence><name>hair forehead</name><value>no</value></TagInfo><TagInfo><confidence>1</confidence><name>hair length</name><value>very long</value></TagInfo><TagInfo><confidence>1</confidence><name>hair mustache</name><value>none</value></TagInfo><TagInfo><confidence>1</confidence><name>hair sides</name><value>thick</value></TagInfo><TagInfo><confidence>1</confidence><name>hair top</name><value>short</value></TagInfo><TagInfo><confidence>1</confidence><name>head shape</name><value>extra rect</value></TagInfo><TagInfo><confidence>1</confidence><name>head width</name><value>wide</value></TagInfo><TagInfo><confidence>1</confidence><name>mouth corners</name><value>extra raised</value></TagInfo><TagInfo><confidence>1</confidence><name>mouth height</name><value>average</value></TagInfo><TagInfo><confidence>1</confidence><name>mouth width</name><value>extra wide</value></TagInfo><TagInfo><confidence>1</confidence><name>nose shape</name><value>extra straight</value></TagInfo><TagInfo><confidence>1</confidence><name>nose width</name><value>extra wide</value></TagInfo><TagInfo><confidence>1</confidence><name>teeth visible</name><value>no</value></TagInfo></tags><uid>a15b3fa6-688e-11e7-9c43-0cc47a6c4dbd</uid><user_points i:nil="true"/><width>170.89</width><x>294.59</x><y>179.41</y></FaceInfo></faces><original_filename>temp.jpg</original_filename><uid>395402d0-f55b-474c-91e9-720dd3823d3d</uid></BetafaceImageInfoResponse>