{"accessoryName":"48150000","imageInfo":{"imageName":"AnushkaSharma","originalSize":{"width":628,"height":471},"scaledSize":{"width":628,"height":471},"clientCropSize":{"width":167,"height":233},"gender":"female","skinColor":"fab79e","hairColor":"34282c","eyeColor":"4d383e"},"meshShapesList":[{"type":1,"name":"HEAD_MESH","textureName":"AnushkaSharma_FaceCrop.png","headPointsList":[{"type":0,"point":{"x":0.49852204,"y":7.868427E-5}},{"type":1,"point":{"x":0.37427622,"y":0.031234464}},{"type":2,"point":{"x":0.6446878,"y":0.03787736}},{"type":3,"point":{"x":0.2380671,"y":0.10380305}},{"type":4,"point":{"x":0.76818544,"y":0.10583221}},{"type":5,"point":{"x":0.18070087,"y":0.1694055}},{"type":6,"point":{"x":0.8190622,"y":0.16483031}},{"type":7,"point":{"x":0.15523204,"y":0.22764954}},{"type":8,"point":{"x":0.844775,"y":0.2347843}},{"type":9,"point":{"x":0.14481108,"y":0.29364413}},{"type":10,"point":{"x":0.8475457,"y":0.29443958}},{"type":11,"point":{"x":0.14943796,"y":0.3673892}},{"type":12,"point":{"x":0.8361615,"y":0.3602575}},{"type":13,"point":{"x":0.16088252,"y":0.42085835}},{"type":14,"point":{"x":0.848565,"y":0.4293133}},{"type":15,"point":{"x":0.16242759,"y":0.48592275}},{"type":16,"point":{"x":0.86101127,"y":0.49836907}},{"type":17,"point":{"x":0.16392969,"y":0.5509871}},{"type":18,"point":{"x":0.8612688,"y":0.58545065}},{"type":19,"point":{"x":0.17804989,"y":0.6387554}},{"type":20,"point":{"x":0.8571057,"y":0.6676824}},{"type":21,"point":{"x":0.19624734,"y":0.72077256}},{"type":22,"point":{"x":0.8571057,"y":0.6676824}},{"type":23,"point":{"x":0.2218267,"y":0.79939914}},{"type":24,"point":{"x":0.8450456,"y":0.7480687}},{"type":25,"point":{"x":0.26122588,"y":0.8691416}},{"type":26,"point":{"x":0.81869364,"y":0.8229185}},{"type":27,"point":{"x":0.31886536,"y":0.9259227}},{"type":28,"point":{"x":0.77302843,"y":0.88836914}},{"type":29,"point":{"x":0.38955206,"y":0.9683691}},{"type":30,"point":{"x":0.6399383,"y":0.98497856}},{"type":31,"point":{"x":0.5553031,"y":1.0034764}}],"texturePointList":[]},{"type":2,"name":"EYE_LEFT_MESH","clientCropRect":{"x":37,"y":107,"w":30,"h":11},"headPointsList":[{"type":32,"point":{"x":0.2998525,"y":0.47706014}},{"type":33,"point":{"x":0.43114004,"y":0.47680265}},{"type":34,"point":{"x":0.36238465,"y":0.44416317}},{"type":35,"point":{"x":0.36195552,"y":0.4923606}},{"type":36,"point":{"x":0.36633313,"y":0.48450643}}],"texturePointList":[{"point":{"x":0.36523438,"y":0.5302439},"type":0},{"point":{"x":0.5913086,"y":0.3209756},"type":2},{"point":{"x":0.8173828,"y":0.5302439},"type":1},{"point":{"x":0.5913086,"y":0.7395122},"type":3}]},{"type":3,"name":"EYE_RIGHT_MESH","clientCropRect":{"x":111,"y":103,"w":30,"h":11},"headPointsList":[{"type":37,"point":{"x":0.7495091,"y":0.46995708}},{"type":38,"point":{"x":0.6182215,"y":0.48403433}},{"type":41,"point":{"x":0.68487394,"y":0.46957082}},{"type":39,"point":{"x":0.6814405,"y":0.4441631}},{"type":40,"point":{"x":0.68598986,"y":0.49236053}}],"texturePointList":[{"point":{"x":0.18164062,"y":0.5302439},"type":5},{"point":{"x":0.40771484,"y":0.3209756},"type":6},{"point":{"x":0.63378906,"y":0.5302439},"type":4},{"point":{"x":0.40771484,"y":0.7395122},"type":7}]},{"type":4,"name":"EYEBROW_LEFT_MESH","clientCropRect":{"x":20,"y":85,"w":47,"h":11},"headPointsList":[{"type":42,"point":{"x":0.23066783,"y":0.40830463}},{"type":43,"point":{"x":0.43229878,"y":0.39173818}},{"type":44,"point":{"x":0.32590395,"y":0.34682402}},{"type":45,"point":{"x":0.32719153,"y":0.38914156}}],"texturePointList":[{"point":{"x":0.37402344,"y":0.61083984},"type":8},{"point":{"x":0.6113281,"y":0.55371094},"type":10},{"point":{"x":0.8486328,"y":0.61083984},"type":9},{"point":{"x":0.6113281,"y":0.66796875},"type":11}]},{"type":5,"name":"EYEBROW_RIGHT_MESH","clientCropRect":{"x":108,"y":80,"w":46,"h":15},"headPointsList":[{"type":46,"point":{"x":0.8057753,"y":0.39961374}},{"type":47,"point":{"x":0.60414433,"y":0.40776822}},{"type":48,"point":{"x":0.7060327,"y":0.34682402}},{"type":49,"point":{"x":0.7086936,"y":0.38914162}}],"texturePointList":[{"point":{"x":0.15039062,"y":0.61083984},"type":13},{"point":{"x":0.3876953,"y":0.55371094},"type":14},{"point":{"x":0.625,"y":0.61083984},"type":12},{"point":{"x":0.3876953,"y":0.66796875},"type":15}]},{"type":6,"name":"MOUTH_MESH","clientCropRect":{"x":55,"y":172,"w":75,"h":22},"headPointsList":[{"type":50,"point":{"x":0.37835038,"y":0.77090126}},{"type":51,"point":{"x":0.70272803,"y":0.74751073}},{"type":52,"point":{"x":0.54470223,"y":0.73836905}},{"type":53,"point":{"x":0.5498096,"y":0.83570814}}],"texturePointList":[{"point":{"x":0.31835938,"y":0.45410156},"type":16},{"point":{"x":0.50146484,"y":0.3798828},"type":18},{"point":{"x":0.6845703,"y":0.45410156},"type":17},{"point":{"x":0.50146484,"y":0.5283203},"type":19}]},{"type":7,"name":"NOSE_MESH","textureName":"AnushkaSharma_NoseCrop.png","headPointsList":[],"texturePointList":[]},{"type":8,"name":"EAR_MESH","headPointsList":[],"texturePointList":[]}]}