<image file="Obama.jpg">
 <width>308.26</width>
 <height>308.26</height>
 <x>254.2</x>
 <y>263.69</y>
 <angle>-0.3127</angle>
 <uid>f813d152-28b0-11e7-9f36-0cc47a6c4dbd</uid>
 <box height="353" width="314" left="130" top="91">
  <part name="512" x="202.41" y="224.07"/>
  <part name="768" x="329.85" y="223.39"/>
  <part name="1024" x="176.69" y="225.41"/>
  <part name="1280" x="354.45" y="226.68"/>
  <part name="1536" x="230.61" y="226.14"/>
  <part name="1792" x="304.14" y="227.44"/>
  <part name="2048" x="208.04" y="369.81"/>
  <part name="2304" x="316.48" y="367.78"/>
  <part name="2560" x="272.71" y="304.24"/>
  <part name="2816" x="262.93" y="369.37"/>
  <part name="3072" x="198.2" y="194.78"/>
  <part name="3328" x="236.88" y="196.89"/>
  <part name="3584" x="163.37" y="204.37"/>
  <part name="3840" x="338.21" y="194.12"/>
  <part name="4096" x="304.99" y="198.27"/>
  <part name="4352" x="365.07" y="201"/>
  <part name="4608" x="257.63" y="463.45"/>
  <part name="4864" x="112.77" y="313.72"/>
  <part name="5120" x="375.36" y="310.7"/>
  <part name="5376" x="230.24" y="311.93"/>
  <part name="5632" x="305.24" y="311.42"/>
  <part name="65536" x="109.85" y="308.6"/>
  <part name="131072" x="119.02" y="347.09"/>
  <part name="196608" x="135.93" y="382.16"/>
  <part name="262144" x="161.46" y="412.31"/>
  <part name="327680" x="192.23" y="437.32"/>
  <part name="393216" x="226.39" y="456.72"/>
  <part name="458752" x="262.95" y="461.41"/>
  <part name="524288" x="296.37" y="452.91"/>
  <part name="589824" x="322.05" y="428.8"/>
  <part name="655360" x="343.72" y="400.29"/>
  <part name="720896" x="361.02" y="368.46"/>
  <part name="786432" x="372.03" y="334.25"/>
  <part name="851968" x="378.28" y="298.88"/>
  <part name="917504" x="381.53" y="264.06"/>
  <part name="983040" x="381.69" y="228.96"/>
  <part name="1048576" x="383.65" y="208.44"/>
  <part name="1114112" x="385.6" y="187.93"/>
  <part name="1179648" x="376.38" y="172.42"/>
  <part name="1245184" x="367.16" y="156.91"/>
  <part name="1310720" x="337.03" y="153.25"/>
  <part name="1376256" x="305.23" y="151.33"/>
  <part name="1441792" x="270.34" y="150"/>
  <part name="1507328" x="225.16" y="150.46"/>
  <part name="1572864" x="180.25" y="152.4"/>
  <part name="1638400" x="136.92" y="156.76"/>
  <part name="1703936" x="121.11" y="172.34"/>
  <part name="1769472" x="105.29" y="187.92"/>
  <part name="1835008" x="103.15" y="209.25"/>
  <part name="1900544" x="101" y="230.58"/>
  <part name="1966080" x="104.19" y="269.97"/>
  <part name="2031616" x="358.73" y="226.81"/>
  <part name="2097152" x="345.03" y="232.13"/>
  <part name="2162688" x="334.34" y="233.1"/>
  <part name="2228224" x="322.67" y="231.37"/>
  <part name="2293760" x="307.65" y="225.8"/>
  <part name="2359296" x="322.15" y="214.74"/>
  <part name="2424832" x="335.33" y="212.87"/>
  <part name="2490368" x="345.34" y="215.37"/>
  <part name="2555904" x="182.35" y="225.74"/>
  <part name="2621440" x="195.26" y="215.79"/>
  <part name="2686976" x="209.63" y="213.25"/>
  <part name="2752512" x="220.9" y="214.85"/>
  <part name="2818048" x="236.25" y="225.96"/>
  <part name="2883584" x="220.37" y="229.73"/>
  <part name="2949120" x="209.41" y="232.75"/>
  <part name="3014656" x="195.74" y="230.55"/>
  <part name="3080192" x="307.89" y="199.63"/>
  <part name="3145728" x="320.47" y="188.24"/>
  <part name="3211264" x="343.17" y="185.93"/>
  <part name="3276800" x="362.36" y="191.85"/>
  <part name="3342336" x="372.12" y="207.16"/>
  <part name="3407872" x="357.71" y="203.07"/>
  <part name="3473408" x="342.24" y="199.52"/>
  <part name="3538944" x="324.9" y="200.99"/>
  <part name="3604480" x="239.6" y="200.18"/>
  <part name="3670016" x="224.4" y="187.7"/>
  <part name="3735552" x="198.03" y="186.03"/>
  <part name="3801088" x="175.69" y="193.47"/>
  <part name="3866624" x="164.39" y="211.45"/>
  <part name="3932160" x="181.44" y="206.43"/>
  <part name="3997696" x="199.61" y="201.76"/>
  <part name="4063232" x="219.97" y="202.76"/>
  <part name="4128768" x="212.6" y="371.3"/>
  <part name="4194304" x="260.29" y="356.58"/>
  <part name="4259840" x="276.53" y="359.66"/>
  <part name="4325376" x="291.64" y="355.32"/>
  <part name="4390912" x="323.24" y="367.99"/>
  <part name="4456448" x="295.73" y="392.65"/>
  <part name="4521984" x="276.29" y="396.4"/>
  <part name="4587520" x="255.57" y="394.71"/>
  <part name="4653056" x="252.63" y="229.07"/>
  <part name="4718592" x="245.35" y="276.8"/>
  <part name="4784128" x="230.36" y="301.36"/>
  <part name="4849664" x="236.59" y="316.76"/>
  <part name="4915200" x="253.81" y="313.54"/>
  <part name="4980736" x="274.88" y="323.45"/>
  <part name="5046272" x="295.53" y="313.05"/>
  <part name="5111808" x="312.15" y="315.77"/>
  <part name="5177344" x="316.39" y="300.78"/>
  <part name="5242880" x="301.14" y="276.37"/>
  <part name="5308416" x="292.78" y="228.74"/>
  <part name="5373952" x="332.52" y="222.01"/>
  <part name="5439488" x="212.62" y="222.66"/>
  <part name="5505024" x="275.03" y="293.17"/>
  <part name="5570560" x="194.91" y="348.3"/>
  <part name="5636096" x="341.72" y="349.27"/>
  <part name="5701632" x="276.55" y="221.73"/>
  <part name="5767168" x="277.44" y="247.84"/>
  <part name="5832704" x="278.65" y="273.65"/>
  <part name="5898240" x="237.57" y="363.01"/>
  <part name="5963776" x="234.96" y="386.16"/>
  <part name="6029312" x="310.63" y="382.18"/>
  <part name="6094848" x="308.78" y="359.89"/>
  <part name="6160384" x="221.44" y="371.75"/>
  <part name="6225920" x="257.92" y="373.39"/>
  <part name="6291456" x="272.81" y="374.38"/>
  <part name="6356992" x="286.94" y="372.26"/>
  <part name="6422528" x="313.71" y="369.99"/>
  <part name="6488064" x="287.13" y="370.39"/>
  <part name="6553600" x="273.13" y="372.33"/>
  <part name="6619136" x="258.31" y="371.1"/>
 </box>
</image>
