<BetafaceImageInfoResponse xmlns:i="http://www.w3.org/2001/XMLSchema-instance"><int_response>0</int_response><string_response>ok</string_response><checksum>d26ba537a3ed0f73679ebb8ccecac53f7e3fb748dd43b54dfb2f99592cacb762</checksum><faces><FaceInfo><angle>-0.3127</angle><height>308.26</height><image_uid>b788ea57-9ba8-4a47-8da0-490a6ccfdd67</image_uid><person_name/><points><PointInfo><name>basic eye left</name><type>512</type><x>202.73</x><y>224.46</y></PointInfo><PointInfo><name>basic eye right</name><type>768</type><x>330.17</x><y>223.78</y></PointInfo><PointInfo><name>basic eye left outer</name><type>1024</type><x>177.01</x><y>225.8</y></PointInfo><PointInfo><name>basic eye right outer</name><type>1280</type><x>354.77</x><y>227.07</y></PointInfo><PointInfo><name>basic eye left inner</name><type>1536</type><x>230.93</x><y>226.53</y></PointInfo><PointInfo><name>basic eye right inner</name><type>1792</type><x>304.46</x><y>227.83</y></PointInfo><PointInfo><name>basic mouth left</name><type>2048</type><x>208.36</x><y>370.2</y></PointInfo><PointInfo><name>basic mouth right</name><type>2304</type><x>316.8</x><y>368.17</y></PointInfo><PointInfo><name>basic nose tip</name><type>2560</type><x>273.03</x><y>304.63</y></PointInfo><PointInfo><name>basic mouth center</name><type>2816</type><x>263.25</x><y>369.76</y></PointInfo><PointInfo><name>basic eyebrow left</name><type>3072</type><x>198.52</x><y>195.17</y></PointInfo><PointInfo><name>basic eyebrow left inner corner</name><type>3328</type><x>237.2</x><y>197.28</y></PointInfo><PointInfo><name>basic eyebrow left outer corner</name><type>3584</type><x>163.69</x><y>204.76</y></PointInfo><PointInfo><name>basic eyebrow right</name><type>3840</type><x>338.53</x><y>194.51</y></PointInfo><PointInfo><name>basic eyebrow right inner corner</name><type>4096</type><x>305.31</x><y>198.66</y></PointInfo><PointInfo><name>basic eyebrow right outer corner</name><type>4352</type><x>365.39</x><y>201.39</y></PointInfo><PointInfo><name>basic chin bottom</name><type>4608</type><x>257.95</x><y>463.84</y></PointInfo><PointInfo><name>basic chin left</name><type>4864</type><x>113.09</x><y>314.11</y></PointInfo><PointInfo><name>basic chin right</name><type>5120</type><x>375.68</x><y>311.09</y></PointInfo><PointInfo><name>basic nose left</name><type>5376</type><x>230.56</x><y>312.32</y></PointInfo><PointInfo><name>basic nose right</name><type>5632</type><x>305.56</x><y>311.81</y></PointInfo><PointInfo><name>chin ear left</name><type>65536</type><x>110.17</x><y>308.99</y></PointInfo><PointInfo><name>chin left 1</name><type>131072</type><x>119.34</x><y>347.48</y></PointInfo><PointInfo><name>chin left 2</name><type>196608</type><x>136.25</x><y>382.55</y></PointInfo><PointInfo><name>chin left 3</name><type>262144</type><x>161.78</x><y>412.7</y></PointInfo><PointInfo><name>chin left 4</name><type>327680</type><x>192.55</x><y>437.71</y></PointInfo><PointInfo><name>chin left 5</name><type>393216</type><x>226.71</x><y>457.11</y></PointInfo><PointInfo><name>chin bottom</name><type>458752</type><x>263.27</x><y>461.8</y></PointInfo><PointInfo><name>chin right 5</name><type>524288</type><x>296.69</x><y>453.3</y></PointInfo><PointInfo><name>chin right 4</name><type>589824</type><x>322.37</x><y>429.19</y></PointInfo><PointInfo><name>chin right 3</name><type>655360</type><x>344.04</x><y>400.68</y></PointInfo><PointInfo><name>chin right 2</name><type>720896</type><x>361.34</x><y>368.85</y></PointInfo><PointInfo><name>chin right 1</name><type>786432</type><x>372.35</x><y>334.64</y></PointInfo><PointInfo><name>chin ear right</name><type>851968</type><x>378.6</x><y>299.27</y></PointInfo><PointInfo><name>temple right 4</name><type>917504</type><x>381.85</x><y>264.45</y></PointInfo><PointInfo><name>temple right 3</name><type>983040</type><x>382.01</x><y>229.35</y></PointInfo><PointInfo><name>temple right 2</name><type>1048576</type><x>383.97</x><y>208.83</y></PointInfo><PointInfo><name>temple right 1</name><type>1114112</type><x>385.92</x><y>188.32</y></PointInfo><PointInfo><name>temple right</name><type>1179648</type><x>376.7</x><y>172.81</y></PointInfo><PointInfo><name>forehead right</name><type>1245184</type><x>367.48</x><y>157.3</y></PointInfo><PointInfo><name>forehead 4</name><type>1310720</type><x>337.35</x><y>153.64</y></PointInfo><PointInfo><name>forehead 3</name><type>1376256</type><x>305.55</x><y>151.72</y></PointInfo><PointInfo><name>forehead middle</name><type>1441792</type><x>270.66</x><y>150.39</y></PointInfo><PointInfo><name>forehead 2</name><type>1507328</type><x>225.48</x><y>150.85</y></PointInfo><PointInfo><name>forehead 1</name><type>1572864</type><x>180.57</x><y>152.79</y></PointInfo><PointInfo><name>forehead left</name><type>1638400</type><x>137.24</x><y>157.15</y></PointInfo><PointInfo><name>temple left</name><type>1703936</type><x>121.43</x><y>172.73</y></PointInfo><PointInfo><name>temple left 1</name><type>1769472</type><x>105.61</x><y>188.31</y></PointInfo><PointInfo><name>temple left 2</name><type>1835008</type><x>103.47</x><y>209.64</y></PointInfo><PointInfo><name>temple left 3</name><type>1900544</type><x>101.32</x><y>230.97</y></PointInfo><PointInfo><name>temple left 4</name><type>1966080</type><x>104.51</x><y>270.36</y></PointInfo><PointInfo><name>eye right outer</name><type>2031616</type><x>359.05</x><y>227.2</y></PointInfo><PointInfo><name>eye right bottom outer</name><type>2097152</type><x>345.35</x><y>232.52</y></PointInfo><PointInfo><name>eye right bottom</name><type>2162688</type><x>334.66</x><y>233.49</y></PointInfo><PointInfo><name>eye right bottom inner</name><type>2228224</type><x>322.99</x><y>231.76</y></PointInfo><PointInfo><name>eye right inner</name><type>2293760</type><x>307.97</x><y>226.19</y></PointInfo><PointInfo><name>eye right top inner</name><type>2359296</type><x>322.47</x><y>215.13</y></PointInfo><PointInfo><name>eye right top</name><type>2424832</type><x>335.65</x><y>213.26</y></PointInfo><PointInfo><name>eye right top outer</name><type>2490368</type><x>345.66</x><y>215.76</y></PointInfo><PointInfo><name>eye left outer</name><type>2555904</type><x>182.67</x><y>226.13</y></PointInfo><PointInfo><name>eye left top outer</name><type>2621440</type><x>195.58</x><y>216.18</y></PointInfo><PointInfo><name>eye left top</name><type>2686976</type><x>209.95</x><y>213.64</y></PointInfo><PointInfo><name>eye left top inner</name><type>2752512</type><x>221.22</x><y>215.24</y></PointInfo><PointInfo><name>eye left inner</name><type>2818048</type><x>236.57</x><y>226.35</y></PointInfo><PointInfo><name>eye left bottom inner</name><type>2883584</type><x>220.69</x><y>230.12</y></PointInfo><PointInfo><name>eye left bottom</name><type>2949120</type><x>209.73</x><y>233.14</y></PointInfo><PointInfo><name>eye left bottom outer</name><type>3014656</type><x>196.06</x><y>230.94</y></PointInfo><PointInfo><name>eyebrow right inner</name><type>3080192</type><x>308.21</x><y>200.02</y></PointInfo><PointInfo><name>eyebrow right top inner</name><type>3145728</type><x>320.79</x><y>188.63</y></PointInfo><PointInfo><name>eyebrow right top</name><type>3211264</type><x>343.49</x><y>186.32</y></PointInfo><PointInfo><name>eyebrow right top outer</name><type>3276800</type><x>362.68</x><y>192.24</y></PointInfo><PointInfo><name>eyebrow right outer</name><type>3342336</type><x>372.44</x><y>207.55</y></PointInfo><PointInfo><name>eyebrow right bottom outer</name><type>3407872</type><x>358.03</x><y>203.46</y></PointInfo><PointInfo><name>eyebrow right botom</name><type>3473408</type><x>342.56</x><y>199.91</y></PointInfo><PointInfo><name>eyebrow rigth bottom inner</name><type>3538944</type><x>325.22</x><y>201.38</y></PointInfo><PointInfo><name>eyebrow left inner</name><type>3604480</type><x>239.92</x><y>200.57</y></PointInfo><PointInfo><name>eyebrow left top inner</name><type>3670016</type><x>224.72</x><y>188.09</y></PointInfo><PointInfo><name>eyebrow left top</name><type>3735552</type><x>198.35</x><y>186.42</y></PointInfo><PointInfo><name>eyebrow left top outer</name><type>3801088</type><x>176.01</x><y>193.86</y></PointInfo><PointInfo><name>eyebrow left outer</name><type>3866624</type><x>164.71</x><y>211.84</y></PointInfo><PointInfo><name>eyebrow left bottom outer</name><type>3932160</type><x>181.76</x><y>206.82</y></PointInfo><PointInfo><name>eyebrow left bottom</name><type>3997696</type><x>199.93</x><y>202.15</y></PointInfo><PointInfo><name>eyebrow left bottom inner</name><type>4063232</type><x>220.29</x><y>203.15</y></PointInfo><PointInfo><name>mouth left</name><type>4128768</type><x>212.92</x><y>371.69</y></PointInfo><PointInfo><name>mouth left top</name><type>4194304</type><x>260.61</x><y>356.97</y></PointInfo><PointInfo><name>mouth top</name><type>4259840</type><x>276.85</x><y>360.05</y></PointInfo><PointInfo><name>mouth right top</name><type>4325376</type><x>291.96</x><y>355.71</y></PointInfo><PointInfo><name>mouth right</name><type>4390912</type><x>323.56</x><y>368.38</y></PointInfo><PointInfo><name>mouth right bottom</name><type>4456448</type><x>296.05</x><y>393.04</y></PointInfo><PointInfo><name>mouth bottom</name><type>4521984</type><x>276.61</x><y>396.79</y></PointInfo><PointInfo><name>mouth left bottom</name><type>4587520</type><x>255.89</x><y>395.1</y></PointInfo><PointInfo><name>nose left top</name><type>4653056</type><x>252.95</x><y>229.46</y></PointInfo><PointInfo><name>nose left top inner</name><type>4718592</type><x>245.67</x><y>277.19</y></PointInfo><PointInfo><name>nose left top outer</name><type>4784128</type><x>230.68</x><y>301.75</y></PointInfo><PointInfo><name>nose left bottom outer</name><type>4849664</type><x>236.91</x><y>317.15</y></PointInfo><PointInfo><name>nose left bottom inner</name><type>4915200</type><x>254.13</x><y>313.93</y></PointInfo><PointInfo><name>nose bottom</name><type>4980736</type><x>275.2</x><y>323.84</y></PointInfo><PointInfo><name>nose right bottom inner</name><type>5046272</type><x>295.85</x><y>313.44</y></PointInfo><PointInfo><name>nose right bottom outer</name><type>5111808</type><x>312.47</x><y>316.16</y></PointInfo><PointInfo><name>nose right top outer</name><type>5177344</type><x>316.71</x><y>301.17</y></PointInfo><PointInfo><name>nose right top inner</name><type>5242880</type><x>301.46</x><y>276.76</y></PointInfo><PointInfo><name>nose right top</name><type>5308416</type><x>293.1</x><y>229.13</y></PointInfo><PointInfo><name>eye right iris</name><type>5373952</type><x>332.84</x><y>222.4</y></PointInfo><PointInfo><name>eye left iris</name><type>5439488</type><x>212.94</x><y>223.05</y></PointInfo><PointInfo><name>nose tip</name><type>5505024</type><x>275.35</x><y>293.56</y></PointInfo><PointInfo><name>cheekbone left</name><type>5570560</type><x>195.23</x><y>348.69</y></PointInfo><PointInfo><name>cheekbone right</name><type>5636096</type><x>342.04</x><y>349.66</y></PointInfo><PointInfo><name>nose bridge top</name><type>5701632</type><x>276.87</x><y>222.12</y></PointInfo><PointInfo><name>nose bridge middle</name><type>5767168</type><x>277.76</x><y>248.23</y></PointInfo><PointInfo><name>nose bridge bottom</name><type>5832704</type><x>278.97</x><y>274.04</y></PointInfo><PointInfo><name>mouth left top point 1</name><type>5898240</type><x>237.89</x><y>363.4</y></PointInfo><PointInfo><name>mouth left bottom point 1</name><type>5963776</type><x>235.28</x><y>386.55</y></PointInfo><PointInfo><name>mouth right bottom point 1</name><type>6029312</type><x>310.95</x><y>382.57</y></PointInfo><PointInfo><name>mouth right top point 1</name><type>6094848</type><x>309.1</x><y>360.28</y></PointInfo><PointInfo><name>mouth inner left</name><type>6160384</type><x>221.76</x><y>372.14</y></PointInfo><PointInfo><name>mouth inner left bottom</name><type>6225920</type><x>258.24</x><y>373.78</y></PointInfo><PointInfo><name>mouth inner bottom</name><type>6291456</type><x>273.13</x><y>374.77</y></PointInfo><PointInfo><name>mouth inner right bottom</name><type>6356992</type><x>287.26</x><y>372.65</y></PointInfo><PointInfo><name>mouth inner right</name><type>6422528</type><x>314.03</x><y>370.38</y></PointInfo><PointInfo><name>mouth inner right top</name><type>6488064</type><x>287.45</x><y>370.78</y></PointInfo><PointInfo><name>mouth inner top</name><type>6553600</type><x>273.45</x><y>372.72</y></PointInfo><PointInfo><name>mouth inner left top</name><type>6619136</type><x>258.63</x><y>371.49</y></PointInfo></points><score>0.99</score><tags><TagInfo><confidence>0.6</confidence><name>age</name><value>53</value></TagInfo><TagInfo><confidence>1</confidence><name>beard</name><value>no</value></TagInfo><TagInfo><confidence>1</confidence><name>expression</name><value>neutral</value></TagInfo><TagInfo><confidence>1</confidence><name>gender</name><value>male</value></TagInfo><TagInfo><confidence>1</confidence><name>glasses</name><value>no</value></TagInfo><TagInfo><confidence>1</confidence><name>mustache</name><value>no</value></TagInfo><TagInfo><confidence>0.99</confidence><name>race</name><value>white</value></TagInfo><TagInfo><confidence>1</confidence><name>chin size</name><value>average</value></TagInfo><TagInfo><confidence>0.56</confidence><name>color eyes</name><value>2d1512</value></TagInfo><TagInfo><confidence>0.4</confidence><name>color hair</name><value>3c2e2b</value></TagInfo><TagInfo><confidence>1</confidence><name>color skin</name><value>b87c68</value></TagInfo><TagInfo><confidence>1</confidence><name>eyebrows corners</name><value>low</value></TagInfo><TagInfo><confidence>1</confidence><name>eyebrows position</name><value>extra high</value></TagInfo><TagInfo><confidence>1</confidence><name>eyebrows size</name><value>extra thin</value></TagInfo><TagInfo><confidence>1</confidence><name>eyes corners</name><value>average</value></TagInfo><TagInfo><confidence>1</confidence><name>eyes distance</name><value>average</value></TagInfo><TagInfo><confidence>1</confidence><name>eyes position</name><value>high</value></TagInfo><TagInfo><confidence>1</confidence><name>eyes shape</name><value>extra round</value></TagInfo><TagInfo><confidence>1</confidence><name>glasses rim</name><value>no</value></TagInfo><TagInfo><confidence>1</confidence><name>hair beard</name><value>none</value></TagInfo><TagInfo><confidence>0.4</confidence><name>hair color type</name><value>brown</value></TagInfo><TagInfo><confidence>1</confidence><name>hair forehead</name><value>no</value></TagInfo><TagInfo><confidence>1</confidence><name>hair length</name><value>none</value></TagInfo><TagInfo><confidence>1</confidence><name>hair mustache</name><value>none</value></TagInfo><TagInfo><confidence>1</confidence><name>hair sides</name><value>very thin</value></TagInfo><TagInfo><confidence>1</confidence><name>hair top</name><value>short</value></TagInfo><TagInfo><confidence>1</confidence><name>head shape</name><value>extra heart</value></TagInfo><TagInfo><confidence>1</confidence><name>head width</name><value>average</value></TagInfo><TagInfo><confidence>1</confidence><name>mouth corners</name><value>raised</value></TagInfo><TagInfo><confidence>1</confidence><name>mouth height</name><value>average</value></TagInfo><TagInfo><confidence>1</confidence><name>mouth width</name><value>small</value></TagInfo><TagInfo><confidence>1</confidence><name>nose shape</name><value>extra straight</value></TagInfo><TagInfo><confidence>1</confidence><name>nose width</name><value>wide</value></TagInfo><TagInfo><confidence>1</confidence><name>teeth visible</name><value>no</value></TagInfo></tags><uid>f813d152-28b0-11e7-9f36-0cc47a6c4dbd</uid><user_points i:nil="true"/><width>308.26</width><x>254.2</x><y>263.69</y></FaceInfo></faces><original_filename>temp.jpg</original_filename><uid>b788ea57-9ba8-4a47-8da0-490a6ccfdd67</uid></BetafaceImageInfoResponse>