{"accessoryName":"48150000","imageInfo":{"imageName":"Obama","originalSize":{"width":527,"height":492},"scaledSize":{"width":527,"height":492},"clientCropSize":{"width":297,"height":470},"gender":"male","skinColor":"e2a999","hairColor":"3c2e2b","eyeColor":"2d1512"},"meshShapesList":[{"type":1,"name":"HEAD_MESH","textureName":"Obama_FaceCrop.png","headPointsList":[{"type":0,"point":{"x":0.50011504,"y":-0.019596895}},{"type":1,"point":{"x":0.38703734,"y":0.009754256}},{"type":2,"point":{"x":0.6131943,"y":0.009755025}},{"type":3,"point":{"x":0.26411036,"y":0.08084517}},{"type":4,"point":{"x":0.7361224,"y":0.080849}},{"type":5,"point":{"x":0.21328534,"y":0.14628193}},{"type":6,"point":{"x":0.7869474,"y":0.14628902}},{"type":7,"point":{"x":0.19150795,"y":0.20483196}},{"type":8,"point":{"x":0.8087245,"y":0.2048422}},{"type":9,"point":{"x":0.18373746,"y":0.27150127}},{"type":10,"point":{"x":0.8164944,"y":0.2715152}},{"type":11,"point":{"x":0.18997376,"y":0.34628984}},{"type":12,"point":{"x":0.81025714,"y":0.346308}},{"type":13,"point":{"x":0.2019129,"y":0.40065956}},{"type":14,"point":{"x":0.79831713,"y":0.40068084}},{"type":15,"point":{"x":0.19278523,"y":0.4914255}},{"type":16,"point":{"x":0.789998,"y":0.48797873}},{"type":17,"point":{"x":0.19957247,"y":0.575234}},{"type":18,"point":{"x":0.7896576,"y":0.56265956}},{"type":19,"point":{"x":0.19957247,"y":0.575234}},{"type":20,"point":{"x":0.7827427,"y":0.6367446}},{"type":21,"point":{"x":0.21161503,"y":0.65742546}},{"type":22,"point":{"x":0.7694448,"y":0.712}},{"type":23,"point":{"x":0.23112565,"y":0.73931915}},{"type":24,"point":{"x":0.74601924,"y":0.78478724}},{"type":25,"point":{"x":0.2671044,"y":0.8139361}},{"type":26,"point":{"x":0.74601924,"y":0.78478724}},{"type":27,"point":{"x":0.32142353,"y":0.8780851}},{"type":28,"point":{"x":0.70921075,"y":0.8525106}},{"type":29,"point":{"x":0.3868916,"y":0.93129784}},{"type":30,"point":{"x":0.6084661,"y":0.964468}},{"type":31,"point":{"x":0.5373597,"y":0.9825531}}],"texturePointList":[]},{"type":2,"name":"EYE_LEFT_MESH","clientCropRect":{"x":85,"y":213,"w":54,"h":20},"headPointsList":[{"type":32,"point":{"x":0.36587036,"y":0.48112765}},{"type":33,"point":{"x":0.4805512,"y":0.48159575}},{"type":34,"point":{"x":0.42391288,"y":0.4545532}},{"type":35,"point":{"x":0.4234448,"y":0.49604255}},{"type":36,"point":{"x":0.4302746,"y":0.47457445}}],"texturePointList":[{"point":{"x":0.36523438,"y":0.5302439},"type":0},{"point":{"x":0.5913086,"y":0.3209756},"type":2},{"point":{"x":0.8173828,"y":0.5302439},"type":1},{"point":{"x":0.5913086,"y":0.7395122},"type":3}]},{"type":3,"name":"EYE_RIGHT_MESH","clientCropRect":{"x":209,"y":213,"w":54,"h":20},"headPointsList":[{"type":37,"point":{"x":0.7441469,"y":0.48343614}},{"type":38,"point":{"x":0.62946606,"y":0.4812872}},{"type":41,"point":{"x":0.68538094,"y":0.47319147}},{"type":39,"point":{"x":0.6913597,"y":0.4545532}},{"type":40,"point":{"x":0.68925333,"y":0.49604255}}],"texturePointList":[{"point":{"x":0.18164062,"y":0.5302439},"type":5},{"point":{"x":0.40771484,"y":0.3209756},"type":6},{"point":{"x":0.63378906,"y":0.5302439},"type":4},{"point":{"x":0.40771484,"y":0.7395122},"type":7}]},{"type":4,"name":"EYEBROW_LEFT_MESH","clientCropRect":{"x":67,"y":186,"w":75,"h":25},"headPointsList":[{"type":42,"point":{"x":0.32765758,"y":0.45072338}},{"type":43,"point":{"x":0.48767886,"y":0.42674467}},{"type":44,"point":{"x":0.39923206,"y":0.39663827}},{"type":45,"point":{"x":0.40259373,"y":0.43010634}}],"texturePointList":[{"point":{"x":0.37402344,"y":0.61083984},"type":8},{"point":{"x":0.6113281,"y":0.55371094},"type":10},{"point":{"x":0.8486328,"y":0.61083984},"type":9},{"point":{"x":0.6113281,"y":0.66796875},"type":11}]},{"type":5,"name":"EYEBROW_RIGHT_MESH","clientCropRect":{"x":205,"y":186,"w":75,"h":22},"headPointsList":[{"type":46,"point":{"x":0.7813171,"y":0.4440851}},{"type":47,"point":{"x":0.62129587,"y":0.4280638}},{"type":48,"point":{"x":0.70804054,"y":0.39663827}},{"type":49,"point":{"x":0.70606184,"y":0.4301064}}],"texturePointList":[{"point":{"x":0.15039062,"y":0.61083984},"type":13},{"point":{"x":0.3876953,"y":0.55371094},"type":14},{"point":{"x":0.625,"y":0.61083984},"type":12},{"point":{"x":0.3876953,"y":0.66796875},"type":15}]},{"type":6,"name":"MOUTH_MESH","clientCropRect":{"x":115,"y":355,"w":111,"h":41},"headPointsList":[{"type":50,"point":{"x":0.43023205,"y":0.7908298}},{"type":51,"point":{"x":0.6656363,"y":0.7837872}},{"type":52,"point":{"x":0.5662533,"y":0.75682974}},{"type":53,"point":{"x":0.5657426,"y":0.84423405}}],"texturePointList":[{"point":{"x":0.31835938,"y":0.45410156},"type":16},{"point":{"x":0.50146484,"y":0.3798828},"type":18},{"point":{"x":0.6845703,"y":0.45410156},"type":17},{"point":{"x":0.50146484,"y":0.5283203},"type":19}]},{"type":7,"name":"NOSE_MESH","textureName":"Obama_NoseCrop.png","headPointsList":[],"texturePointList":[]},{"type":8,"name":"EAR_MESH","headPointsList":[],"texturePointList":[]}]}