<image file="AngelinaJolie-2.jpg">
 <width>151.2</width>
 <height>151.2</height>
 <x>152.65</x>
 <y>133.89</y>
 <angle>-5.5412</angle>
 <uid>7732c2df-408c-11e7-9586-0cc47a6c4dbd</uid>
 <box height="189" width="166" left="61" top="72">
  <part name="512" x="116.27" y="122.12"/>
  <part name="768" x="180.21" y="128.29"/>
  <part name="1024" x="103.33" y="119.9"/>
  <part name="1280" x="192.1" y="129.54"/>
  <part name="1536" x="129.69" y="124.73"/>
  <part name="1792" x="167.09" y="128.19"/>
  <part name="2048" x="113.94" y="182.02"/>
  <part name="2304" x="168.96" y="187.76"/>
  <part name="2560" x="142.75" y="158.7"/>
  <part name="2816" x="141.61" y="186.46"/>
  <part name="3072" x="114.32" y="101.67"/>
  <part name="3328" x="131.36" y="107.08"/>
  <part name="3584" x="98.36" y="104.81"/>
  <part name="3840" x="184.17" y="108.84"/>
  <part name="4096" x="165.79" y="111.19"/>
  <part name="4352" x="199.03" y="112.73"/>
  <part name="4608" x="139.71" y="228.53"/>
  <part name="4864" x="85.3" y="156.88"/>
  <part name="5120" x="208.95" y="170.26"/>
  <part name="5376" x="128.95" y="162.16"/>
  <part name="5632" x="157.67" y="164.65"/>
  <part name="65536" x="82.89" y="159.38"/>
  <part name="131072" x="85.19" y="175.56"/>
  <part name="196608" x="90.01" y="190.8"/>
  <part name="262144" x="98.21" y="204.59"/>
  <part name="327680" x="108.86" y="216.49"/>
  <part name="393216" x="121.52" y="226.41"/>
  <part name="458752" x="137.4" y="230.75"/>
  <part name="524288" x="154.56" y="229.91"/>
  <part name="589824" x="170.7" y="223.28"/>
  <part name="655360" x="185.27" y="214.06"/>
  <part name="720896" x="197.38" y="202.14"/>
  <part name="786432" x="205.85" y="187.65"/>
  <part name="851968" x="211.28" y="171.36"/>
  <part name="917504" x="215.12" y="154.68"/>
  <part name="983040" x="218.11" y="137.01"/>
  <part name="1048576" x="217.69" y="123.64"/>
  <part name="1114112" x="217.27" y="110.27"/>
  <part name="1179648" x="211.51" y="100.84"/>
  <part name="1245184" x="205.75" y="91.4"/>
  <part name="1310720" x="188.93" y="88.01"/>
  <part name="1376256" x="171.66" y="85.46"/>
  <part name="1441792" x="153.49" y="83.25"/>
  <part name="1507328" x="135.76" y="81.89"/>
  <part name="1572864" x="118.98" y="81"/>
  <part name="1638400" x="102.51" y="81"/>
  <part name="1703936" x="95.28" y="89.6"/>
  <part name="1769472" x="88.04" y="98.2"/>
  <part name="1835008" x="85.19" y="112.13"/>
  <part name="1900544" x="82.35" y="126.06"/>
  <part name="1966080" x="82" y="143.09"/>
  <part name="2031616" x="193.95" y="130.41"/>
  <part name="2097152" x="186.68" y="132.38"/>
  <part name="2162688" x="182.02" y="132.86"/>
  <part name="2228224" x="175.93" y="131.93"/>
  <part name="2293760" x="168.91" y="129.58"/>
  <part name="2359296" x="175.78" y="125.32"/>
  <part name="2424832" x="182.55" y="124.08"/>
  <part name="2490368" x="186.88" y="125.81"/>
  <part name="2555904" x="106.13" y="121.42"/>
  <part name="2621440" x="113.66" y="118.1"/>
  <part name="2686976" x="120.35" y="117.29"/>
  <part name="2752512" x="125.65" y="119.48"/>
  <part name="2818048" x="132.48" y="125.87"/>
  <part name="2883584" x="124.33" y="126.64"/>
  <part name="2949120" x="118.63" y="126.66"/>
  <part name="3014656" x="112.75" y="125.25"/>
  <part name="3080192" x="167.42" y="112.87"/>
  <part name="3145728" x="173.96" y="106.45"/>
  <part name="3211264" x="186.16" y="104.51"/>
  <part name="3276800" x="196.75" y="107.1"/>
  <part name="3342336" x="202.59" y="115.12"/>
  <part name="3407872" x="194.49" y="113.26"/>
  <part name="3473408" x="185.93" y="111.87"/>
  <part name="3538944" x="176.57" y="113.25"/>
  <part name="3604480" x="135.66" y="109"/>
  <part name="3670016" x="130.52" y="101.61"/>
  <part name="3735552" x="118.73" y="97.66"/>
  <part name="3801088" x="107.64" y="98.64"/>
  <part name="3866624" x="100.34" y="105.99"/>
  <part name="3932160" x="108.99" y="105.01"/>
  <part name="3997696" x="117.73" y="104.92"/>
  <part name="4063232" x="126.71" y="107.86"/>
  <part name="4128768" x="116.14" y="183.35"/>
  <part name="4194304" x="137.82" y="178.78"/>
  <part name="4259840" x="145.69" y="181.35"/>
  <part name="4325376" x="153.79" y="180.14"/>
  <part name="4390912" x="172.93" y="188.01"/>
  <part name="4456448" x="154.07" y="200.1"/>
  <part name="4521984" x="143.82" y="200.72"/>
  <part name="4587520" x="133.69" y="198.43"/>
  <part name="4653056" x="140.64" y="127.32"/>
  <part name="4718592" x="135.33" y="146.74"/>
  <part name="4784128" x="127.56" y="156.2"/>
  <part name="4849664" x="129.49" y="164.46"/>
  <part name="4915200" x="136.07" y="164.47"/>
  <part name="4980736" x="143.69" y="168.99"/>
  <part name="5046272" x="152.2" y="166.08"/>
  <part name="5111808" x="158.9" y="167.48"/>
  <part name="5177344" x="164.6" y="159.86"/>
  <part name="5242880" x="158.85" y="149.05"/>
  <part name="5308416" x="157.28" y="128.95"/>
  <part name="5373952" x="182.46" y="128.72"/>
  <part name="5439488" x="120.4" y="122.07"/>
  <part name="5505024" x="144.43" y="156.59"/>
  <part name="5570560" x="110.57" y="169.85"/>
  <part name="5636096" x="178.22" y="176.49"/>
  <part name="5701632" x="149.46" y="122.92"/>
  <part name="5767168" x="147.71" y="134.41"/>
  <part name="5832704" x="145.96" y="145.77"/>
  <part name="5898240" x="126.97" y="180.41"/>
  <part name="5963776" x="124.63" y="192.4"/>
  <part name="6029312" x="163.38" y="195.57"/>
  <part name="6094848" x="163.42" y="183.48"/>
  <part name="6160384" x="120.88" y="184.66"/>
  <part name="6225920" x="137.42" y="188.48"/>
  <part name="6291456" x="144.88" y="189.95"/>
  <part name="6356992" x="152.4" y="189.64"/>
  <part name="6422528" x="168.75" y="188.39"/>
  <part name="6488064" x="152.39" y="188.03"/>
  <part name="6553600" x="144.94" y="188.35"/>
  <part name="6619136" x="137.56" y="186.88"/>
 </box>
</image>
