<BetafaceImageInfoResponse xmlns:i="http://www.w3.org/2001/XMLSchema-instance"><int_response>0</int_response><string_response>ok</string_response><checksum>b15a967544976d88f2d871f2855c2174a470f1bbc3febb43629a05a677e4454e</checksum><faces><FaceInfo><angle>-5.5412</angle><height>151.2</height><image_uid>3ac1bd52-54a2-4340-b530-737257f8b807</image_uid><person_name/><points><PointInfo><name>basic eye left</name><type>512</type><x>116.59</x><y>122.78</y></PointInfo><PointInfo><name>basic eye right</name><type>768</type><x>180.53</x><y>128.95</y></PointInfo><PointInfo><name>basic eye left outer</name><type>1024</type><x>103.65</x><y>120.56</y></PointInfo><PointInfo><name>basic eye right outer</name><type>1280</type><x>192.42</x><y>130.2</y></PointInfo><PointInfo><name>basic eye left inner</name><type>1536</type><x>130.01</x><y>125.39</y></PointInfo><PointInfo><name>basic eye right inner</name><type>1792</type><x>167.41</x><y>128.85</y></PointInfo><PointInfo><name>basic mouth left</name><type>2048</type><x>114.26</x><y>182.68</y></PointInfo><PointInfo><name>basic mouth right</name><type>2304</type><x>169.28</x><y>188.42</y></PointInfo><PointInfo><name>basic nose tip</name><type>2560</type><x>143.07</x><y>159.36</y></PointInfo><PointInfo><name>basic mouth center</name><type>2816</type><x>141.93</x><y>187.12</y></PointInfo><PointInfo><name>basic eyebrow left</name><type>3072</type><x>114.64</x><y>102.33</y></PointInfo><PointInfo><name>basic eyebrow left inner corner</name><type>3328</type><x>131.68</x><y>107.74</y></PointInfo><PointInfo><name>basic eyebrow left outer corner</name><type>3584</type><x>98.68</x><y>105.47</y></PointInfo><PointInfo><name>basic eyebrow right</name><type>3840</type><x>184.49</x><y>109.5</y></PointInfo><PointInfo><name>basic eyebrow right inner corner</name><type>4096</type><x>166.11</x><y>111.85</y></PointInfo><PointInfo><name>basic eyebrow right outer corner</name><type>4352</type><x>199.35</x><y>113.39</y></PointInfo><PointInfo><name>basic chin bottom</name><type>4608</type><x>140.03</x><y>229.19</y></PointInfo><PointInfo><name>basic chin left</name><type>4864</type><x>85.62</x><y>157.54</y></PointInfo><PointInfo><name>basic chin right</name><type>5120</type><x>209.27</x><y>170.92</y></PointInfo><PointInfo><name>basic nose left</name><type>5376</type><x>129.27</x><y>162.82</y></PointInfo><PointInfo><name>basic nose right</name><type>5632</type><x>157.99</x><y>165.31</y></PointInfo><PointInfo><name>chin ear left</name><type>65536</type><x>83.21</x><y>160.04</y></PointInfo><PointInfo><name>chin left 1</name><type>131072</type><x>85.51</x><y>176.22</y></PointInfo><PointInfo><name>chin left 2</name><type>196608</type><x>90.33</x><y>191.46</y></PointInfo><PointInfo><name>chin left 3</name><type>262144</type><x>98.53</x><y>205.25</y></PointInfo><PointInfo><name>chin left 4</name><type>327680</type><x>109.18</x><y>217.15</y></PointInfo><PointInfo><name>chin left 5</name><type>393216</type><x>121.84</x><y>227.07</y></PointInfo><PointInfo><name>chin bottom</name><type>458752</type><x>137.72</x><y>231.41</y></PointInfo><PointInfo><name>chin right 5</name><type>524288</type><x>154.88</x><y>230.57</y></PointInfo><PointInfo><name>chin right 4</name><type>589824</type><x>171.02</x><y>223.94</y></PointInfo><PointInfo><name>chin right 3</name><type>655360</type><x>185.59</x><y>214.72</y></PointInfo><PointInfo><name>chin right 2</name><type>720896</type><x>197.7</x><y>202.8</y></PointInfo><PointInfo><name>chin right 1</name><type>786432</type><x>206.17</x><y>188.31</y></PointInfo><PointInfo><name>chin ear right</name><type>851968</type><x>211.6</x><y>172.02</y></PointInfo><PointInfo><name>temple right 4</name><type>917504</type><x>215.44</x><y>155.34</y></PointInfo><PointInfo><name>temple right 3</name><type>983040</type><x>218.43</x><y>137.67</y></PointInfo><PointInfo><name>temple right 2</name><type>1048576</type><x>218.01</x><y>124.3</y></PointInfo><PointInfo><name>temple right 1</name><type>1114112</type><x>217.59</x><y>110.93</y></PointInfo><PointInfo><name>temple right</name><type>1179648</type><x>211.83</x><y>101.5</y></PointInfo><PointInfo><name>forehead right</name><type>1245184</type><x>206.07</x><y>92.06</y></PointInfo><PointInfo><name>forehead 4</name><type>1310720</type><x>189.25</x><y>88.67</y></PointInfo><PointInfo><name>forehead 3</name><type>1376256</type><x>171.98</x><y>86.12</y></PointInfo><PointInfo><name>forehead middle</name><type>1441792</type><x>153.81</x><y>83.91</y></PointInfo><PointInfo><name>forehead 2</name><type>1507328</type><x>136.08</x><y>82.55</y></PointInfo><PointInfo><name>forehead 1</name><type>1572864</type><x>119.3</x><y>81.66</y></PointInfo><PointInfo><name>forehead left</name><type>1638400</type><x>102.83</x><y>81.66</y></PointInfo><PointInfo><name>temple left</name><type>1703936</type><x>95.6</x><y>90.26</y></PointInfo><PointInfo><name>temple left 1</name><type>1769472</type><x>88.36</x><y>98.86</y></PointInfo><PointInfo><name>temple left 2</name><type>1835008</type><x>85.51</x><y>112.79</y></PointInfo><PointInfo><name>temple left 3</name><type>1900544</type><x>82.67</x><y>126.72</y></PointInfo><PointInfo><name>temple left 4</name><type>1966080</type><x>82.32</x><y>143.75</y></PointInfo><PointInfo><name>eye right outer</name><type>2031616</type><x>194.27</x><y>131.07</y></PointInfo><PointInfo><name>eye right bottom outer</name><type>2097152</type><x>187</x><y>133.04</y></PointInfo><PointInfo><name>eye right bottom</name><type>2162688</type><x>182.34</x><y>133.52</y></PointInfo><PointInfo><name>eye right bottom inner</name><type>2228224</type><x>176.25</x><y>132.59</y></PointInfo><PointInfo><name>eye right inner</name><type>2293760</type><x>169.23</x><y>130.24</y></PointInfo><PointInfo><name>eye right top inner</name><type>2359296</type><x>176.1</x><y>125.98</y></PointInfo><PointInfo><name>eye right top</name><type>2424832</type><x>182.87</x><y>124.74</y></PointInfo><PointInfo><name>eye right top outer</name><type>2490368</type><x>187.2</x><y>126.47</y></PointInfo><PointInfo><name>eye left outer</name><type>2555904</type><x>106.45</x><y>122.08</y></PointInfo><PointInfo><name>eye left top outer</name><type>2621440</type><x>113.98</x><y>118.76</y></PointInfo><PointInfo><name>eye left top</name><type>2686976</type><x>120.67</x><y>117.95</y></PointInfo><PointInfo><name>eye left top inner</name><type>2752512</type><x>125.97</x><y>120.14</y></PointInfo><PointInfo><name>eye left inner</name><type>2818048</type><x>132.8</x><y>126.53</y></PointInfo><PointInfo><name>eye left bottom inner</name><type>2883584</type><x>124.65</x><y>127.3</y></PointInfo><PointInfo><name>eye left bottom</name><type>2949120</type><x>118.95</x><y>127.32</y></PointInfo><PointInfo><name>eye left bottom outer</name><type>3014656</type><x>113.07</x><y>125.91</y></PointInfo><PointInfo><name>eyebrow right inner</name><type>3080192</type><x>167.74</x><y>113.53</y></PointInfo><PointInfo><name>eyebrow right top inner</name><type>3145728</type><x>174.28</x><y>107.11</y></PointInfo><PointInfo><name>eyebrow right top</name><type>3211264</type><x>186.48</x><y>105.17</y></PointInfo><PointInfo><name>eyebrow right top outer</name><type>3276800</type><x>197.07</x><y>107.76</y></PointInfo><PointInfo><name>eyebrow right outer</name><type>3342336</type><x>202.91</x><y>115.78</y></PointInfo><PointInfo><name>eyebrow right bottom outer</name><type>3407872</type><x>194.81</x><y>113.92</y></PointInfo><PointInfo><name>eyebrow right botom</name><type>3473408</type><x>186.25</x><y>112.53</y></PointInfo><PointInfo><name>eyebrow rigth bottom inner</name><type>3538944</type><x>176.89</x><y>113.91</y></PointInfo><PointInfo><name>eyebrow left inner</name><type>3604480</type><x>135.98</x><y>109.66</y></PointInfo><PointInfo><name>eyebrow left top inner</name><type>3670016</type><x>130.84</x><y>102.27</y></PointInfo><PointInfo><name>eyebrow left top</name><type>3735552</type><x>119.05</x><y>98.32</y></PointInfo><PointInfo><name>eyebrow left top outer</name><type>3801088</type><x>107.96</x><y>99.3</y></PointInfo><PointInfo><name>eyebrow left outer</name><type>3866624</type><x>100.66</x><y>106.65</y></PointInfo><PointInfo><name>eyebrow left bottom outer</name><type>3932160</type><x>109.31</x><y>105.67</y></PointInfo><PointInfo><name>eyebrow left bottom</name><type>3997696</type><x>118.05</x><y>105.58</y></PointInfo><PointInfo><name>eyebrow left bottom inner</name><type>4063232</type><x>127.03</x><y>108.52</y></PointInfo><PointInfo><name>mouth left</name><type>4128768</type><x>116.46</x><y>184.01</y></PointInfo><PointInfo><name>mouth left top</name><type>4194304</type><x>138.14</x><y>179.44</y></PointInfo><PointInfo><name>mouth top</name><type>4259840</type><x>146.01</x><y>182.01</y></PointInfo><PointInfo><name>mouth right top</name><type>4325376</type><x>154.11</x><y>180.8</y></PointInfo><PointInfo><name>mouth right</name><type>4390912</type><x>173.25</x><y>188.67</y></PointInfo><PointInfo><name>mouth right bottom</name><type>4456448</type><x>154.39</x><y>200.76</y></PointInfo><PointInfo><name>mouth bottom</name><type>4521984</type><x>144.14</x><y>201.38</y></PointInfo><PointInfo><name>mouth left bottom</name><type>4587520</type><x>134.01</x><y>199.09</y></PointInfo><PointInfo><name>nose left top</name><type>4653056</type><x>140.96</x><y>127.98</y></PointInfo><PointInfo><name>nose left top inner</name><type>4718592</type><x>135.65</x><y>147.4</y></PointInfo><PointInfo><name>nose left top outer</name><type>4784128</type><x>127.88</x><y>156.86</y></PointInfo><PointInfo><name>nose left bottom outer</name><type>4849664</type><x>129.81</x><y>165.12</y></PointInfo><PointInfo><name>nose left bottom inner</name><type>4915200</type><x>136.39</x><y>165.13</y></PointInfo><PointInfo><name>nose bottom</name><type>4980736</type><x>144.01</x><y>169.65</y></PointInfo><PointInfo><name>nose right bottom inner</name><type>5046272</type><x>152.52</x><y>166.74</y></PointInfo><PointInfo><name>nose right bottom outer</name><type>5111808</type><x>159.22</x><y>168.14</y></PointInfo><PointInfo><name>nose right top outer</name><type>5177344</type><x>164.92</x><y>160.52</y></PointInfo><PointInfo><name>nose right top inner</name><type>5242880</type><x>159.17</x><y>149.71</y></PointInfo><PointInfo><name>nose right top</name><type>5308416</type><x>157.6</x><y>129.61</y></PointInfo><PointInfo><name>eye right iris</name><type>5373952</type><x>182.78</x><y>129.38</y></PointInfo><PointInfo><name>eye left iris</name><type>5439488</type><x>120.72</x><y>122.73</y></PointInfo><PointInfo><name>nose tip</name><type>5505024</type><x>144.75</x><y>157.25</y></PointInfo><PointInfo><name>cheekbone left</name><type>5570560</type><x>110.89</x><y>170.51</y></PointInfo><PointInfo><name>cheekbone right</name><type>5636096</type><x>178.54</x><y>177.15</y></PointInfo><PointInfo><name>nose bridge top</name><type>5701632</type><x>149.78</x><y>123.58</y></PointInfo><PointInfo><name>nose bridge middle</name><type>5767168</type><x>148.03</x><y>135.07</y></PointInfo><PointInfo><name>nose bridge bottom</name><type>5832704</type><x>146.28</x><y>146.43</y></PointInfo><PointInfo><name>mouth left top point 1</name><type>5898240</type><x>127.29</x><y>181.07</y></PointInfo><PointInfo><name>mouth left bottom point 1</name><type>5963776</type><x>124.95</x><y>193.06</y></PointInfo><PointInfo><name>mouth right bottom point 1</name><type>6029312</type><x>163.7</x><y>196.23</y></PointInfo><PointInfo><name>mouth right top point 1</name><type>6094848</type><x>163.74</x><y>184.14</y></PointInfo><PointInfo><name>mouth inner left</name><type>6160384</type><x>121.2</x><y>185.32</y></PointInfo><PointInfo><name>mouth inner left bottom</name><type>6225920</type><x>137.74</x><y>189.14</y></PointInfo><PointInfo><name>mouth inner bottom</name><type>6291456</type><x>145.2</x><y>190.61</y></PointInfo><PointInfo><name>mouth inner right bottom</name><type>6356992</type><x>152.72</x><y>190.3</y></PointInfo><PointInfo><name>mouth inner right</name><type>6422528</type><x>169.07</x><y>189.05</y></PointInfo><PointInfo><name>mouth inner right top</name><type>6488064</type><x>152.71</x><y>188.69</y></PointInfo><PointInfo><name>mouth inner top</name><type>6553600</type><x>145.26</x><y>189.01</y></PointInfo><PointInfo><name>mouth inner left top</name><type>6619136</type><x>137.88</x><y>187.54</y></PointInfo></points><score>1</score><tags><TagInfo><confidence>0.6</confidence><name>age</name><value>32</value></TagInfo><TagInfo><confidence>1</confidence><name>beard</name><value>no</value></TagInfo><TagInfo><confidence>0.99</confidence><name>expression</name><value>smile</value></TagInfo><TagInfo><confidence>1</confidence><name>gender</name><value>female</value></TagInfo><TagInfo><confidence>1</confidence><name>glasses</name><value>no</value></TagInfo><TagInfo><confidence>1</confidence><name>mustache</name><value>no</value></TagInfo><TagInfo><confidence>1</confidence><name>race</name><value>white</value></TagInfo><TagInfo><confidence>1</confidence><name>chin size</name><value>extra small</value></TagInfo><TagInfo><confidence>0.03</confidence><name>color background</name><value>c98b66</value></TagInfo><TagInfo><confidence>0.26</confidence><name>color clothes middle</name><value>c18263</value></TagInfo><TagInfo><confidence>0.03</confidence><name>color clothes sides</name><value>3e322b</value></TagInfo><TagInfo><confidence>0.49</confidence><name>color eyes</name><value>8b685b</value></TagInfo><TagInfo><confidence>0.43</confidence><name>color hair</name><value>432c20</value></TagInfo><TagInfo><confidence>1</confidence><name>color skin</name><value>f2caaf</value></TagInfo><TagInfo><confidence>1</confidence><name>eyebrows corners</name><value>average</value></TagInfo><TagInfo><confidence>1</confidence><name>eyebrows position</name><value>extra low</value></TagInfo><TagInfo><confidence>1</confidence><name>eyebrows size</name><value>extra thin</value></TagInfo><TagInfo><confidence>1</confidence><name>eyes corners</name><value>average</value></TagInfo><TagInfo><confidence>1</confidence><name>eyes distance</name><value>far</value></TagInfo><TagInfo><confidence>1</confidence><name>eyes position</name><value>extra low</value></TagInfo><TagInfo><confidence>1</confidence><name>eyes shape</name><value>round</value></TagInfo><TagInfo><confidence>1</confidence><name>glasses rim</name><value>no</value></TagInfo><TagInfo><confidence>1</confidence><name>hair beard</name><value>none</value></TagInfo><TagInfo><confidence>0.43</confidence><name>hair color type</name><value>brown</value></TagInfo><TagInfo><confidence>1</confidence><name>hair forehead</name><value>no</value></TagInfo><TagInfo><confidence>1</confidence><name>hair length</name><value>very long</value></TagInfo><TagInfo><confidence>1</confidence><name>hair mustache</name><value>none</value></TagInfo><TagInfo><confidence>1</confidence><name>hair sides</name><value>average</value></TagInfo><TagInfo><confidence>1</confidence><name>hair top</name><value>short</value></TagInfo><TagInfo><confidence>1</confidence><name>head shape</name><value>rect</value></TagInfo><TagInfo><confidence>1</confidence><name>head width</name><value>average</value></TagInfo><TagInfo><confidence>1</confidence><name>mouth corners</name><value>extra raised</value></TagInfo><TagInfo><confidence>1</confidence><name>mouth height</name><value>thick</value></TagInfo><TagInfo><confidence>1</confidence><name>mouth width</name><value>average</value></TagInfo><TagInfo><confidence>1</confidence><name>nose shape</name><value>extra straight</value></TagInfo><TagInfo><confidence>1</confidence><name>nose width</name><value>extra wide</value></TagInfo><TagInfo><confidence>1</confidence><name>teeth visible</name><value>yes</value></TagInfo></tags><uid>7732c2df-408c-11e7-9586-0cc47a6c4dbd</uid><user_points i:nil="true"/><width>151.2</width><x>152.65</x><y>133.89</y></FaceInfo></faces><original_filename>temp.jpg</original_filename><uid>3ac1bd52-54a2-4340-b530-737257f8b807</uid></BetafaceImageInfoResponse>