{"accessoryName":"48150000","imageInfo":{"imageName":"AngelinaJolie-2","originalSize":{"width":300,"height":300},"scaledSize":{"width":300,"height":300},"clientCropSize":{"width":140,"height":228},"gender":"female","skinColor":"f6c4ae","hairColor":"432c20","eyeColor":"8b685b"},"meshShapesList":[{"type":1,"name":"HEAD_MESH","textureName":"AngelinaJolie-2_FaceCrop.png","headPointsList":[{"type":0,"point":{"x":0.50270015,"y":5.677541E-4}},{"type":1,"point":{"x":0.3938274,"y":0.029234396}},{"type":2,"point":{"x":0.6152137,"y":0.031231571}},{"type":3,"point":{"x":0.2758961,"y":0.09974341}},{"type":4,"point":{"x":0.7198719,"y":0.09366083}},{"type":5,"point":{"x":0.22752708,"y":0.16508882}},{"type":6,"point":{"x":0.7748114,"y":0.16288379}},{"type":7,"point":{"x":0.20713255,"y":0.22372603}},{"type":8,"point":{"x":0.79922366,"y":0.22604747}},{"type":9,"point":{"x":0.20035128,"y":0.29061598}},{"type":10,"point":{"x":0.80924237,"y":0.29885092}},{"type":11,"point":{"x":0.20718333,"y":0.36575866}},{"type":12,"point":{"x":0.8048675,"y":0.38129416}},{"type":13,"point":{"x":0.21930099,"y":0.4204386}},{"type":14,"point":{"x":0.7939546,"y":0.44161174}},{"type":15,"point":{"x":0.206801,"y":0.4815351}},{"type":16,"point":{"x":0.7860992,"y":0.4733772}},{"type":17,"point":{"x":0.19434483,"y":0.54263157}},{"type":18,"point":{"x":0.7897834,"y":0.5906579}},{"type":19,"point":{"x":0.19280976,"y":0.6173246}},{"type":20,"point":{"x":0.77666944,"y":0.6681579}},{"type":21,"point":{"x":0.19671327,"y":0.6887719}},{"type":22,"point":{"x":0.77666944,"y":0.6681579}},{"type":23,"point":{"x":0.206801,"y":0.75973684}},{"type":24,"point":{"x":0.7598273,"y":0.74131584}},{"type":25,"point":{"x":0.22794135,"y":0.826579}},{"type":26,"point":{"x":0.7360115,"y":0.81276315}},{"type":27,"point":{"x":0.26390624,"y":0.8870614}},{"type":28,"point":{"x":0.6988624,"y":0.87631583}},{"type":29,"point":{"x":0.36614308,"y":0.9827632}},{"type":30,"point":{"x":0.58184487,"y":0.9690351}},{"type":31,"point":{"x":0.4357922,"y":1.0017983}}],"texturePointList":[]},{"type":2,"name":"EYE_LEFT_MESH","clientCropRect":{"x":24,"y":114,"w":26,"h":10},"headPointsList":[{"type":32,"point":{"x":0.29864308,"y":0.5222807}},{"type":33,"point":{"x":0.4142133,"y":0.54179823}},{"type":34,"point":{"x":0.3610115,"y":0.50416666}},{"type":35,"point":{"x":0.35346764,"y":0.5452632}},{"type":36,"point":{"x":0.36123082,"y":0.5251316}}],"texturePointList":[{"point":{"x":0.36523438,"y":0.5302439},"type":0},{"point":{"x":0.5913086,"y":0.3209756},"type":2},{"point":{"x":0.8173828,"y":0.5302439},"type":1},{"point":{"x":0.5913086,"y":0.7395122},"type":3}]},{"type":3,"name":"EYE_RIGHT_MESH","clientCropRect":{"x":86,"y":120,"w":26,"h":10},"headPointsList":[{"type":37,"point":{"x":0.68669134,"y":0.5332237}},{"type":38,"point":{"x":0.57112116,"y":0.52958333}},{"type":41,"point":{"x":0.6334238,"y":0.5542983}},{"type":39,"point":{"x":0.6338185,"y":0.5041666}},{"type":40,"point":{"x":0.6314939,"y":0.5452631}}],"texturePointList":[{"point":{"x":0.18164062,"y":0.5302439},"type":5},{"point":{"x":0.40771484,"y":0.3209756},"type":6},{"point":{"x":0.63378906,"y":0.5302439},"type":4},{"point":{"x":0.40771484,"y":0.7395122},"type":7}]},{"type":4,"name":"EYEBROW_LEFT_MESH","clientCropRect":{"x":18,"y":95,"w":35,"h":18},"headPointsList":[{"type":42,"point":{"x":0.2735773,"y":0.4848684}},{"type":43,"point":{"x":0.42783168,"y":0.49807018}},{"type":44,"point":{"x":0.35390627,"y":0.44811404}},{"type":45,"point":{"x":0.3495203,"y":0.48039472}}],"texturePointList":[{"point":{"x":0.37402344,"y":0.61083984},"type":8},{"point":{"x":0.6113281,"y":0.55371094},"type":10},{"point":{"x":0.8486328,"y":0.61083984},"type":9},{"point":{"x":0.6113281,"y":0.66796875},"type":11}]},{"type":5,"name":"EYEBROW_RIGHT_MESH","clientCropRect":{"x":85,"y":102,"w":35,"h":10},"headPointsList":[{"type":46,"point":{"x":0.7217133,"y":0.4946491}},{"type":47,"point":{"x":0.56745887,"y":0.4847807}},{"type":48,"point":{"x":0.6496519,"y":0.44811404}},{"type":49,"point":{"x":0.64864314,"y":0.48039472}}],"texturePointList":[{"point":{"x":0.15039062,"y":0.61083984},"type":13},{"point":{"x":0.3876953,"y":0.55371094},"type":14},{"point":{"x":0.625,"y":0.61083984},"type":12},{"point":{"x":0.3876953,"y":0.66796875},"type":15}]},{"type":6,"name":"MOUTH_MESH","clientCropRect":{"x":34,"y":176,"w":57,"h":22},"headPointsList":[{"type":50,"point":{"x":0.34254658,"y":0.79390347}},{"type":51,"point":{"x":0.5916256,"y":0.8143421}},{"type":52,"point":{"x":0.47215185,"y":0.7738597}},{"type":53,"point":{"x":0.4639501,"y":0.87008774}}],"texturePointList":[{"point":{"x":0.31835938,"y":0.45410156},"type":16},{"point":{"x":0.50146484,"y":0.3798828},"type":18},{"point":{"x":0.6845703,"y":0.45410156},"type":17},{"point":{"x":0.50146484,"y":0.5283203},"type":19}]},{"type":7,"name":"NOSE_MESH","textureName":"AngelinaJolie-2_NoseCrop.png","headPointsList":[],"texturePointList":[]},{"type":8,"name":"EAR_MESH","headPointsList":[],"texturePointList":[]}]}