<BetafaceImageInfoResponse xmlns:i="http://www.w3.org/2001/XMLSchema-instance"><int_response>0</int_response><string_response>ok</string_response><checksum>d8278f90df415616c982c54da1cd642be7e69e1ac186f1009c8da956c0a4ae78</checksum><faces><FaceInfo><angle>-0.6537</angle><height>273.22</height><image_uid>49cc7fbc-ac34-417a-b91e-832ae4c4865a</image_uid><person_name/><points><PointInfo><name>basic eye left</name><type>512</type><x>237.3</x><y>326.45</y></PointInfo><PointInfo><name>basic eye right</name><type>768</type><x>349.88</x><y>329.18</y></PointInfo><PointInfo><name>basic eye left outer</name><type>1024</type><x>214.82</x><y>327.13</y></PointInfo><PointInfo><name>basic eye right outer</name><type>1280</type><x>373.55</x><y>330.02</y></PointInfo><PointInfo><name>basic eye left inner</name><type>1536</type><x>260.81</x><y>327.95</y></PointInfo><PointInfo><name>basic eye right inner</name><type>1792</type><x>325.35</x><y>329.92</y></PointInfo><PointInfo><name>basic mouth left</name><type>2048</type><x>248.62</x><y>459.5</y></PointInfo><PointInfo><name>basic mouth right</name><type>2304</type><x>329.88</x><y>461.1</y></PointInfo><PointInfo><name>basic nose tip</name><type>2560</type><x>290.89</x><y>411.69</y></PointInfo><PointInfo><name>basic mouth center</name><type>2816</type><x>289.35</x><y>460.64</y></PointInfo><PointInfo><name>basic eyebrow left</name><type>3072</type><x>223.78</x><y>293.89</y></PointInfo><PointInfo><name>basic eyebrow left inner corner</name><type>3328</type><x>258.12</x><y>298.19</y></PointInfo><PointInfo><name>basic eyebrow left outer corner</name><type>3584</type><x>195.54</x><y>304.5</y></PointInfo><PointInfo><name>basic eyebrow right</name><type>3840</type><x>362.42</x><y>297.69</y></PointInfo><PointInfo><name>basic eyebrow right inner corner</name><type>4096</type><x>328.02</x><y>300.49</y></PointInfo><PointInfo><name>basic eyebrow right outer corner</name><type>4352</type><x>392.19</x><y>309.39</y></PointInfo><PointInfo><name>basic chin bottom</name><type>4608</type><x>288.15</x><y>551.48</y></PointInfo><PointInfo><name>basic chin left</name><type>4864</type><x>188.03</x><y>425.25</y></PointInfo><PointInfo><name>basic chin right</name><type>5120</type><x>394.94</x><y>429.52</y></PointInfo><PointInfo><name>basic nose left</name><type>5376</type><x>263.14</x><y>413.53</y></PointInfo><PointInfo><name>basic nose right</name><type>5632</type><x>317.75</x><y>413.68</y></PointInfo><PointInfo><name>chin ear left</name><type>65536</type><x>177.31</x><y>403.9</y></PointInfo><PointInfo><name>chin left 1</name><type>131072</type><x>182.92</x><y>435.87</y></PointInfo><PointInfo><name>chin left 2</name><type>196608</type><x>193.58</x><y>466.23</y></PointInfo><PointInfo><name>chin left 3</name><type>262144</type><x>210.32</x><y>494.09</y></PointInfo><PointInfo><name>chin left 4</name><type>327680</type><x>231.08</x><y>518.78</y></PointInfo><PointInfo><name>chin left 5</name><type>393216</type><x>255.6</x><y>539.14</y></PointInfo><PointInfo><name>chin bottom</name><type>458752</type><x>285.8</x><y>546.34</y></PointInfo><PointInfo><name>chin right 5</name><type>524288</type><x>316.92</x><y>541.81</y></PointInfo><PointInfo><name>chin right 4</name><type>589824</type><x>344.07</x><y>523.92</y></PointInfo><PointInfo><name>chin right 3</name><type>655360</type><x>367.79</x><y>501.22</y></PointInfo><PointInfo><name>chin right 2</name><type>720896</type><x>387.5</x><y>474.81</y></PointInfo><PointInfo><name>chin right 1</name><type>786432</type><x>400.95</x><y>445.09</y></PointInfo><PointInfo><name>chin ear right</name><type>851968</type><x>408.89</x><y>413</y></PointInfo><PointInfo><name>temple right 4</name><type>917504</type><x>413.96</x><y>380.96</y></PointInfo><PointInfo><name>temple right 3</name><type>983040</type><x>416.83</x><y>348.01</y></PointInfo><PointInfo><name>temple right 2</name><type>1048576</type><x>415.23</x><y>321.07</y></PointInfo><PointInfo><name>temple right 1</name><type>1114112</type><x>413.63</x><y>294.14</y></PointInfo><PointInfo><name>temple right</name><type>1179648</type><x>402.19</x><y>276.43</y></PointInfo><PointInfo><name>forehead right</name><type>1245184</type><x>390.75</x><y>258.73</y></PointInfo><PointInfo><name>forehead 4</name><type>1310720</type><x>359.84</x><y>255.61</y></PointInfo><PointInfo><name>forehead 3</name><type>1376256</type><x>327.85</x><y>254.17</y></PointInfo><PointInfo><name>forehead middle</name><type>1441792</type><x>294.2</x><y>253.57</y></PointInfo><PointInfo><name>forehead 2</name><type>1507328</type><x>259.75</x><y>254.44</y></PointInfo><PointInfo><name>forehead 1</name><type>1572864</type><x>226.72</x><y>256.19</y></PointInfo><PointInfo><name>forehead left</name><type>1638400</type><x>194.96</x><y>259.69</y></PointInfo><PointInfo><name>temple left</name><type>1703936</type><x>184.16</x><y>275.99</y></PointInfo><PointInfo><name>temple left 1</name><type>1769472</type><x>173.36</x><y>292.3</y></PointInfo><PointInfo><name>temple left 2</name><type>1835008</type><x>173.68</x><y>316.16</y></PointInfo><PointInfo><name>temple left 3</name><type>1900544</type><x>174.01</x><y>340.02</y></PointInfo><PointInfo><name>temple left 4</name><type>1966080</type><x>174.43</x><y>372.29</y></PointInfo><PointInfo><name>eye right outer</name><type>2031616</type><x>377.03</x><y>330.25</y></PointInfo><PointInfo><name>eye right bottom outer</name><type>2097152</type><x>364.58</x><y>334.95</y></PointInfo><PointInfo><name>eye right bottom</name><type>2162688</type><x>353.17</x><y>335.89</y></PointInfo><PointInfo><name>eye right bottom inner</name><type>2228224</type><x>342.66</x><y>333.85</y></PointInfo><PointInfo><name>eye right inner</name><type>2293760</type><x>328.38</x><y>328.85</y></PointInfo><PointInfo><name>eye right top inner</name><type>2359296</type><x>342.42</x><y>318.76</y></PointInfo><PointInfo><name>eye right top</name><type>2424832</type><x>354.07</x><y>317.24</y></PointInfo><PointInfo><name>eye right top outer</name><type>2490368</type><x>365.19</x><y>319.81</y></PointInfo><PointInfo><name>eye left outer</name><type>2555904</type><x>217.6</x><y>328.3</y></PointInfo><PointInfo><name>eye left top outer</name><type>2621440</type><x>230.9</x><y>320.6</y></PointInfo><PointInfo><name>eye left top</name><type>2686976</type><x>239.13</x><y>316.33</y></PointInfo><PointInfo><name>eye left top inner</name><type>2752512</type><x>253.19</x><y>320.1</y></PointInfo><PointInfo><name>eye left inner</name><type>2818048</type><x>264.29</x><y>329.09</y></PointInfo><PointInfo><name>eye left bottom inner</name><type>2883584</type><x>252.53</x><y>333.57</y></PointInfo><PointInfo><name>eye left bottom</name><type>2949120</type><x>238.79</x><y>333.79</y></PointInfo><PointInfo><name>eye left bottom outer</name><type>3014656</type><x>231.11</x><y>333.99</y></PointInfo><PointInfo><name>eyebrow right inner</name><type>3080192</type><x>328.19</x><y>303.24</y></PointInfo><PointInfo><name>eyebrow right top inner</name><type>3145728</type><x>340.74</x><y>290.96</y></PointInfo><PointInfo><name>eyebrow right top</name><type>3211264</type><x>364.83</x><y>287.7</y></PointInfo><PointInfo><name>eyebrow right top outer</name><type>3276800</type><x>385.23</x><y>293.87</y></PointInfo><PointInfo><name>eyebrow right outer</name><type>3342336</type><x>395.66</x><y>310.71</y></PointInfo><PointInfo><name>eyebrow right bottom outer</name><type>3407872</type><x>379.98</x><y>305.39</y></PointInfo><PointInfo><name>eyebrow right botom</name><type>3473408</type><x>363.59</x><y>302.07</y></PointInfo><PointInfo><name>eyebrow rigth bottom inner</name><type>3538944</type><x>345.54</x><y>304.42</y></PointInfo><PointInfo><name>eyebrow left inner</name><type>3604480</type><x>261.05</x><y>299.92</y></PointInfo><PointInfo><name>eyebrow left top inner</name><type>3670016</type><x>248.32</x><y>288.84</y></PointInfo><PointInfo><name>eyebrow left top</name><type>3735552</type><x>225.43</x><y>286.97</y></PointInfo><PointInfo><name>eyebrow left top outer</name><type>3801088</type><x>206.15</x><y>293.36</y></PointInfo><PointInfo><name>eyebrow left outer</name><type>3866624</type><x>196.45</x><y>309.11</y></PointInfo><PointInfo><name>eyebrow left bottom outer</name><type>3932160</type><x>211.16</x><y>304.43</y></PointInfo><PointInfo><name>eyebrow left bottom</name><type>3997696</type><x>226.74</x><y>300.53</y></PointInfo><PointInfo><name>eyebrow left bottom inner</name><type>4063232</type><x>244.18</x><y>301.74</y></PointInfo><PointInfo><name>mouth left</name><type>4128768</type><x>250.94</x><y>460.75</y></PointInfo><PointInfo><name>mouth left top</name><type>4194304</type><x>282.42</x><y>451.95</y></PointInfo><PointInfo><name>mouth top</name><type>4259840</type><x>294.35</x><y>454.96</y></PointInfo><PointInfo><name>mouth right top</name><type>4325376</type><x>306.17</x><y>452.4</y></PointInfo><PointInfo><name>mouth right</name><type>4390912</type><x>333.77</x><y>462.36</y></PointInfo><PointInfo><name>mouth right bottom</name><type>4456448</type><x>308.42</x><y>482.85</y></PointInfo><PointInfo><name>mouth bottom</name><type>4521984</type><x>293.27</x><y>484.81</y></PointInfo><PointInfo><name>mouth left bottom</name><type>4587520</type><x>277.89</x><y>482.4</y></PointInfo><PointInfo><name>nose left top</name><type>4653056</type><x>277.25</x><y>341.39</y></PointInfo><PointInfo><name>nose left top inner</name><type>4718592</type><x>270.37</x><y>382.1</y></PointInfo><PointInfo><name>nose left top outer</name><type>4784128</type><x>258.01</x><y>402.72</y></PointInfo><PointInfo><name>nose left bottom outer</name><type>4849664</type><x>265.51</x><y>422.19</y></PointInfo><PointInfo><name>nose left bottom inner</name><type>4915200</type><x>277.85</x><y>421.98</y></PointInfo><PointInfo><name>nose bottom</name><type>4980736</type><x>293.17</x><y>429.5</y></PointInfo><PointInfo><name>nose right bottom inner</name><type>5046272</type><x>308.51</x><y>421.91</y></PointInfo><PointInfo><name>nose right bottom outer</name><type>5111808</type><x>320.75</x><y>422.07</y></PointInfo><PointInfo><name>nose right top outer</name><type>5177344</type><x>329.78</x><y>403.7</y></PointInfo><PointInfo><name>nose right top inner</name><type>5242880</type><x>317.98</x><y>382.75</y></PointInfo><PointInfo><name>nose right top</name><type>5308416</type><x>312.14</x><y>341.85</y></PointInfo><PointInfo><name>eye right iris</name><type>5373952</type><x>357.38</x><y>326.16</y></PointInfo><PointInfo><name>eye left iris</name><type>5439488</type><x>242.34</x><y>326.79</y></PointInfo><PointInfo><name>nose tip</name><type>5505024</type><x>293.06</x><y>410.52</y></PointInfo><PointInfo><name>cheekbone left</name><type>5570560</type><x>231.95</x><y>427.44</y></PointInfo><PointInfo><name>cheekbone right</name><type>5636096</type><x>356.97</x><y>426.79</y></PointInfo><PointInfo><name>nose bridge top</name><type>5701632</type><x>295.07</x><y>326.47</y></PointInfo><PointInfo><name>nose bridge middle</name><type>5767168</type><x>294.23</x><y>353.58</y></PointInfo><PointInfo><name>nose bridge bottom</name><type>5832704</type><x>293.41</x><y>380.6</y></PointInfo><PointInfo><name>mouth left top point 1</name><type>5898240</type><x>266.32</x><y>455.84</y></PointInfo><PointInfo><name>mouth left bottom point 1</name><type>5963776</type><x>263.85</x><y>474.38</y></PointInfo><PointInfo><name>mouth right bottom point 1</name><type>6029312</type><x>321.34</x><y>475.21</y></PointInfo><PointInfo><name>mouth right top point 1</name><type>6094848</type><x>320.35</x><y>456.82</y></PointInfo><PointInfo><name>mouth inner left</name><type>6160384</type><x>258.65</x><y>460.61</y></PointInfo><PointInfo><name>mouth inner left bottom</name><type>6225920</type><x>282.17</x><y>463.03</y></PointInfo><PointInfo><name>mouth inner bottom</name><type>6291456</type><x>292.99</x><y>464.39</y></PointInfo><PointInfo><name>mouth inner right bottom</name><type>6356992</type><x>303.77</x><y>463.44</y></PointInfo><PointInfo><name>mouth inner right</name><type>6422528</type><x>327.14</x><y>461.95</y></PointInfo><PointInfo><name>mouth inner right top</name><type>6488064</type><x>303.74</x><y>460.96</y></PointInfo><PointInfo><name>mouth inner top</name><type>6553600</type><x>293.06</x><y>461.91</y></PointInfo><PointInfo><name>mouth inner left top</name><type>6619136</type><x>282.34</x><y>460.56</y></PointInfo></points><score>1</score><tags><TagInfo><confidence>0.6</confidence><name>age</name><value>10</value></TagInfo><TagInfo><confidence>1</confidence><name>beard</name><value>no</value></TagInfo><TagInfo><confidence>1</confidence><name>expression</name><value>neutral</value></TagInfo><TagInfo><confidence>0.81</confidence><name>gender</name><value>female</value></TagInfo><TagInfo><confidence>1</confidence><name>glasses</name><value>no</value></TagInfo><TagInfo><confidence>1</confidence><name>mustache</name><value>no</value></TagInfo><TagInfo><confidence>1</confidence><name>race</name><value>white</value></TagInfo><TagInfo><confidence>1</confidence><name>chin size</name><value>extra small</value></TagInfo><TagInfo><confidence>0.06</confidence><name>color background</name><value>383e48</value></TagInfo><TagInfo><confidence>0.56</confidence><name>color clothes middle</name><value>363b44</value></TagInfo><TagInfo><confidence>0.75</confidence><name>color clothes sides</name><value>2c333f</value></TagInfo><TagInfo><confidence>0.33</confidence><name>color eyes</name><value>806156</value></TagInfo><TagInfo><confidence>0.79</confidence><name>color hair</name><value>71503c</value></TagInfo><TagInfo><confidence>1</confidence><name>color skin</name><value>e1b399</value></TagInfo><TagInfo><confidence>1</confidence><name>eyebrows corners</name><value>low</value></TagInfo><TagInfo><confidence>1</confidence><name>eyebrows position</name><value>average</value></TagInfo><TagInfo><confidence>1</confidence><name>eyebrows size</name><value>extra thin</value></TagInfo><TagInfo><confidence>1</confidence><name>eyes corners</name><value>average</value></TagInfo><TagInfo><confidence>1</confidence><name>eyes distance</name><value>average</value></TagInfo><TagInfo><confidence>1</confidence><name>eyes position</name><value>extra high</value></TagInfo><TagInfo><confidence>1</confidence><name>eyes shape</name><value>extra round</value></TagInfo><TagInfo><confidence>1</confidence><name>glasses rim</name><value>no</value></TagInfo><TagInfo><confidence>1</confidence><name>hair beard</name><value>none</value></TagInfo><TagInfo><confidence>0.79</confidence><name>hair color type</name><value>brown light</value></TagInfo><TagInfo><confidence>1</confidence><name>hair forehead</name><value>no</value></TagInfo><TagInfo><confidence>1</confidence><name>hair length</name><value>none</value></TagInfo><TagInfo><confidence>1</confidence><name>hair mustache</name><value>none</value></TagInfo><TagInfo><confidence>1</confidence><name>hair sides</name><value>very thin</value></TagInfo><TagInfo><confidence>1</confidence><name>hair top</name><value>short</value></TagInfo><TagInfo><confidence>1</confidence><name>head shape</name><value>extra heart</value></TagInfo><TagInfo><confidence>1</confidence><name>head width</name><value>extra narrow</value></TagInfo><TagInfo><confidence>1</confidence><name>mouth corners</name><value>raised</value></TagInfo><TagInfo><confidence>1</confidence><name>mouth height</name><value>thin</value></TagInfo><TagInfo><confidence>1</confidence><name>mouth width</name><value>extra small</value></TagInfo><TagInfo><confidence>1</confidence><name>nose shape</name><value>extra straight</value></TagInfo><TagInfo><confidence>1</confidence><name>nose width</name><value>extra wide</value></TagInfo><TagInfo><confidence>1</confidence><name>teeth visible</name><value>no</value></TagInfo></tags><uid>e878df67-6b07-11e7-9c43-0cc47a6c4dbd</uid><user_points i:nil="true"/><width>273.22</width><x>299.49</x><y>371.9</y></FaceInfo></faces><original_filename>temp.jpg</original_filename><uid>49cc7fbc-ac34-417a-b91e-832ae4c4865a</uid></BetafaceImageInfoResponse>