<image file="MarkZuck.jpg">
 <width>273.22</width>
 <height>273.22</height>
 <x>299.49</x>
 <y>371.9</y>
 <angle>-0.6537</angle>
 <uid>e878df67-6b07-11e7-9c43-0cc47a6c4dbd</uid>
 <box height="337" left="233" width="273" top="163">
  <part name="512" x="236.94" y="325.88"/>
  <part name="768" x="349.52" y="328.61"/>
  <part name="1024" x="214.46" y="326.56"/>
  <part name="1280" x="373.19" y="329.45"/>
  <part name="1536" x="260.45" y="327.38"/>
  <part name="1792" x="324.99" y="329.35"/>
  <part name="2048" x="248.26" y="458.93"/>
  <part name="2304" x="329.52" y="460.53"/>
  <part name="2560" x="290.53" y="411.12"/>
  <part name="2816" x="288.99" y="460.07"/>
  <part name="3072" x="223.42" y="293.32"/>
  <part name="3328" x="257.76" y="297.62"/>
  <part name="3584" x="195.18" y="303.93"/>
  <part name="3840" x="362.06" y="297.12"/>
  <part name="4096" x="327.66" y="299.92"/>
  <part name="4352" x="391.83" y="308.82"/>
  <part name="4608" x="287.79" y="550.91"/>
  <part name="4864" x="187.67" y="424.68"/>
  <part name="5120" x="394.58" y="428.95"/>
  <part name="5376" x="262.78" y="412.96"/>
  <part name="5632" x="317.39" y="413.11"/>
  <part name="65536" x="176.95" y="403.33"/>
  <part name="131072" x="182.56" y="435.3"/>
  <part name="196608" x="193.22" y="465.66"/>
  <part name="262144" x="209.96" y="493.52"/>
  <part name="327680" x="230.72" y="518.21"/>
  <part name="393216" x="255.24" y="538.57"/>
  <part name="458752" x="285.44" y="545.77"/>
  <part name="524288" x="316.56" y="541.24"/>
  <part name="589824" x="343.71" y="523.35"/>
  <part name="655360" x="367.43" y="500.65"/>
  <part name="720896" x="387.14" y="474.24"/>
  <part name="786432" x="400.59" y="444.52"/>
  <part name="851968" x="408.53" y="412.43"/>
  <part name="917504" x="413.6" y="380.39"/>
  <part name="983040" x="416.47" y="347.44"/>
  <part name="1048576" x="414.87" y="320.5"/>
  <part name="1114112" x="413.27" y="293.57"/>
  <part name="1179648" x="401.83" y="275.86"/>
  <part name="1245184" x="390.39" y="258.16"/>
  <part name="1310720" x="359.48" y="255.04"/>
  <part name="1376256" x="327.49" y="253.6"/>
  <part name="1441792" x="293.84" y="253"/>
  <part name="1507328" x="259.39" y="253.87"/>
  <part name="1572864" x="226.36" y="255.62"/>
  <part name="1638400" x="194.6" y="259.12"/>
  <part name="1703936" x="183.8" y="275.42"/>
  <part name="1769472" x="173" y="291.73"/>
  <part name="1835008" x="173.32" y="315.59"/>
  <part name="1900544" x="173.65" y="339.45"/>
  <part name="1966080" x="174.07" y="371.72"/>
  <part name="2031616" x="376.67" y="329.68"/>
  <part name="2097152" x="364.22" y="334.38"/>
  <part name="2162688" x="352.81" y="335.32"/>
  <part name="2228224" x="342.3" y="333.28"/>
  <part name="2293760" x="328.02" y="328.28"/>
  <part name="2359296" x="342.06" y="318.19"/>
  <part name="2424832" x="353.71" y="316.67"/>
  <part name="2490368" x="364.83" y="319.24"/>
  <part name="2555904" x="217.24" y="327.73"/>
  <part name="2621440" x="230.54" y="320.03"/>
  <part name="2686976" x="238.77" y="315.76"/>
  <part name="2752512" x="252.83" y="319.53"/>
  <part name="2818048" x="263.93" y="328.52"/>
  <part name="2883584" x="252.17" y="333"/>
  <part name="2949120" x="238.43" y="333.22"/>
  <part name="3014656" x="230.75" y="333.42"/>
  <part name="3080192" x="327.83" y="302.67"/>
  <part name="3145728" x="340.38" y="290.39"/>
  <part name="3211264" x="364.47" y="287.13"/>
  <part name="3276800" x="384.87" y="293.3"/>
  <part name="3342336" x="395.3" y="310.14"/>
  <part name="3407872" x="379.62" y="304.82"/>
  <part name="3473408" x="363.23" y="301.5"/>
  <part name="3538944" x="345.18" y="303.85"/>
  <part name="3604480" x="260.69" y="299.35"/>
  <part name="3670016" x="247.96" y="288.27"/>
  <part name="3735552" x="225.07" y="286.4"/>
  <part name="3801088" x="205.79" y="292.79"/>
  <part name="3866624" x="196.09" y="308.54"/>
  <part name="3932160" x="210.8" y="303.86"/>
  <part name="3997696" x="226.38" y="299.96"/>
  <part name="4063232" x="243.82" y="301.17"/>
  <part name="4128768" x="250.58" y="460.18"/>
  <part name="4194304" x="282.06" y="451.38"/>
  <part name="4259840" x="293.99" y="454.39"/>
  <part name="4325376" x="305.81" y="451.83"/>
  <part name="4390912" x="333.41" y="461.79"/>
  <part name="4456448" x="308.06" y="482.28"/>
  <part name="4521984" x="292.91" y="484.24"/>
  <part name="4587520" x="277.53" y="481.83"/>
  <part name="4653056" x="276.89" y="340.82"/>
  <part name="4718592" x="270.01" y="381.53"/>
  <part name="4784128" x="257.65" y="402.15"/>
  <part name="4849664" x="265.15" y="421.62"/>
  <part name="4915200" x="277.49" y="421.41"/>
  <part name="4980736" x="292.81" y="428.93"/>
  <part name="5046272" x="308.15" y="421.34"/>
  <part name="5111808" x="320.39" y="421.5"/>
  <part name="5177344" x="329.42" y="403.13"/>
  <part name="5242880" x="317.62" y="382.18"/>
  <part name="5308416" x="311.78" y="341.28"/>
  <part name="5373952" x="357.02" y="325.59"/>
  <part name="5439488" x="241.98" y="326.22"/>
  <part name="5505024" x="292.7" y="409.95"/>
  <part name="5570560" x="231.59" y="426.87"/>
  <part name="5636096" x="356.61" y="426.22"/>
  <part name="5701632" x="294.71" y="325.9"/>
  <part name="5767168" x="293.87" y="353.01"/>
  <part name="5832704" x="293.05" y="380.03"/>
  <part name="5898240" x="265.96" y="455.27"/>
  <part name="5963776" x="263.49" y="473.81"/>
  <part name="6029312" x="320.98" y="474.64"/>
  <part name="6094848" x="319.99" y="456.25"/>
  <part name="6160384" x="258.29" y="460.04"/>
  <part name="6225920" x="281.81" y="462.46"/>
  <part name="6291456" x="292.63" y="463.82"/>
  <part name="6356992" x="303.41" y="462.87"/>
  <part name="6422528" x="326.78" y="461.38"/>
  <part name="6488064" x="303.38" y="460.39"/>
  <part name="6553600" x="292.7" y="461.34"/>
  <part name="6619136" x="281.98" y="459.99"/>
 </box>
</image>
