{"accessoryName":"48150000","imageInfo":{"imageName":"MarkZuck","originalSize":{"width":595,"height":760},"scaledSize":{"width":595,"height":760},"clientCropSize":{"width":258,"height":438},"gender":"female","skinColor":"f2c6b7","hairColor":"71503c","eyeColor":"806156"},"meshShapesList":[{"type":1,"name":"HEAD_MESH","textureName":"MarkZuck_FaceCrop.png","headPointsList":[{"type":0,"point":{"x":0.5026819,"y":0.0018872822}},{"type":1,"point":{"x":0.37360388,"y":0.03946825}},{"type":2,"point":{"x":0.6321039,"y":0.03969694}},{"type":3,"point":{"x":0.28163677,"y":0.10014761}},{"type":4,"point":{"x":0.72424304,"y":0.10091076}},{"type":5,"point":{"x":0.23478298,"y":0.16532198}},{"type":6,"point":{"x":0.7711106,"y":0.16673279}},{"type":7,"point":{"x":0.2116802,"y":0.24527939}},{"type":8,"point":{"x":0.79060245,"y":0.22592908}},{"type":9,"point":{"x":0.20903544,"y":0.29080164}},{"type":10,"point":{"x":0.7966725,"y":0.29355088}},{"type":11,"point":{"x":0.21620154,"y":0.36601457}},{"type":12,"point":{"x":0.7893205,"y":0.36959815}},{"type":13,"point":{"x":0.22840111,"y":0.42077622}},{"type":14,"point":{"x":0.77696276,"y":0.42497718}},{"type":15,"point":{"x":0.22913168,"y":0.47525114}},{"type":16,"point":{"x":0.78061575,"y":0.4864612}},{"type":17,"point":{"x":0.23084402,"y":0.60340184}},{"type":18,"point":{"x":0.7842686,"y":0.54796803}},{"type":19,"point":{"x":0.23084402,"y":0.60340184}},{"type":20,"point":{"x":0.77771616,"y":0.6231963}},{"type":21,"point":{"x":0.23741937,"y":0.6755707}},{"type":22,"point":{"x":0.7661409,"y":0.696347}},{"type":23,"point":{"x":0.2502276,"y":0.7485616}},{"type":24,"point":{"x":0.748013,"y":0.76961184}},{"type":25,"point":{"x":0.2745655,"y":0.8178767}},{"type":26,"point":{"x":0.7173052,"y":0.8374657}},{"type":27,"point":{"x":0.31278467,"y":0.881484}},{"type":28,"point":{"x":0.6723052,"y":0.89776254}},{"type":29,"point":{"x":0.41616368,"y":0.98433787}},{"type":30,"point":{"x":0.61815,"y":0.94958895}},{"type":31,"point":{"x":0.4851134,"y":1.0007763}}],"texturePointList":[]},{"type":2,"name":"EYE_LEFT_MESH","clientCropRect":{"x":52,"y":208,"w":49,"h":17},"headPointsList":[{"type":32,"point":{"x":0.32716826,"y":0.50640404}},{"type":33,"point":{"x":0.43824133,"y":0.50820774}},{"type":34,"point":{"x":0.37856093,"y":0.47771686}},{"type":35,"point":{"x":0.37778467,"y":0.5202968}},{"type":36,"point":{"x":0.38588968,"y":0.49952054}}],"texturePointList":[{"point":{"x":0.36523438,"y":0.5302439},"type":0},{"point":{"x":0.5913086,"y":0.3209756},"type":2},{"point":{"x":0.8173828,"y":0.5302439},"type":1},{"point":{"x":0.5913086,"y":0.7395122},"type":3}]},{"type":3,"name":"EYE_RIGHT_MESH","clientCropRect":{"x":164,"y":209,"w":49,"h":18},"headPointsList":[{"type":37,"point":{"x":0.6934011,"y":0.50742006}},{"type":38,"point":{"x":0.5823281,"y":0.50422376}},{"type":41,"point":{"x":0.6485381,"y":0.4980822}},{"type":39,"point":{"x":0.640981,"y":0.47771686}},{"type":40,"point":{"x":0.63892627,"y":0.5202968}}],"texturePointList":[{"point":{"x":0.18164062,"y":0.5302439},"type":5},{"point":{"x":0.40771484,"y":0.3209756},"type":6},{"point":{"x":0.63378906,"y":0.5302439},"type":4},{"point":{"x":0.40771484,"y":0.7395122},"type":7}]},{"type":4,"name":"EYEBROW_LEFT_MESH","clientCropRect":{"x":31,"y":178,"w":67,"h":24},"headPointsList":[{"type":42,"point":{"x":0.27784172,"y":0.46174654}},{"type":43,"point":{"x":0.4318828,"y":0.44076487}},{"type":44,"point":{"x":0.34728235,"y":0.41027397}},{"type":45,"point":{"x":0.35027325,"y":0.44308218}}],"texturePointList":[{"point":{"x":0.37402344,"y":0.61083984},"type":8},{"point":{"x":0.6113281,"y":0.55371094},"type":10},{"point":{"x":0.8486328,"y":0.61083984},"type":9},{"point":{"x":0.6113281,"y":0.66796875},"type":11}]},{"type":5,"name":"EYEBROW_RIGHT_MESH","clientCropRect":{"x":164,"y":179,"w":67,"h":23},"headPointsList":[{"type":46,"point":{"x":0.73593533,"y":0.4628082}},{"type":47,"point":{"x":0.5818943,"y":0.4457534}},{"type":48,"point":{"x":0.6655472,"y":0.41027397}},{"type":49,"point":{"x":0.66271615,"y":0.44308218}}],"texturePointList":[{"point":{"x":0.15039062,"y":0.61083984},"type":13},{"point":{"x":0.3876953,"y":0.55371094},"type":14},{"point":{"x":0.625,"y":0.61083984},"type":12},{"point":{"x":0.3876953,"y":0.66796875},"type":15}]},{"type":6,"name":"MOUTH_MESH","clientCropRect":{"x":86,"y":343,"w":83,"h":33},"headPointsList":[{"type":50,"point":{"x":0.4055244,"y":0.80536526}},{"type":51,"point":{"x":0.59463394,"y":0.809041}},{"type":52,"point":{"x":0.504634,"y":0.78527397}},{"type":53,"point":{"x":0.5021682,"y":0.8602968}}],"texturePointList":[{"point":{"x":0.31835938,"y":0.45410156},"type":16},{"point":{"x":0.50146484,"y":0.3798828},"type":18},{"point":{"x":0.6845703,"y":0.45410156},"type":17},{"point":{"x":0.50146484,"y":0.5283203},"type":19}]},{"type":7,"name":"NOSE_MESH","textureName":"MarkZuck_NoseCrop.png","headPointsList":[],"texturePointList":[]},{"type":8,"name":"EAR_MESH","headPointsList":[],"texturePointList":[]}]}