<image file="passport-005.jpg">
 <width>257.8</width>
 <height>257.8</height>
 <x>298.23</x>
 <y>278.66</y>
 <angle>0.7164</angle>
 <uid>053dfe83-2fa8-11e7-9f36-0cc47a6c4dbd</uid>
 <box left="166" top="158" height="309" width="274">
  <part x="239.67" y="256.48" name="512"/>
  <part x="351.2" y="255.62" name="768"/>
  <part x="216.27" y="257.82" name="1024"/>
  <part x="373.37" y="257.15" name="1280"/>
  <part x="262.08" y="258.91" name="1536"/>
  <part x="327.78" y="259.25" name="1792"/>
  <part x="243.67" y="369.75" name="2048"/>
  <part x="341.38" y="369.73" name="2304"/>
  <part x="293.33" y="309.48" name="2560"/>
  <part x="292.49" y="369.47" name="2816"/>
  <part x="232.02" y="221.61" name="3072"/>
  <part x="265.19" y="226.32" name="3328"/>
  <part x="206.52" y="230.65" name="3584"/>
  <part x="355.06" y="217.98" name="3840"/>
  <part x="323.73" y="226.51" name="4096"/>
  <part x="381.13" y="225.62" name="4352"/>
  <part x="290.37" y="447.31" name="4608"/>
  <part x="178.63" y="337.4" name="4864"/>
  <part x="403.11" y="340.72" name="5120"/>
  <part x="263.01" y="319.76" name="5376"/>
  <part x="326.69" y="320.6" name="5632"/>
  <part x="174.47" y="331.65" name="65536"/>
  <part x="181.37" y="361.91" name="131072"/>
  <part x="193.41" y="389.92" name="196608"/>
  <part x="211.98" y="414.4" name="262144"/>
  <part x="235.15" y="434.74" name="327680"/>
  <part x="261.71" y="450.71" name="393216"/>
  <part x="292.37" y="455.47" name="458752"/>
  <part x="323.01" y="450.06" name="524288"/>
  <part x="349.36" y="433.45" name="589824"/>
  <part x="372.16" y="412.5" name="655360"/>
  <part x="390.16" y="387.55" name="720896"/>
  <part x="401.51" y="359.22" name="786432"/>
  <part x="407.61" y="328.8" name="851968"/>
  <part x="410.96" y="298.28" name="917504"/>
  <part x="412.4" y="266.72" name="983040"/>
  <part x="412.12" y="244.96" name="1048576"/>
  <part x="411.84" y="223.2" name="1114112"/>
  <part x="401.11" y="207.75" name="1179648"/>
  <part x="390.38" y="192.3" name="1245184"/>
  <part x="358.63" y="188.58" name="1310720"/>
  <part x="325.69" y="186.8" name="1376256"/>
  <part x="291.52" y="186" name="1441792"/>
  <part x="258.21" y="186.73" name="1507328"/>
  <part x="226.46" y="188.38" name="1572864"/>
  <part x="195.94" y="191.9" name="1638400"/>
  <part x="184.49" y="207.88" name="1703936"/>
  <part x="173.04" y="223.86" name="1769472"/>
  <part x="170.52" y="246.71" name="1835008"/>
  <part x="168" y="269.56" name="1900544"/>
  <part x="170.26" y="301.14" name="1966080"/>
  <part x="375.11" y="257.34" name="2031616"/>
  <part x="364.73" y="262.04" name="2097152"/>
  <part x="352.27" y="262.3" name="2162688"/>
  <part x="341.95" y="261.55" name="2228224"/>
  <part x="329.41" y="257.27" name="2293760"/>
  <part x="341.35" y="249.05" name="2359296"/>
  <part x="352.41" y="245.78" name="2424832"/>
  <part x="365.22" y="249.56" name="2490368"/>
  <part x="221.47" y="257.44" name="2555904"/>
  <part x="232.76" y="249.79" name="2621440"/>
  <part x="245.38" y="246.66" name="2686976"/>
  <part x="255.17" y="248.72" name="2752512"/>
  <part x="268.07" y="258.78" name="2818048"/>
  <part x="254.86" y="261.9" name="2883584"/>
  <part x="244.14" y="263.68" name="2949120"/>
  <part x="233.35" y="262.87" name="3014656"/>
  <part x="326.78" y="227.71" name="3080192"/>
  <part x="337.24" y="215.06" name="3145728"/>
  <part x="359.15" y="209.87" name="3211264"/>
  <part x="378.4" y="213.73" name="3276800"/>
  <part x="389.27" y="228.14" name="3342336"/>
  <part x="374.69" y="224.86" name="3407872"/>
  <part x="359.47" y="223.22" name="3473408"/>
  <part x="343.11" y="226.92" name="3538944"/>
  <part x="273.65" y="231.46" name="3604480"/>
  <part x="263.15" y="219" name="3670016"/>
  <part x="241.16" y="213.79" name="3735552"/>
  <part x="221.4" y="217.58" name="3801088"/>
  <part x="209.71" y="232.41" name="3866624"/>
  <part x="225.18" y="228.74" name="3932160"/>
  <part x="240.89" y="227.16" name="3997696"/>
  <part x="257.53" y="231.06" name="4063232"/>
  <part x="245.62" y="372.31" name="4128768"/>
  <part x="279.9" y="352.97" name="4194304"/>
  <part x="295.05" y="356.58" name="4259840"/>
  <part x="310.39" y="352.99" name="4325376"/>
  <part x="347.86" y="372.3" name="4390912"/>
  <part x="315.5" y="391.8" name="4456448"/>
  <part x="295.36" y="394.35" name="4521984"/>
  <part x="275.4" y="391.73" name="4587520"/>
  <part x="280.96" y="257.9" name="4653056"/>
  <part x="274.71" y="292.23" name="4718592"/>
  <part x="261.98" y="310.2" name="4784128"/>
  <part x="264.25" y="322.04" name="4849664"/>
  <part x="278.23" y="318.59" name="4915200"/>
  <part x="295.62" y="327.16" name="4980736"/>
  <part x="313.38" y="318.41" name="5046272"/>
  <part x="327.81" y="322.02" name="5111808"/>
  <part x="331.79" y="310.38" name="5177344"/>
  <part x="319.19" y="292.32" name="5242880"/>
  <part x="312.78" y="257.95" name="5308416"/>
  <part x="354.05" y="255.17" name="5373952"/>
  <part x="247.53" y="256.57" name="5439488"/>
  <part x="294.33" y="300.96" name="5505024"/>
  <part x="229.22" y="352.13" name="5570560"/>
  <part x="353.53" y="352.24" name="5636096"/>
  <part x="298.82" y="252.98" name="5701632"/>
  <part x="298.67" y="271.24" name="5767168"/>
  <part x="298.68" y="289.14" name="5832704"/>
  <part x="261.86" y="360.56" name="5898240"/>
  <part x="259.8" y="383.35" name="5963776"/>
  <part x="331.94" y="383.54" name="6029312"/>
  <part x="329.42" y="360.64" name="6094848"/>
  <part x="254.98" y="373.39" name="6160384"/>
  <part x="282.26" y="373.41" name="6225920"/>
  <part x="295.47" y="374.77" name="6291456"/>
  <part x="308.81" y="373.56" name="6356992"/>
  <part x="338.95" y="373.28" name="6422528"/>
  <part x="308.63" y="371.09" name="6488064"/>
  <part x="295.37" y="372.36" name="6553600"/>
  <part x="282.25" y="371.09" name="6619136"/>
 </box>
</image>
