<BetafaceImageInfoResponse xmlns:i="http://www.w3.org/2001/XMLSchema-instance"><int_response>0</int_response><string_response>ok</string_response><checksum>438bc8e4083b2ebd7fff6ea7492788c1fc9e008aece6076d212c283f4f555ebd</checksum><faces><FaceInfo><angle>0.7164</angle><height>257.8</height><image_uid>d5403f6e-fbe1-4ef1-9cc2-35237924959a</image_uid><person_name/><points><PointInfo><name>basic eye left</name><type>512</type><x>239.85</x><y>256.68</y></PointInfo><PointInfo><name>basic eye right</name><type>768</type><x>351.38</x><y>255.82</y></PointInfo><PointInfo><name>basic eye left outer</name><type>1024</type><x>216.45</x><y>258.02</y></PointInfo><PointInfo><name>basic eye right outer</name><type>1280</type><x>373.55</x><y>257.35</y></PointInfo><PointInfo><name>basic eye left inner</name><type>1536</type><x>262.26</x><y>259.11</y></PointInfo><PointInfo><name>basic eye right inner</name><type>1792</type><x>327.96</x><y>259.45</y></PointInfo><PointInfo><name>basic mouth left</name><type>2048</type><x>243.85</x><y>369.95</y></PointInfo><PointInfo><name>basic mouth right</name><type>2304</type><x>341.56</x><y>369.93</y></PointInfo><PointInfo><name>basic nose tip</name><type>2560</type><x>293.51</x><y>309.68</y></PointInfo><PointInfo><name>basic mouth center</name><type>2816</type><x>292.67</x><y>369.67</y></PointInfo><PointInfo><name>basic eyebrow left</name><type>3072</type><x>232.2</x><y>221.81</y></PointInfo><PointInfo><name>basic eyebrow left inner corner</name><type>3328</type><x>265.37</x><y>226.52</y></PointInfo><PointInfo><name>basic eyebrow left outer corner</name><type>3584</type><x>206.7</x><y>230.85</y></PointInfo><PointInfo><name>basic eyebrow right</name><type>3840</type><x>355.24</x><y>218.18</y></PointInfo><PointInfo><name>basic eyebrow right inner corner</name><type>4096</type><x>323.91</x><y>226.71</y></PointInfo><PointInfo><name>basic eyebrow right outer corner</name><type>4352</type><x>381.31</x><y>225.82</y></PointInfo><PointInfo><name>basic chin bottom</name><type>4608</type><x>290.55</x><y>447.51</y></PointInfo><PointInfo><name>basic chin left</name><type>4864</type><x>178.81</x><y>337.6</y></PointInfo><PointInfo><name>basic chin right</name><type>5120</type><x>403.29</x><y>340.92</y></PointInfo><PointInfo><name>basic nose left</name><type>5376</type><x>263.19</x><y>319.96</y></PointInfo><PointInfo><name>basic nose right</name><type>5632</type><x>326.87</x><y>320.8</y></PointInfo><PointInfo><name>chin ear left</name><type>65536</type><x>174.65</x><y>331.85</y></PointInfo><PointInfo><name>chin left 1</name><type>131072</type><x>181.55</x><y>362.11</y></PointInfo><PointInfo><name>chin left 2</name><type>196608</type><x>193.59</x><y>390.12</y></PointInfo><PointInfo><name>chin left 3</name><type>262144</type><x>212.16</x><y>414.6</y></PointInfo><PointInfo><name>chin left 4</name><type>327680</type><x>235.33</x><y>434.94</y></PointInfo><PointInfo><name>chin left 5</name><type>393216</type><x>261.89</x><y>450.91</y></PointInfo><PointInfo><name>chin bottom</name><type>458752</type><x>292.55</x><y>455.67</y></PointInfo><PointInfo><name>chin right 5</name><type>524288</type><x>323.19</x><y>450.26</y></PointInfo><PointInfo><name>chin right 4</name><type>589824</type><x>349.54</x><y>433.65</y></PointInfo><PointInfo><name>chin right 3</name><type>655360</type><x>372.34</x><y>412.7</y></PointInfo><PointInfo><name>chin right 2</name><type>720896</type><x>390.34</x><y>387.75</y></PointInfo><PointInfo><name>chin right 1</name><type>786432</type><x>401.69</x><y>359.42</y></PointInfo><PointInfo><name>chin ear right</name><type>851968</type><x>407.79</x><y>329</y></PointInfo><PointInfo><name>temple right 4</name><type>917504</type><x>411.14</x><y>298.48</y></PointInfo><PointInfo><name>temple right 3</name><type>983040</type><x>412.58</x><y>266.92</y></PointInfo><PointInfo><name>temple right 2</name><type>1048576</type><x>412.3</x><y>245.16</y></PointInfo><PointInfo><name>temple right 1</name><type>1114112</type><x>412.02</x><y>223.4</y></PointInfo><PointInfo><name>temple right</name><type>1179648</type><x>401.29</x><y>207.95</y></PointInfo><PointInfo><name>forehead right</name><type>1245184</type><x>390.56</x><y>192.5</y></PointInfo><PointInfo><name>forehead 4</name><type>1310720</type><x>358.81</x><y>188.78</y></PointInfo><PointInfo><name>forehead 3</name><type>1376256</type><x>325.87</x><y>187</y></PointInfo><PointInfo><name>forehead middle</name><type>1441792</type><x>291.7</x><y>186.2</y></PointInfo><PointInfo><name>forehead 2</name><type>1507328</type><x>258.39</x><y>186.93</y></PointInfo><PointInfo><name>forehead 1</name><type>1572864</type><x>226.64</x><y>188.58</y></PointInfo><PointInfo><name>forehead left</name><type>1638400</type><x>196.12</x><y>192.1</y></PointInfo><PointInfo><name>temple left</name><type>1703936</type><x>184.67</x><y>208.08</y></PointInfo><PointInfo><name>temple left 1</name><type>1769472</type><x>173.22</x><y>224.06</y></PointInfo><PointInfo><name>temple left 2</name><type>1835008</type><x>170.7</x><y>246.91</y></PointInfo><PointInfo><name>temple left 3</name><type>1900544</type><x>168.18</x><y>269.76</y></PointInfo><PointInfo><name>temple left 4</name><type>1966080</type><x>170.44</x><y>301.34</y></PointInfo><PointInfo><name>eye right outer</name><type>2031616</type><x>375.29</x><y>257.54</y></PointInfo><PointInfo><name>eye right bottom outer</name><type>2097152</type><x>364.91</x><y>262.24</y></PointInfo><PointInfo><name>eye right bottom</name><type>2162688</type><x>352.45</x><y>262.5</y></PointInfo><PointInfo><name>eye right bottom inner</name><type>2228224</type><x>342.13</x><y>261.75</y></PointInfo><PointInfo><name>eye right inner</name><type>2293760</type><x>329.59</x><y>257.47</y></PointInfo><PointInfo><name>eye right top inner</name><type>2359296</type><x>341.53</x><y>249.25</y></PointInfo><PointInfo><name>eye right top</name><type>2424832</type><x>352.59</x><y>245.98</y></PointInfo><PointInfo><name>eye right top outer</name><type>2490368</type><x>365.4</x><y>249.76</y></PointInfo><PointInfo><name>eye left outer</name><type>2555904</type><x>221.65</x><y>257.64</y></PointInfo><PointInfo><name>eye left top outer</name><type>2621440</type><x>232.94</x><y>249.99</y></PointInfo><PointInfo><name>eye left top</name><type>2686976</type><x>245.56</x><y>246.86</y></PointInfo><PointInfo><name>eye left top inner</name><type>2752512</type><x>255.35</x><y>248.92</y></PointInfo><PointInfo><name>eye left inner</name><type>2818048</type><x>268.25</x><y>258.98</y></PointInfo><PointInfo><name>eye left bottom inner</name><type>2883584</type><x>255.04</x><y>262.1</y></PointInfo><PointInfo><name>eye left bottom</name><type>2949120</type><x>244.32</x><y>263.88</y></PointInfo><PointInfo><name>eye left bottom outer</name><type>3014656</type><x>233.53</x><y>263.07</y></PointInfo><PointInfo><name>eyebrow right inner</name><type>3080192</type><x>326.96</x><y>227.91</y></PointInfo><PointInfo><name>eyebrow right top inner</name><type>3145728</type><x>337.42</x><y>215.26</y></PointInfo><PointInfo><name>eyebrow right top</name><type>3211264</type><x>359.33</x><y>210.07</y></PointInfo><PointInfo><name>eyebrow right top outer</name><type>3276800</type><x>378.58</x><y>213.93</y></PointInfo><PointInfo><name>eyebrow right outer</name><type>3342336</type><x>389.45</x><y>228.34</y></PointInfo><PointInfo><name>eyebrow right bottom outer</name><type>3407872</type><x>374.87</x><y>225.06</y></PointInfo><PointInfo><name>eyebrow right botom</name><type>3473408</type><x>359.65</x><y>223.42</y></PointInfo><PointInfo><name>eyebrow rigth bottom inner</name><type>3538944</type><x>343.29</x><y>227.12</y></PointInfo><PointInfo><name>eyebrow left inner</name><type>3604480</type><x>273.83</x><y>231.66</y></PointInfo><PointInfo><name>eyebrow left top inner</name><type>3670016</type><x>263.33</x><y>219.2</y></PointInfo><PointInfo><name>eyebrow left top</name><type>3735552</type><x>241.34</x><y>213.99</y></PointInfo><PointInfo><name>eyebrow left top outer</name><type>3801088</type><x>221.58</x><y>217.78</y></PointInfo><PointInfo><name>eyebrow left outer</name><type>3866624</type><x>209.89</x><y>232.61</y></PointInfo><PointInfo><name>eyebrow left bottom outer</name><type>3932160</type><x>225.36</x><y>228.94</y></PointInfo><PointInfo><name>eyebrow left bottom</name><type>3997696</type><x>241.07</x><y>227.36</y></PointInfo><PointInfo><name>eyebrow left bottom inner</name><type>4063232</type><x>257.71</x><y>231.26</y></PointInfo><PointInfo><name>mouth left</name><type>4128768</type><x>245.8</x><y>372.51</y></PointInfo><PointInfo><name>mouth left top</name><type>4194304</type><x>280.08</x><y>353.17</y></PointInfo><PointInfo><name>mouth top</name><type>4259840</type><x>295.23</x><y>356.78</y></PointInfo><PointInfo><name>mouth right top</name><type>4325376</type><x>310.57</x><y>353.19</y></PointInfo><PointInfo><name>mouth right</name><type>4390912</type><x>348.04</x><y>372.5</y></PointInfo><PointInfo><name>mouth right bottom</name><type>4456448</type><x>315.68</x><y>392</y></PointInfo><PointInfo><name>mouth bottom</name><type>4521984</type><x>295.54</x><y>394.55</y></PointInfo><PointInfo><name>mouth left bottom</name><type>4587520</type><x>275.58</x><y>391.93</y></PointInfo><PointInfo><name>nose left top</name><type>4653056</type><x>281.14</x><y>258.1</y></PointInfo><PointInfo><name>nose left top inner</name><type>4718592</type><x>274.89</x><y>292.43</y></PointInfo><PointInfo><name>nose left top outer</name><type>4784128</type><x>262.16</x><y>310.4</y></PointInfo><PointInfo><name>nose left bottom outer</name><type>4849664</type><x>264.43</x><y>322.24</y></PointInfo><PointInfo><name>nose left bottom inner</name><type>4915200</type><x>278.41</x><y>318.79</y></PointInfo><PointInfo><name>nose bottom</name><type>4980736</type><x>295.8</x><y>327.36</y></PointInfo><PointInfo><name>nose right bottom inner</name><type>5046272</type><x>313.56</x><y>318.61</y></PointInfo><PointInfo><name>nose right bottom outer</name><type>5111808</type><x>327.99</x><y>322.22</y></PointInfo><PointInfo><name>nose right top outer</name><type>5177344</type><x>331.97</x><y>310.58</y></PointInfo><PointInfo><name>nose right top inner</name><type>5242880</type><x>319.37</x><y>292.52</y></PointInfo><PointInfo><name>nose right top</name><type>5308416</type><x>312.96</x><y>258.15</y></PointInfo><PointInfo><name>eye right iris</name><type>5373952</type><x>354.23</x><y>255.37</y></PointInfo><PointInfo><name>eye left iris</name><type>5439488</type><x>247.71</x><y>256.77</y></PointInfo><PointInfo><name>nose tip</name><type>5505024</type><x>294.51</x><y>301.16</y></PointInfo><PointInfo><name>cheekbone left</name><type>5570560</type><x>229.4</x><y>352.33</y></PointInfo><PointInfo><name>cheekbone right</name><type>5636096</type><x>353.71</x><y>352.44</y></PointInfo><PointInfo><name>nose bridge top</name><type>5701632</type><x>299</x><y>253.18</y></PointInfo><PointInfo><name>nose bridge middle</name><type>5767168</type><x>298.85</x><y>271.44</y></PointInfo><PointInfo><name>nose bridge bottom</name><type>5832704</type><x>298.86</x><y>289.34</y></PointInfo><PointInfo><name>mouth left top point 1</name><type>5898240</type><x>262.04</x><y>360.76</y></PointInfo><PointInfo><name>mouth left bottom point 1</name><type>5963776</type><x>259.98</x><y>383.55</y></PointInfo><PointInfo><name>mouth right bottom point 1</name><type>6029312</type><x>332.12</x><y>383.74</y></PointInfo><PointInfo><name>mouth right top point 1</name><type>6094848</type><x>329.6</x><y>360.84</y></PointInfo><PointInfo><name>mouth inner left</name><type>6160384</type><x>255.16</x><y>373.59</y></PointInfo><PointInfo><name>mouth inner left bottom</name><type>6225920</type><x>282.44</x><y>373.61</y></PointInfo><PointInfo><name>mouth inner bottom</name><type>6291456</type><x>295.65</x><y>374.97</y></PointInfo><PointInfo><name>mouth inner right bottom</name><type>6356992</type><x>308.99</x><y>373.76</y></PointInfo><PointInfo><name>mouth inner right</name><type>6422528</type><x>339.13</x><y>373.48</y></PointInfo><PointInfo><name>mouth inner right top</name><type>6488064</type><x>308.81</x><y>371.29</y></PointInfo><PointInfo><name>mouth inner top</name><type>6553600</type><x>295.55</x><y>372.56</y></PointInfo><PointInfo><name>mouth inner left top</name><type>6619136</type><x>282.43</x><y>371.29</y></PointInfo></points><score>1</score><tags><TagInfo><confidence>0.6</confidence><name>age</name><value>20</value></TagInfo><TagInfo><confidence>1</confidence><name>beard</name><value>no</value></TagInfo><TagInfo><confidence>0.89</confidence><name>expression</name><value>smile</value></TagInfo><TagInfo><confidence>1</confidence><name>gender</name><value>male</value></TagInfo><TagInfo><confidence>1</confidence><name>glasses</name><value>no</value></TagInfo><TagInfo><confidence>0.73</confidence><name>mustache</name><value>yes</value></TagInfo><TagInfo><confidence>0.99</confidence><name>race</name><value>black</value></TagInfo><TagInfo><confidence>1</confidence><name>chin size</name><value>extra large</value></TagInfo><TagInfo><confidence>0.05</confidence><name>color background</name><value>282523</value></TagInfo><TagInfo><confidence>0.03</confidence><name>color clothes middle</name><value>6a3c29</value></TagInfo><TagInfo><confidence>0.19</confidence><name>color clothes sides</name><value>1f1d1e</value></TagInfo><TagInfo><confidence>0.41</confidence><name>color eyes</name><value>40261b</value></TagInfo><TagInfo><confidence>0.62</confidence><name>color hair</name><value>685045</value></TagInfo><TagInfo><confidence>1</confidence><name>color skin</name><value>a76a55</value></TagInfo><TagInfo><confidence>1</confidence><name>eyebrows corners</name><value>average</value></TagInfo><TagInfo><confidence>1</confidence><name>eyebrows position</name><value>extra low</value></TagInfo><TagInfo><confidence>1</confidence><name>eyebrows size</name><value>extra thin</value></TagInfo><TagInfo><confidence>1</confidence><name>eyes corners</name><value>average</value></TagInfo><TagInfo><confidence>1</confidence><name>eyes distance</name><value>average</value></TagInfo><TagInfo><confidence>1</confidence><name>eyes position</name><value>extra low</value></TagInfo><TagInfo><confidence>1</confidence><name>eyes shape</name><value>extra round</value></TagInfo><TagInfo><confidence>1</confidence><name>glasses rim</name><value>no</value></TagInfo><TagInfo><confidence>1</confidence><name>hair beard</name><value>none</value></TagInfo><TagInfo><confidence>0.62</confidence><name>hair color type</name><value>brown light</value></TagInfo><TagInfo><confidence>1</confidence><name>hair forehead</name><value>no</value></TagInfo><TagInfo><confidence>1</confidence><name>hair length</name><value>none</value></TagInfo><TagInfo><confidence>1</confidence><name>hair mustache</name><value>none</value></TagInfo><TagInfo><confidence>1</confidence><name>hair sides</name><value>very thin</value></TagInfo><TagInfo><confidence>1</confidence><name>hair top</name><value>very short</value></TagInfo><TagInfo><confidence>1</confidence><name>head shape</name><value>average</value></TagInfo><TagInfo><confidence>1</confidence><name>head width</name><value>average</value></TagInfo><TagInfo><confidence>1</confidence><name>mouth corners</name><value>extra low</value></TagInfo><TagInfo><confidence>1</confidence><name>mouth height</name><value>extra thick</value></TagInfo><TagInfo><confidence>1</confidence><name>mouth width</name><value>average</value></TagInfo><TagInfo><confidence>1</confidence><name>nose shape</name><value>extra straight</value></TagInfo><TagInfo><confidence>1</confidence><name>nose width</name><value>narrow</value></TagInfo><TagInfo><confidence>1</confidence><name>teeth visible</name><value>no</value></TagInfo></tags><uid>053dfe83-2fa8-11e7-9f36-0cc47a6c4dbd</uid><user_points i:nil="true"/><width>257.8</width><x>298.23</x><y>278.66</y></FaceInfo></faces><original_filename>temp.jpg</original_filename><uid>d5403f6e-fbe1-4ef1-9cc2-35237924959a</uid></BetafaceImageInfoResponse>