<image file="passport-005.jpg">
 <width>257.8</width>
 <height>257.8</height>
 <x>298.23</x>
 <y>278.66</y>
 <angle>0.7164</angle>
 <uid>053dfe83-2fa8-11e7-9f36-0cc47a6c4dbd</uid>
 <box height="309" left="166" width="274" top="158">
  <part name="512" x="239.67" y="256.48"/>
  <part name="768" x="351.2" y="255.62"/>
  <part name="1024" x="216.27" y="257.82"/>
  <part name="1280" x="373.37" y="257.15"/>
  <part name="1536" x="262.08" y="258.91"/>
  <part name="1792" x="327.78" y="259.25"/>
  <part name="2048" x="243.67" y="369.75"/>
  <part name="2304" x="341.38" y="369.73"/>
  <part name="2560" x="293.33" y="309.48"/>
  <part name="2816" x="292.49" y="369.47"/>
  <part name="3072" x="232.02" y="221.61"/>
  <part name="3328" x="265.19" y="226.32"/>
  <part name="3584" x="206.52" y="230.65"/>
  <part name="3840" x="355.06" y="217.98"/>
  <part name="4096" x="323.73" y="226.51"/>
  <part name="4352" x="381.13" y="225.62"/>
  <part name="4608" x="290.37" y="447.31"/>
  <part name="4864" x="178.63" y="337.4"/>
  <part name="5120" x="403.11" y="340.72"/>
  <part name="5376" x="263.01" y="319.76"/>
  <part name="5632" x="326.69" y="320.6"/>
  <part name="65536" x="174.47" y="331.65"/>
  <part name="131072" x="181.37" y="361.91"/>
  <part name="196608" x="193.41" y="389.92"/>
  <part name="262144" x="211.98" y="414.4"/>
  <part name="327680" x="235.15" y="434.74"/>
  <part name="393216" x="261.71" y="450.71"/>
  <part name="458752" x="292.37" y="455.47"/>
  <part name="524288" x="323.01" y="450.06"/>
  <part name="589824" x="349.36" y="433.45"/>
  <part name="655360" x="372.16" y="412.5"/>
  <part name="720896" x="390.16" y="387.55"/>
  <part name="786432" x="401.51" y="359.22"/>
  <part name="851968" x="407.61" y="328.8"/>
  <part name="917504" x="410.96" y="298.28"/>
  <part name="983040" x="412.4" y="266.72"/>
  <part name="1048576" x="412.12" y="244.96"/>
  <part name="1114112" x="411.84" y="223.2"/>
  <part name="1179648" x="401.11" y="207.75"/>
  <part name="1245184" x="390.38" y="192.3"/>
  <part name="1310720" x="358.63" y="188.58"/>
  <part name="1376256" x="325.69" y="186.8"/>
  <part name="1441792" x="291.52" y="186"/>
  <part name="1507328" x="258.21" y="186.73"/>
  <part name="1572864" x="226.46" y="188.38"/>
  <part name="1638400" x="195.94" y="191.9"/>
  <part name="1703936" x="184.49" y="207.88"/>
  <part name="1769472" x="173.04" y="223.86"/>
  <part name="1835008" x="170.52" y="246.71"/>
  <part name="1900544" x="168" y="269.56"/>
  <part name="1966080" x="170.26" y="301.14"/>
  <part name="2031616" x="375.11" y="257.34"/>
  <part name="2097152" x="364.73" y="262.04"/>
  <part name="2162688" x="352.27" y="262.3"/>
  <part name="2228224" x="341.95" y="261.55"/>
  <part name="2293760" x="329.41" y="257.27"/>
  <part name="2359296" x="341.35" y="249.05"/>
  <part name="2424832" x="352.41" y="245.78"/>
  <part name="2490368" x="365.22" y="249.56"/>
  <part name="2555904" x="221.47" y="257.44"/>
  <part name="2621440" x="232.76" y="249.79"/>
  <part name="2686976" x="245.38" y="246.66"/>
  <part name="2752512" x="255.17" y="248.72"/>
  <part name="2818048" x="268.07" y="258.78"/>
  <part name="2883584" x="254.86" y="261.9"/>
  <part name="2949120" x="244.14" y="263.68"/>
  <part name="3014656" x="233.35" y="262.87"/>
  <part name="3080192" x="326.78" y="227.71"/>
  <part name="3145728" x="337.24" y="215.06"/>
  <part name="3211264" x="359.15" y="209.87"/>
  <part name="3276800" x="378.4" y="213.73"/>
  <part name="3342336" x="389.27" y="228.14"/>
  <part name="3407872" x="374.69" y="224.86"/>
  <part name="3473408" x="359.47" y="223.22"/>
  <part name="3538944" x="343.11" y="226.92"/>
  <part name="3604480" x="273.65" y="231.46"/>
  <part name="3670016" x="263.15" y="219"/>
  <part name="3735552" x="241.16" y="213.79"/>
  <part name="3801088" x="221.4" y="217.58"/>
  <part name="3866624" x="209.71" y="232.41"/>
  <part name="3932160" x="225.18" y="228.74"/>
  <part name="3997696" x="240.89" y="227.16"/>
  <part name="4063232" x="257.53" y="231.06"/>
  <part name="4128768" x="245.62" y="372.31"/>
  <part name="4194304" x="279.9" y="352.97"/>
  <part name="4259840" x="295.05" y="356.58"/>
  <part name="4325376" x="310.39" y="352.99"/>
  <part name="4390912" x="347.86" y="372.3"/>
  <part name="4456448" x="315.5" y="391.8"/>
  <part name="4521984" x="295.36" y="394.35"/>
  <part name="4587520" x="275.4" y="391.73"/>
  <part name="4653056" x="280.96" y="257.9"/>
  <part name="4718592" x="274.71" y="292.23"/>
  <part name="4784128" x="261.98" y="310.2"/>
  <part name="4849664" x="264.25" y="322.04"/>
  <part name="4915200" x="278.23" y="318.59"/>
  <part name="4980736" x="295.62" y="327.16"/>
  <part name="5046272" x="313.38" y="318.41"/>
  <part name="5111808" x="327.81" y="322.02"/>
  <part name="5177344" x="331.79" y="310.38"/>
  <part name="5242880" x="319.19" y="292.32"/>
  <part name="5308416" x="312.78" y="257.95"/>
  <part name="5373952" x="354.05" y="255.17"/>
  <part name="5439488" x="247.53" y="256.57"/>
  <part name="5505024" x="294.33" y="300.96"/>
  <part name="5570560" x="229.22" y="352.13"/>
  <part name="5636096" x="353.53" y="352.24"/>
  <part name="5701632" x="298.82" y="252.98"/>
  <part name="5767168" x="298.67" y="271.24"/>
  <part name="5832704" x="298.68" y="289.14"/>
  <part name="5898240" x="261.86" y="360.56"/>
  <part name="5963776" x="259.8" y="383.35"/>
  <part name="6029312" x="331.94" y="383.54"/>
  <part name="6094848" x="329.42" y="360.64"/>
  <part name="6160384" x="254.98" y="373.39"/>
  <part name="6225920" x="282.26" y="373.41"/>
  <part name="6291456" x="295.47" y="374.77"/>
  <part name="6356992" x="308.81" y="373.56"/>
  <part name="6422528" x="338.95" y="373.28"/>
  <part name="6488064" x="308.63" y="371.09"/>
  <part name="6553600" x="295.37" y="372.36"/>
  <part name="6619136" x="282.25" y="371.09"/>
 </box>
</image>
