{"accessoryName":"48150000","imageInfo":{"imageName":"passport-005","originalSize":{"width":600,"height":600},"scaledSize":{"width":600,"height":600},"clientCropSize":{"width":253,"height":399},"gender":"male","skinColor":"cd9487","hairColor":"685045","eyeColor":"40261b"},"meshShapesList":[{"type":1,"name":"HEAD_MESH","textureName":"passport-005_FaceCrop.png","headPointsList":[{"type":0,"point":{"x":0.5009371,"y":0.0019701812}},{"type":1,"point":{"x":0.38763455,"y":0.03133004}},{"type":2,"point":{"x":0.61412585,"y":0.031267628}},{"type":3,"point":{"x":0.26441133,"y":0.10231079}},{"type":4,"point":{"x":0.7372597,"y":0.10201032}},{"type":5,"point":{"x":0.21341623,"y":0.16759202}},{"type":6,"point":{"x":0.7882494,"y":0.16703643}},{"type":7,"point":{"x":0.19152573,"y":0.22598225}},{"type":8,"point":{"x":0.8101643,"y":0.22518484}},{"type":9,"point":{"x":0.18365432,"y":0.2924548}},{"type":10,"point":{"x":0.81808454,"y":0.29137227}},{"type":11,"point":{"x":0.1898021,"y":0.36700967}},{"type":12,"point":{"x":0.8120099,"y":0.36559856}},{"type":13,"point":{"x":0.20168899,"y":0.421203}},{"type":14,"point":{"x":0.8001852,"y":0.41954887}},{"type":15,"point":{"x":0.19537319,"y":0.4784712}},{"type":16,"point":{"x":0.8015887,"y":0.5286216}},{"type":17,"point":{"x":0.1890574,"y":0.53573936}},{"type":18,"point":{"x":0.7979798,"y":0.6077193}},{"type":19,"point":{"x":0.19472158,"y":0.6148872}},{"type":20,"point":{"x":0.7979798,"y":0.6077193}},{"type":21,"point":{"x":0.20527293,"y":0.6913534}},{"type":22,"point":{"x":0.78958374,"y":0.68421054}},{"type":23,"point":{"x":0.22256619,"y":0.76719296}},{"type":24,"point":{"x":0.7742955,"y":0.76045114}},{"type":25,"point":{"x":0.2527416,"y":0.83739346}},{"type":26,"point":{"x":0.7458494,"y":0.8314536}},{"type":27,"point":{"x":0.29928297,"y":0.89874685}},{"type":28,"point":{"x":0.7007366,"y":0.893985}},{"type":29,"point":{"x":0.35735315,"y":0.9497243}},{"type":30,"point":{"x":0.57755363,"y":0.9881203}},{"type":31,"point":{"x":0.5007616,"y":1.0016792}}],"texturePointList":[]},{"type":2,"name":"EYE_LEFT_MESH","clientCropRect":{"x":55,"y":190,"w":47,"h":17},"headPointsList":[{"type":32,"point":{"x":0.32306743,"y":0.50536346}},{"type":33,"point":{"x":0.43985942,"y":0.5087218}},{"type":34,"point":{"x":0.38299224,"y":0.47834587}},{"type":35,"point":{"x":0.37988448,"y":0.52100253}},{"type":36,"point":{"x":0.38838074,"y":0.50318295}}],"texturePointList":[{"point":{"x":0.36523438,"y":0.5302439},"type":0},{"point":{"x":0.5913086,"y":0.3209756},"type":2},{"point":{"x":0.8173828,"y":0.5302439},"type":1},{"point":{"x":0.5913086,"y":0.7395122},"type":3}]},{"type":3,"name":"EYE_RIGHT_MESH","clientCropRect":{"x":163,"y":189,"w":46,"h":17},"headPointsList":[{"type":37,"point":{"x":0.7092579,"y":0.5079449}},{"type":38,"point":{"x":0.592466,"y":0.50776947}},{"type":41,"point":{"x":0.6553482,"y":0.49967417}},{"type":39,"point":{"x":0.65123785,"y":0.47834587}},{"type":40,"point":{"x":0.650887,"y":0.52100253}}],"texturePointList":[{"point":{"x":0.18164062,"y":0.5302439},"type":5},{"point":{"x":0.40771484,"y":0.3209756},"type":6},{"point":{"x":0.63378906,"y":0.5302439},"type":4},{"point":{"x":0.40771484,"y":0.7395122},"type":7}]},{"type":4,"name":"EYEBROW_LEFT_MESH","clientCropRect":{"x":43,"y":157,"w":64,"h":19},"headPointsList":[{"type":42,"point":{"x":0.29359376,"y":0.44263157}},{"type":43,"point":{"x":0.45384434,"y":0.44025064}},{"type":44,"point":{"x":0.37241578,"y":0.39596492}},{"type":45,"point":{"x":0.37173915,"y":0.4294737}}],"texturePointList":[{"point":{"x":0.37402344,"y":0.61083984},"type":8},{"point":{"x":0.6113281,"y":0.55371094},"type":10},{"point":{"x":0.8486328,"y":0.61083984},"type":9},{"point":{"x":0.6113281,"y":0.66796875},"type":11}]},{"type":5,"name":"EYEBROW_RIGHT_MESH","clientCropRect":{"x":160,"y":154,"w":64,"h":22},"headPointsList":[{"type":46,"point":{"x":0.74543583,"y":0.44177946}},{"type":47,"point":{"x":0.5851853,"y":0.44070178}},{"type":48,"point":{"x":0.66813004,"y":0.39596492}},{"type":49,"point":{"x":0.6689321,"y":0.4294737}}],"texturePointList":[{"point":{"x":0.15039062,"y":0.61083984},"type":13},{"point":{"x":0.3876953,"y":0.55371094},"type":14},{"point":{"x":0.625,"y":0.61083984},"type":12},{"point":{"x":0.3876953,"y":0.66796875},"type":15}]},{"type":6,"name":"MOUTH_MESH","clientCropRect":{"x":79,"y":297,"w":103,"h":41},"headPointsList":[{"type":50,"point":{"x":0.38359374,"y":0.7932582}},{"type":51,"point":{"x":0.6398344,"y":0.7932331}},{"type":52,"point":{"x":0.5074785,"y":0.744787}},{"type":53,"point":{"x":0.5082554,"y":0.8484962}}],"texturePointList":[{"point":{"x":0.31835938,"y":0.45410156},"type":16},{"point":{"x":0.50146484,"y":0.3798828},"type":18},{"point":{"x":0.6845703,"y":0.45410156},"type":17},{"point":{"x":0.50146484,"y":0.5283203},"type":19}]},{"type":7,"name":"NOSE_MESH","textureName":"passport-005_NoseCrop.png","headPointsList":[],"texturePointList":[]},{"type":8,"name":"EAR_MESH","headPointsList":[],"texturePointList":[]}]}