<image file="ViratKohli.jpg">
 <width>141.13</width>
 <height>141.13</height>
 <x>139.42</x>
 <y>135.12</y>
 <angle>0.1603</angle>
 <uid>9b31e92d-688e-11e7-9c43-0cc47a6c4dbd</uid>
 <box top="67" width="156" height="176" left="61">
  <part name="512" x="112.16" y="117.76"/>
  <part name="768" x="169.14" y="118.41"/>
  <part name="1024" x="101.58" y="118.91"/>
  <part name="1280" x="180.23" y="119.36"/>
  <part name="1536" x="124.56" y="118.47"/>
  <part name="1792" x="157.88" y="119.58"/>
  <part name="2048" x="116.61" y="172.89"/>
  <part name="2304" x="163.07" y="172.71"/>
  <part name="2560" x="141.55" y="139.68"/>
  <part name="2816" x="140.29" y="170.44"/>
  <part name="3072" x="104.63" y="99.91"/>
  <part name="3328" x="124.52" y="101.87"/>
  <part name="3584" x="89.79" y="107.13"/>
  <part name="3840" x="178.45" y="98.71"/>
  <part name="4096" x="156.35" y="101.43"/>
  <part name="4352" x="194.73" y="106.17"/>
  <part name="4608" x="142.97" y="215.88"/>
  <part name="4864" x="81.95" y="173.48"/>
  <part name="5120" x="200.35" y="171.5"/>
  <part name="5376" x="128.25" y="147.66"/>
  <part name="5632" x="155.17" y="146.84"/>
  <part name="65536" x="80.58" y="164.81"/>
  <part name="131072" x="84.16" y="178.94"/>
  <part name="196608" x="90.3" y="191.59"/>
  <part name="262144" x="99.8" y="202.13"/>
  <part name="327680" x="111.95" y="210.18"/>
  <part name="393216" x="126.02" y="215.95"/>
  <part name="458752" x="141.99" y="217.83"/>
  <part name="524288" x="157.91" y="215.63"/>
  <part name="589824" x="171.66" y="209.42"/>
  <part name="655360" x="183.36" y="200.92"/>
  <part name="720896" x="192.23" y="190.05"/>
  <part name="786432" x="197.78" y="177.26"/>
  <part name="851968" x="200.83" y="163.22"/>
  <part name="917504" x="202.36" y="148.62"/>
  <part name="983040" x="203.33" y="132.97"/>
  <part name="1048576" x="202.67" y="117.74"/>
  <part name="1114112" x="202.01" y="102.51"/>
  <part name="1179648" x="196.34" y="92.85"/>
  <part name="1245184" x="190.66" y="83.19"/>
  <part name="1310720" x="174.86" y="81.72"/>
  <part name="1376256" x="158.63" y="81.14"/>
  <part name="1441792" x="141.69" y="81"/>
  <part name="1507328" x="125.11" y="81.6"/>
  <part name="1572864" x="109.37" y="82.59"/>
  <part name="1638400" x="94.16" y="84.43"/>
  <part name="1703936" x="87.89" y="94.19"/>
  <part name="1769472" x="81.61" y="103.94"/>
  <part name="1835008" x="79.3" y="119.01"/>
  <part name="1900544" x="77" y="134.08"/>
  <part name="1966080" x="78.47" y="150.01"/>
  <part name="2031616" x="183.23" y="119.8"/>
  <part name="2097152" x="177.23" y="121.89"/>
  <part name="2162688" x="171.78" y="122.31"/>
  <part name="2228224" x="168.02" y="121.34"/>
  <part name="2293760" x="160.58" y="119.56"/>
  <part name="2359296" x="168.04" y="115.72"/>
  <part name="2424832" x="171.82" y="113.92"/>
  <part name="2490368" x="177.5" y="116.29"/>
  <part name="2555904" x="103.18" y="119.26"/>
  <part name="2621440" x="108.71" y="115.52"/>
  <part name="2686976" x="114.95" y="113.63"/>
  <part name="2752512" x="120.06" y="114.75"/>
  <part name="2818048" x="126.57" y="118.88"/>
  <part name="2883584" x="120" y="120.22"/>
  <part name="2949120" x="114.91" y="122.19"/>
  <part name="3014656" x="109.12" y="120.88"/>
  <part name="3080192" x="156.75" y="104.23"/>
  <part name="3145728" x="164.5" y="96.8"/>
  <part name="3211264" x="179.12" y="94.84"/>
  <part name="3276800" x="191.51" y="98.51"/>
  <part name="3342336" x="197.88" y="108.6"/>
  <part name="3407872" x="188.37" y="105.54"/>
  <part name="3473408" x="178.38" y="103.56"/>
  <part name="3538944" x="167.38" y="104.96"/>
  <part name="3604480" x="129.72" y="104.27"/>
  <part name="3670016" x="122.61" y="97.13"/>
  <part name="3735552" x="108.76" y="95.16"/>
  <part name="3801088" x="97.02" y="98.71"/>
  <part name="3866624" x="91.04" y="108.48"/>
  <part name="3932160" x="100.08" y="105.31"/>
  <part name="3997696" x="109.48" y="103.43"/>
  <part name="4063232" x="119.83" y="104.89"/>
  <part name="4128768" x="118.49" y="173.14"/>
  <part name="4194304" x="136.68" y="164.99"/>
  <part name="4259840" x="143.35" y="166.67"/>
  <part name="4325376" x="149.87" y="165.1"/>
  <part name="4390912" x="165.97" y="173.32"/>
  <part name="4456448" x="151.15" y="179.66"/>
  <part name="4521984" x="142.85" y="180.46"/>
  <part name="4587520" x="134.32" y="179.61"/>
  <part name="4653056" x="137.1" y="117.9"/>
  <part name="4718592" x="134.12" y="132.89"/>
  <part name="4784128" x="128" y="140.73"/>
  <part name="4849664" x="130.84" y="148.08"/>
  <part name="4915200" x="137.3" y="147.67"/>
  <part name="4980736" x="144.44" y="150.14"/>
  <part name="5046272" x="151.82" y="147.76"/>
  <part name="5111808" x="158.56" y="148.26"/>
  <part name="5177344" x="159.41" y="141.08"/>
  <part name="5242880" x="153.53" y="133.08"/>
  <part name="5308416" x="150.63" y="118.02"/>
  <part name="5373952" x="172.47" y="117.95"/>
  <part name="5439488" x="114.73" y="116.87"/>
  <part name="5505024" x="143.71" y="133.39"/>
  <part name="5570560" x="111.44" y="163.91"/>
  <part name="5636096" x="173.97" y="163.03"/>
  <part name="5701632" x="142.56" y="113.2"/>
  <part name="5767168" x="142.64" y="121.54"/>
  <part name="5832704" x="142.79" y="129.71"/>
  <part name="5898240" x="127.73" y="168.38"/>
  <part name="5963776" x="126.54" y="176.98"/>
  <part name="6029312" x="157.87" y="177.05"/>
  <part name="6094848" x="157.41" y="168.57"/>
  <part name="6160384" x="123.18" y="173.17"/>
  <part name="6225920" x="139.43" y="172.23"/>
  <part name="6291456" x="145.95" y="172.65"/>
  <part name="6356992" x="152.12" y="171.94"/>
  <part name="6422528" x="163.32" y="173.18"/>
  <part name="6488064" x="152.28" y="171.7"/>
  <part name="6553600" x="146.14" y="172.31"/>
  <part name="6619136" x="139.61" y="171.77"/>
 </box>
</image>
