<BetafaceImageInfoResponse xmlns:i="http://www.w3.org/2001/XMLSchema-instance"><int_response>0</int_response><string_response>ok</string_response><checksum>de1723da4b813a848c0be675b92ab0c459607240f388cea48ab788abc1a4953e</checksum><faces><FaceInfo><angle>0.1603</angle><height>141.13</height><image_uid>eb80a2c8-7113-4fa9-bd0e-5d36cfc27a09</image_uid><person_name/><points><PointInfo><name>basic eye left</name><type>512</type><x>112.3</x><y>118.49</y></PointInfo><PointInfo><name>basic eye right</name><type>768</type><x>169.28</x><y>119.14</y></PointInfo><PointInfo><name>basic eye left outer</name><type>1024</type><x>101.72</x><y>119.64</y></PointInfo><PointInfo><name>basic eye right outer</name><type>1280</type><x>180.37</x><y>120.09</y></PointInfo><PointInfo><name>basic eye left inner</name><type>1536</type><x>124.7</x><y>119.2</y></PointInfo><PointInfo><name>basic eye right inner</name><type>1792</type><x>158.02</x><y>120.31</y></PointInfo><PointInfo><name>basic mouth left</name><type>2048</type><x>116.75</x><y>173.62</y></PointInfo><PointInfo><name>basic mouth right</name><type>2304</type><x>163.21</x><y>173.44</y></PointInfo><PointInfo><name>basic nose tip</name><type>2560</type><x>141.69</x><y>140.41</y></PointInfo><PointInfo><name>basic mouth center</name><type>2816</type><x>140.43</x><y>171.17</y></PointInfo><PointInfo><name>basic eyebrow left</name><type>3072</type><x>104.77</x><y>100.64</y></PointInfo><PointInfo><name>basic eyebrow left inner corner</name><type>3328</type><x>124.66</x><y>102.6</y></PointInfo><PointInfo><name>basic eyebrow left outer corner</name><type>3584</type><x>89.93</x><y>107.86</y></PointInfo><PointInfo><name>basic eyebrow right</name><type>3840</type><x>178.59</x><y>99.44</y></PointInfo><PointInfo><name>basic eyebrow right inner corner</name><type>4096</type><x>156.49</x><y>102.16</y></PointInfo><PointInfo><name>basic eyebrow right outer corner</name><type>4352</type><x>194.87</x><y>106.9</y></PointInfo><PointInfo><name>basic chin bottom</name><type>4608</type><x>143.11</x><y>216.61</y></PointInfo><PointInfo><name>basic chin left</name><type>4864</type><x>82.09</x><y>174.21</y></PointInfo><PointInfo><name>basic chin right</name><type>5120</type><x>200.49</x><y>172.23</y></PointInfo><PointInfo><name>basic nose left</name><type>5376</type><x>128.39</x><y>148.39</y></PointInfo><PointInfo><name>basic nose right</name><type>5632</type><x>155.31</x><y>147.57</y></PointInfo><PointInfo><name>chin ear left</name><type>65536</type><x>80.72</x><y>165.54</y></PointInfo><PointInfo><name>chin left 1</name><type>131072</type><x>84.3</x><y>179.67</y></PointInfo><PointInfo><name>chin left 2</name><type>196608</type><x>90.44</x><y>192.32</y></PointInfo><PointInfo><name>chin left 3</name><type>262144</type><x>99.94</x><y>202.86</y></PointInfo><PointInfo><name>chin left 4</name><type>327680</type><x>112.09</x><y>210.91</y></PointInfo><PointInfo><name>chin left 5</name><type>393216</type><x>126.16</x><y>216.68</y></PointInfo><PointInfo><name>chin bottom</name><type>458752</type><x>142.13</x><y>218.56</y></PointInfo><PointInfo><name>chin right 5</name><type>524288</type><x>158.05</x><y>216.36</y></PointInfo><PointInfo><name>chin right 4</name><type>589824</type><x>171.8</x><y>210.15</y></PointInfo><PointInfo><name>chin right 3</name><type>655360</type><x>183.5</x><y>201.65</y></PointInfo><PointInfo><name>chin right 2</name><type>720896</type><x>192.37</x><y>190.78</y></PointInfo><PointInfo><name>chin right 1</name><type>786432</type><x>197.92</x><y>177.99</y></PointInfo><PointInfo><name>chin ear right</name><type>851968</type><x>200.97</x><y>163.95</y></PointInfo><PointInfo><name>temple right 4</name><type>917504</type><x>202.5</x><y>149.35</y></PointInfo><PointInfo><name>temple right 3</name><type>983040</type><x>203.47</x><y>133.7</y></PointInfo><PointInfo><name>temple right 2</name><type>1048576</type><x>202.81</x><y>118.47</y></PointInfo><PointInfo><name>temple right 1</name><type>1114112</type><x>202.15</x><y>103.24</y></PointInfo><PointInfo><name>temple right</name><type>1179648</type><x>196.48</x><y>93.58</y></PointInfo><PointInfo><name>forehead right</name><type>1245184</type><x>190.8</x><y>83.92</y></PointInfo><PointInfo><name>forehead 4</name><type>1310720</type><x>175</x><y>82.45</y></PointInfo><PointInfo><name>forehead 3</name><type>1376256</type><x>158.77</x><y>81.87</y></PointInfo><PointInfo><name>forehead middle</name><type>1441792</type><x>141.83</x><y>81.73</y></PointInfo><PointInfo><name>forehead 2</name><type>1507328</type><x>125.25</x><y>82.33</y></PointInfo><PointInfo><name>forehead 1</name><type>1572864</type><x>109.51</x><y>83.32</y></PointInfo><PointInfo><name>forehead left</name><type>1638400</type><x>94.3</x><y>85.16</y></PointInfo><PointInfo><name>temple left</name><type>1703936</type><x>88.03</x><y>94.92</y></PointInfo><PointInfo><name>temple left 1</name><type>1769472</type><x>81.75</x><y>104.67</y></PointInfo><PointInfo><name>temple left 2</name><type>1835008</type><x>79.44</x><y>119.74</y></PointInfo><PointInfo><name>temple left 3</name><type>1900544</type><x>77.14</x><y>134.81</y></PointInfo><PointInfo><name>temple left 4</name><type>1966080</type><x>78.61</x><y>150.74</y></PointInfo><PointInfo><name>eye right outer</name><type>2031616</type><x>183.37</x><y>120.53</y></PointInfo><PointInfo><name>eye right bottom outer</name><type>2097152</type><x>177.37</x><y>122.62</y></PointInfo><PointInfo><name>eye right bottom</name><type>2162688</type><x>171.92</x><y>123.04</y></PointInfo><PointInfo><name>eye right bottom inner</name><type>2228224</type><x>168.16</x><y>122.07</y></PointInfo><PointInfo><name>eye right inner</name><type>2293760</type><x>160.72</x><y>120.29</y></PointInfo><PointInfo><name>eye right top inner</name><type>2359296</type><x>168.18</x><y>116.45</y></PointInfo><PointInfo><name>eye right top</name><type>2424832</type><x>171.96</x><y>114.65</y></PointInfo><PointInfo><name>eye right top outer</name><type>2490368</type><x>177.64</x><y>117.02</y></PointInfo><PointInfo><name>eye left outer</name><type>2555904</type><x>103.32</x><y>119.99</y></PointInfo><PointInfo><name>eye left top outer</name><type>2621440</type><x>108.85</x><y>116.25</y></PointInfo><PointInfo><name>eye left top</name><type>2686976</type><x>115.09</x><y>114.36</y></PointInfo><PointInfo><name>eye left top inner</name><type>2752512</type><x>120.2</x><y>115.48</y></PointInfo><PointInfo><name>eye left inner</name><type>2818048</type><x>126.71</x><y>119.61</y></PointInfo><PointInfo><name>eye left bottom inner</name><type>2883584</type><x>120.14</x><y>120.95</y></PointInfo><PointInfo><name>eye left bottom</name><type>2949120</type><x>115.05</x><y>122.92</y></PointInfo><PointInfo><name>eye left bottom outer</name><type>3014656</type><x>109.26</x><y>121.61</y></PointInfo><PointInfo><name>eyebrow right inner</name><type>3080192</type><x>156.89</x><y>104.96</y></PointInfo><PointInfo><name>eyebrow right top inner</name><type>3145728</type><x>164.64</x><y>97.53</y></PointInfo><PointInfo><name>eyebrow right top</name><type>3211264</type><x>179.26</x><y>95.57</y></PointInfo><PointInfo><name>eyebrow right top outer</name><type>3276800</type><x>191.65</x><y>99.24</y></PointInfo><PointInfo><name>eyebrow right outer</name><type>3342336</type><x>198.02</x><y>109.33</y></PointInfo><PointInfo><name>eyebrow right bottom outer</name><type>3407872</type><x>188.51</x><y>106.27</y></PointInfo><PointInfo><name>eyebrow right botom</name><type>3473408</type><x>178.52</x><y>104.29</y></PointInfo><PointInfo><name>eyebrow rigth bottom inner</name><type>3538944</type><x>167.52</x><y>105.69</y></PointInfo><PointInfo><name>eyebrow left inner</name><type>3604480</type><x>129.86</x><y>105</y></PointInfo><PointInfo><name>eyebrow left top inner</name><type>3670016</type><x>122.75</x><y>97.86</y></PointInfo><PointInfo><name>eyebrow left top</name><type>3735552</type><x>108.9</x><y>95.89</y></PointInfo><PointInfo><name>eyebrow left top outer</name><type>3801088</type><x>97.16</x><y>99.44</y></PointInfo><PointInfo><name>eyebrow left outer</name><type>3866624</type><x>91.18</x><y>109.21</y></PointInfo><PointInfo><name>eyebrow left bottom outer</name><type>3932160</type><x>100.22</x><y>106.04</y></PointInfo><PointInfo><name>eyebrow left bottom</name><type>3997696</type><x>109.62</x><y>104.16</y></PointInfo><PointInfo><name>eyebrow left bottom inner</name><type>4063232</type><x>119.97</x><y>105.62</y></PointInfo><PointInfo><name>mouth left</name><type>4128768</type><x>118.63</x><y>173.87</y></PointInfo><PointInfo><name>mouth left top</name><type>4194304</type><x>136.82</x><y>165.72</y></PointInfo><PointInfo><name>mouth top</name><type>4259840</type><x>143.49</x><y>167.4</y></PointInfo><PointInfo><name>mouth right top</name><type>4325376</type><x>150.01</x><y>165.83</y></PointInfo><PointInfo><name>mouth right</name><type>4390912</type><x>166.11</x><y>174.05</y></PointInfo><PointInfo><name>mouth right bottom</name><type>4456448</type><x>151.29</x><y>180.39</y></PointInfo><PointInfo><name>mouth bottom</name><type>4521984</type><x>142.99</x><y>181.19</y></PointInfo><PointInfo><name>mouth left bottom</name><type>4587520</type><x>134.46</x><y>180.34</y></PointInfo><PointInfo><name>nose left top</name><type>4653056</type><x>137.24</x><y>118.63</y></PointInfo><PointInfo><name>nose left top inner</name><type>4718592</type><x>134.26</x><y>133.62</y></PointInfo><PointInfo><name>nose left top outer</name><type>4784128</type><x>128.14</x><y>141.46</y></PointInfo><PointInfo><name>nose left bottom outer</name><type>4849664</type><x>130.98</x><y>148.81</y></PointInfo><PointInfo><name>nose left bottom inner</name><type>4915200</type><x>137.44</x><y>148.4</y></PointInfo><PointInfo><name>nose bottom</name><type>4980736</type><x>144.58</x><y>150.87</y></PointInfo><PointInfo><name>nose right bottom inner</name><type>5046272</type><x>151.96</x><y>148.49</y></PointInfo><PointInfo><name>nose right bottom outer</name><type>5111808</type><x>158.7</x><y>148.99</y></PointInfo><PointInfo><name>nose right top outer</name><type>5177344</type><x>159.55</x><y>141.81</y></PointInfo><PointInfo><name>nose right top inner</name><type>5242880</type><x>153.67</x><y>133.81</y></PointInfo><PointInfo><name>nose right top</name><type>5308416</type><x>150.77</x><y>118.75</y></PointInfo><PointInfo><name>eye right iris</name><type>5373952</type><x>172.61</x><y>118.68</y></PointInfo><PointInfo><name>eye left iris</name><type>5439488</type><x>114.87</x><y>117.6</y></PointInfo><PointInfo><name>nose tip</name><type>5505024</type><x>143.85</x><y>134.12</y></PointInfo><PointInfo><name>cheekbone left</name><type>5570560</type><x>111.58</x><y>164.64</y></PointInfo><PointInfo><name>cheekbone right</name><type>5636096</type><x>174.11</x><y>163.76</y></PointInfo><PointInfo><name>nose bridge top</name><type>5701632</type><x>142.7</x><y>113.93</y></PointInfo><PointInfo><name>nose bridge middle</name><type>5767168</type><x>142.78</x><y>122.27</y></PointInfo><PointInfo><name>nose bridge bottom</name><type>5832704</type><x>142.93</x><y>130.44</y></PointInfo><PointInfo><name>mouth left top point 1</name><type>5898240</type><x>127.87</x><y>169.11</y></PointInfo><PointInfo><name>mouth left bottom point 1</name><type>5963776</type><x>126.68</x><y>177.71</y></PointInfo><PointInfo><name>mouth right bottom point 1</name><type>6029312</type><x>158.01</x><y>177.78</y></PointInfo><PointInfo><name>mouth right top point 1</name><type>6094848</type><x>157.55</x><y>169.3</y></PointInfo><PointInfo><name>mouth inner left</name><type>6160384</type><x>123.32</x><y>173.9</y></PointInfo><PointInfo><name>mouth inner left bottom</name><type>6225920</type><x>139.57</x><y>172.96</y></PointInfo><PointInfo><name>mouth inner bottom</name><type>6291456</type><x>146.09</x><y>173.38</y></PointInfo><PointInfo><name>mouth inner right bottom</name><type>6356992</type><x>152.26</x><y>172.67</y></PointInfo><PointInfo><name>mouth inner right</name><type>6422528</type><x>163.46</x><y>173.91</y></PointInfo><PointInfo><name>mouth inner right top</name><type>6488064</type><x>152.42</x><y>172.43</y></PointInfo><PointInfo><name>mouth inner top</name><type>6553600</type><x>146.28</x><y>173.04</y></PointInfo><PointInfo><name>mouth inner left top</name><type>6619136</type><x>139.75</x><y>172.5</y></PointInfo></points><score>1</score><tags><TagInfo><confidence>0.6</confidence><name>age</name><value>37</value></TagInfo><TagInfo><confidence>1</confidence><name>beard</name><value>yes</value></TagInfo><TagInfo><confidence>0.77</confidence><name>expression</name><value>neutral</value></TagInfo><TagInfo><confidence>1</confidence><name>gender</name><value>male</value></TagInfo><TagInfo><confidence>1</confidence><name>glasses</name><value>no</value></TagInfo><TagInfo><confidence>1</confidence><name>mustache</name><value>yes</value></TagInfo><TagInfo><confidence>0.89</confidence><name>race</name><value>mideast</value></TagInfo><TagInfo><confidence>1</confidence><name>chin size</name><value>extra large</value></TagInfo><TagInfo><confidence>0.46</confidence><name>color background</name><value>fdfef6</value></TagInfo><TagInfo><confidence>0.17</confidence><name>color clothes middle</name><value>8d5331</value></TagInfo><TagInfo><confidence>0.2</confidence><name>color clothes sides</name><value>fdfef6</value></TagInfo><TagInfo><confidence>0.37</confidence><name>color eyes</name><value>4d1d16</value></TagInfo><TagInfo><confidence>0.84</confidence><name>color hair</name><value>1a0a03</value></TagInfo><TagInfo><confidence>0.54</confidence><name>color mustache</name><value>63341c</value></TagInfo><TagInfo><confidence>1</confidence><name>color skin</name><value>d48e64</value></TagInfo><TagInfo><confidence>1</confidence><name>eyebrows corners</name><value>average</value></TagInfo><TagInfo><confidence>1</confidence><name>eyebrows position</name><value>extra low</value></TagInfo><TagInfo><confidence>1</confidence><name>eyebrows size</name><value>average</value></TagInfo><TagInfo><confidence>1</confidence><name>eyes corners</name><value>average</value></TagInfo><TagInfo><confidence>1</confidence><name>eyes distance</name><value>far</value></TagInfo><TagInfo><confidence>1</confidence><name>eyes position</name><value>extra low</value></TagInfo><TagInfo><confidence>1</confidence><name>eyes shape</name><value>average</value></TagInfo><TagInfo><confidence>1</confidence><name>glasses rim</name><value>no</value></TagInfo><TagInfo><confidence>1</confidence><name>hair beard</name><value>none</value></TagInfo><TagInfo><confidence>0.84</confidence><name>hair color type</name><value>black</value></TagInfo><TagInfo><confidence>1</confidence><name>hair forehead</name><value>no</value></TagInfo><TagInfo><confidence>1</confidence><name>hair length</name><value>none</value></TagInfo><TagInfo><confidence>1</confidence><name>hair mustache</name><value>thick</value></TagInfo><TagInfo><confidence>1</confidence><name>hair sides</name><value>very thin</value></TagInfo><TagInfo><confidence>1</confidence><name>hair top</name><value>short</value></TagInfo><TagInfo><confidence>1</confidence><name>head shape</name><value>extra rect</value></TagInfo><TagInfo><confidence>1</confidence><name>head width</name><value>narrow</value></TagInfo><TagInfo><confidence>1</confidence><name>mouth corners</name><value>extra low</value></TagInfo><TagInfo><confidence>1</confidence><name>mouth height</name><value>thin</value></TagInfo><TagInfo><confidence>1</confidence><name>mouth width</name><value>small</value></TagInfo><TagInfo><confidence>1</confidence><name>nose shape</name><value>straight</value></TagInfo><TagInfo><confidence>1</confidence><name>nose width</name><value>narrow</value></TagInfo><TagInfo><confidence>1</confidence><name>teeth visible</name><value>no</value></TagInfo></tags><uid>9b31e92d-688e-11e7-9c43-0cc47a6c4dbd</uid><user_points i:nil="true"/><width>141.13</width><x>139.42</x><y>135.12</y></FaceInfo></faces><original_filename>temp.jpg</original_filename><uid>eb80a2c8-7113-4fa9-bd0e-5d36cfc27a09</uid></BetafaceImageInfoResponse>