{"accessoryName":"48150000","imageInfo":{"imageName":"ViratKohli","originalSize":{"width":300,"height":300},"scaledSize":{"width":300,"height":300},"clientCropSize":{"width":128,"height":196},"gender":"male","skinColor":"eca889","hairColor":"1a0a03","eyeColor":"4d1d16"},"meshShapesList":[{"type":1,"name":"HEAD_MESH","textureName":"ViratKohli_FaceCrop.png","headPointsList":[{"type":0,"point":{"x":0.5032525,"y":0.0021230348}},{"type":1,"point":{"x":0.38769192,"y":0.03185643}},{"type":2,"point":{"x":0.61831135,"y":0.03158115}},{"type":3,"point":{"x":0.2617923,"y":0.10317981}},{"type":4,"point":{"x":0.74381673,"y":0.101854436}},{"type":5,"point":{"x":0.20948671,"y":0.16854429}},{"type":6,"point":{"x":0.79609853,"y":0.16609402}},{"type":7,"point":{"x":0.18686193,"y":0.2269208}},{"type":8,"point":{"x":0.82326925,"y":0.24424623}},{"type":9,"point":{"x":0.17846955,"y":0.29331434}},{"type":10,"point":{"x":0.8271685,"y":0.3119905}},{"type":11,"point":{"x":0.18430951,"y":0.3677248}},{"type":12,"point":{"x":0.82192075,"y":0.3615011}},{"type":13,"point":{"x":0.1961097,"y":0.42178568}},{"type":14,"point":{"x":0.81039536,"y":0.41448978}},{"type":15,"point":{"x":0.184324,"y":0.49867344}},{"type":16,"point":{"x":0.8137627,"y":0.49219388}},{"type":17,"point":{"x":0.17258929,"y":0.5755612}},{"type":18,"point":{"x":0.8171301,"y":0.56989795}},{"type":19,"point":{"x":0.1800893,"y":0.65683675}},{"type":20,"point":{"x":0.8121811,"y":0.6497449}},{"type":21,"point":{"x":0.1908546,"y":0.7323469}},{"type":22,"point":{"x":0.804375,"y":0.72423464}},{"type":23,"point":{"x":0.20911992,"y":0.80443877}},{"type":24,"point":{"x":0.78881377,"y":0.7958674}},{"type":25,"point":{"x":0.20911992,"y":0.80443877}},{"type":26,"point":{"x":0.7604974,"y":0.8611224}},{"type":27,"point":{"x":0.2889158,"y":0.92275506}},{"type":28,"point":{"x":0.7152423,"y":0.9165816}},{"type":29,"point":{"x":0.3509056,"y":0.96382654}},{"type":30,"point":{"x":0.65554845,"y":0.95994896}},{"type":31,"point":{"x":0.5041709,"y":1.0028571}}],"texturePointList":[]},{"type":2,"name":"EYE_LEFT_MESH","clientCropRect":{"x":26,"y":92,"w":23,"h":8},"headPointsList":[{"type":32,"point":{"x":0.3061607,"y":0.49994895}},{"type":33,"point":{"x":0.42549744,"y":0.4980102}},{"type":34,"point":{"x":0.3662117,"y":0.4712245}},{"type":35,"point":{"x":0.3660077,"y":0.51489794}},{"type":36,"point":{"x":0.3650893,"y":0.4877551}}],"texturePointList":[{"point":{"x":0.36523438,"y":0.5302439},"type":0},{"point":{"x":0.5913086,"y":0.3209756},"type":2},{"point":{"x":0.8173828,"y":0.5302439},"type":1},{"point":{"x":0.5913086,"y":0.7395122},"type":3}]},{"type":3,"name":"EYE_RIGHT_MESH","clientCropRect":{"x":83,"y":92,"w":23,"h":9},"headPointsList":[{"type":37,"point":{"x":0.7164668,"y":0.50165814}},{"type":38,"point":{"x":0.5971301,"y":0.5004337}},{"type":41,"point":{"x":0.6596811,"y":0.4932653}},{"type":39,"point":{"x":0.6563648,"y":0.4712245}},{"type":40,"point":{"x":0.6561607,"y":0.51489794}}],"texturePointList":[{"point":{"x":0.18164062,"y":0.5302439},"type":5},{"point":{"x":0.40771484,"y":0.3209756},"type":6},{"point":{"x":0.63378906,"y":0.5302439},"type":4},{"point":{"x":0.40771484,"y":0.7395122},"type":7}]},{"type":4,"name":"EYEBROW_LEFT_MESH","clientCropRect":{"x":12,"y":73,"w":42,"h":14},"headPointsList":[{"type":42,"point":{"x":0.23797195,"y":0.44446427}},{"type":43,"point":{"x":0.4478189,"y":0.4229847}},{"type":44,"point":{"x":0.3346301,"y":0.37535712}},{"type":45,"point":{"x":0.33830357,"y":0.41984692}}],"texturePointList":[{"point":{"x":0.37402344,"y":0.61083984},"type":8},{"point":{"x":0.6113281,"y":0.55371094},"type":10},{"point":{"x":0.8486328,"y":0.61083984},"type":9},{"point":{"x":0.6113281,"y":0.66796875},"type":11}]},{"type":5,"name":"EYEBROW_RIGHT_MESH","clientCropRect":{"x":79,"y":73,"w":42,"h":14},"headPointsList":[{"type":46,"point":{"x":0.789324,"y":0.44556123}},{"type":47,"point":{"x":0.5794771,"y":0.42326528}},{"type":48,"point":{"x":0.69360965,"y":0.37535712}},{"type":49,"point":{"x":0.6898342,"y":0.41984692}}],"texturePointList":[{"point":{"x":0.15039062,"y":0.61083984},"type":13},{"point":{"x":0.3876953,"y":0.55371094},"type":14},{"point":{"x":0.625,"y":0.61083984},"type":12},{"point":{"x":0.3876953,"y":0.66796875},"type":15}]},{"type":6,"name":"MOUTH_MESH","clientCropRect":{"x":41,"y":143,"w":48,"h":16},"headPointsList":[{"type":50,"point":{"x":0.38427293,"y":0.7748469}},{"type":51,"point":{"x":0.6265179,"y":0.7757653}},{"type":52,"point":{"x":0.5111097,"y":0.7332653}},{"type":53,"point":{"x":0.5085587,"y":0.8121939}}],"texturePointList":[{"point":{"x":0.31835938,"y":0.45410156},"type":16},{"point":{"x":0.50146484,"y":0.3798828},"type":18},{"point":{"x":0.6845703,"y":0.45410156},"type":17},{"point":{"x":0.50146484,"y":0.5283203},"type":19}]},{"type":7,"name":"NOSE_MESH","textureName":"ViratKohli_NoseCrop.png","headPointsList":[],"texturePointList":[]},{"type":8,"name":"EAR_MESH","headPointsList":[],"texturePointList":[]}]}