<image file="Phidi.jpg">
 <width>169.19</width>
 <height>169.19</height>
 <x>368.92</x>
 <y>322.97</y>
 <angle>-1.3152</angle>
 <uid>c370b38e-4aa2-11e7-9c43-0cc47a6c4dbd</uid>
 <box height="203" width="183" left="247" top="278">
  <part name="512" x="331.11" y="309.94"/>
  <part name="768" x="399.71" y="311.65"/>
  <part name="1024" x="317.74" y="310.38"/>
  <part name="1280" x="412.87" y="311.27"/>
  <part name="1536" x="346.11" y="311.61"/>
  <part name="1792" x="385.3" y="312.42"/>
  <part name="2048" x="332.17" y="378.8"/>
  <part name="2304" x="394.33" y="380.46"/>
  <part name="2560" x="363.62" y="348.8"/>
  <part name="2816" x="364.2" y="380.64"/>
  <part name="3072" x="325.61" y="288.57"/>
  <part name="3328" x="345.62" y="291.38"/>
  <part name="3584" x="307.83" y="294.06"/>
  <part name="3840" x="403.21" y="289.65"/>
  <part name="4096" x="384.04" y="291.66"/>
  <part name="4352" x="421" y="294.44"/>
  <part name="4608" x="360.19" y="429.76"/>
  <part name="4864" x="293.11" y="361.36"/>
  <part name="5120" x="434.57" y="363.01"/>
  <part name="5376" x="345.08" y="353.51"/>
  <part name="5632" x="381.07" y="354.72"/>
  <part name="65536" x="291.31" y="354.45"/>
  <part name="131072" x="295.25" y="373.17"/>
  <part name="196608" x="302.42" y="390.51"/>
  <part name="262144" x="313.85" y="405.56"/>
  <part name="327680" x="328.31" y="417.92"/>
  <part name="393216" x="344.8" y="427.69"/>
  <part name="458752" x="363.86" y="430.9"/>
  <part name="524288" x="383.12" y="428.06"/>
  <part name="589824" x="400.08" y="418.51"/>
  <part name="655360" x="414.97" y="406.29"/>
  <part name="720896" x="426.68" y="391.31"/>
  <part name="786432" x="434.08" y="373.95"/>
  <part name="851968" x="438.13" y="355.21"/>
  <part name="917504" x="440.42" y="336.28"/>
  <part name="983040" x="441.64" y="316.7"/>
  <part name="1048576" x="440.93" y="303.82"/>
  <part name="1114112" x="440.21" y="290.93"/>
  <part name="1179648" x="433.45" y="281.64"/>
  <part name="1245184" x="426.69" y="272.34"/>
  <part name="1310720" x="407.58" y="269.73"/>
  <part name="1376256" x="387.72" y="268.18"/>
  <part name="1441792" x="366.91" y="267.13"/>
  <part name="1507328" x="345.96" y="267"/>
  <part name="1572864" x="325.9" y="267.43"/>
  <part name="1638400" x="306.54" y="268.97"/>
  <part name="1703936" x="299.04" y="278.45"/>
  <part name="1769472" x="291.54" y="287.93"/>
  <part name="1835008" x="289.77" y="301.92"/>
  <part name="1900544" x="288" y="315.91"/>
  <part name="1966080" x="289.05" y="335.49"/>
  <part name="2031616" x="415.25" y="312"/>
  <part name="2097152" x="406.75" y="314.99"/>
  <part name="2162688" x="402.52" y="316.36"/>
  <part name="2228224" x="395.32" y="315.13"/>
  <part name="2293760" x="387.14" y="313.33"/>
  <part name="2359296" x="394.75" y="307.13"/>
  <part name="2424832" x="402.13" y="305.74"/>
  <part name="2490368" x="406.5" y="306.98"/>
  <part name="2555904" x="319.03" y="310.37"/>
  <part name="2621440" x="326.42" y="305.63"/>
  <part name="2686976" x="333.15" y="303.84"/>
  <part name="2752512" x="339.88" y="305.19"/>
  <part name="2818048" x="347.57" y="310.85"/>
  <part name="2883584" x="339.61" y="312.67"/>
  <part name="2949120" x="332.81" y="314.14"/>
  <part name="3014656" x="326.66" y="313.04"/>
  <part name="3080192" x="385.54" y="292.65"/>
  <part name="3145728" x="393.31" y="286.04"/>
  <part name="3211264" x="406.94" y="284.98"/>
  <part name="3276800" x="418.39" y="288.76"/>
  <part name="3342336" x="424.09" y="298.03"/>
  <part name="3407872" x="415.45" y="295.4"/>
  <part name="3473408" x="406.18" y="293.08"/>
  <part name="3538944" x="395.74" y="293.73"/>
  <part name="3604480" x="352.48" y="294.37"/>
  <part name="3670016" x="345.99" y="286.49"/>
  <part name="3735552" x="332.16" y="283.1"/>
  <part name="3801088" x="319.5" y="285.35"/>
  <part name="3866624" x="311.72" y="294.7"/>
  <part name="3932160" x="321.72" y="292.38"/>
  <part name="3997696" x="331.74" y="291.44"/>
  <part name="4063232" x="342.27" y="293.98"/>
  <part name="4128768" x="335.1" y="378.74"/>
  <part name="4194304" x="358.55" y="371.25"/>
  <part name="4259840" x="367.4" y="373.63"/>
  <part name="4325376" x="376.27" y="371.79"/>
  <part name="4390912" x="398.24" y="381.06"/>
  <part name="4456448" x="377.82" y="393.38"/>
  <part name="4521984" x="366.52" y="394.56"/>
  <part name="4587520" x="355.17" y="392.76"/>
  <part name="4653056" x="358.06" y="313.32"/>
  <part name="4718592" x="353.18" y="336.43"/>
  <part name="4784128" x="344.93" y="348.1"/>
  <part name="4849664" x="346.82" y="355.27"/>
  <part name="4915200" x="354.89" y="354.67"/>
  <part name="4980736" x="364.63" y="359.79"/>
  <part name="5046272" x="374.92" y="355.41"/>
  <part name="5111808" x="383.19" y="356.75"/>
  <part name="5177344" x="388.12" y="350.01"/>
  <part name="5242880" x="380.97" y="337.66"/>
  <part name="5308416" x="377.97" y="314.19"/>
  <part name="5373952" x="400.53" y="310.47"/>
  <part name="5439488" x="334.58" y="309.98"/>
  <part name="5505024" x="364.54" y="345.2"/>
  <part name="5570560" x="325.43" y="369.18"/>
  <part name="5636096" x="402.45" y="371.29"/>
  <part name="5701632" x="367.87" y="308.07"/>
  <part name="5767168" x="367.32" y="321.54"/>
  <part name="5832704" x="366.84" y="334.86"/>
  <part name="5898240" x="346.72" y="374.22"/>
  <part name="5963776" x="344.91" y="387.22"/>
  <part name="6029312" x="387.66" y="388.39"/>
  <part name="6094848" x="387.01" y="375.41"/>
  <part name="6160384" x="340.75" y="379.66"/>
  <part name="6225920" x="359.23" y="382"/>
  <part name="6291456" x="367.6" y="383.27"/>
  <part name="6356992" x="375.96" y="382.7"/>
  <part name="6422528" x="393.99" y="381.95"/>
  <part name="6488064" x="376.05" y="381.33"/>
  <part name="6553600" x="367.77" y="381.92"/>
  <part name="6619136" x="359.45" y="380.63"/>
 </box>
</image>
