<BetafaceImageInfoResponse xmlns:i="http://www.w3.org/2001/XMLSchema-instance"><int_response>0</int_response><string_response>ok</string_response><checksum>a9c5d6ac7cd3a554a21b0c163f000cb656fc368e8c676f3264c5e8892dfa9d0f</checksum><faces><FaceInfo><angle>-1.3152</angle><height>169.19</height><image_uid>f9902eff-73e4-4969-a7bc-b0a896063e34</image_uid><person_name/><points><PointInfo><name>basic eye left</name><type>512</type><x>331.57</x><y>310.35</y></PointInfo><PointInfo><name>basic eye right</name><type>768</type><x>400.17</x><y>312.06</y></PointInfo><PointInfo><name>basic eye left outer</name><type>1024</type><x>318.2</x><y>310.79</y></PointInfo><PointInfo><name>basic eye right outer</name><type>1280</type><x>413.33</x><y>311.68</y></PointInfo><PointInfo><name>basic eye left inner</name><type>1536</type><x>346.57</x><y>312.02</y></PointInfo><PointInfo><name>basic eye right inner</name><type>1792</type><x>385.76</x><y>312.83</y></PointInfo><PointInfo><name>basic mouth left</name><type>2048</type><x>332.63</x><y>379.21</y></PointInfo><PointInfo><name>basic mouth right</name><type>2304</type><x>394.79</x><y>380.87</y></PointInfo><PointInfo><name>basic nose tip</name><type>2560</type><x>364.08</x><y>349.21</y></PointInfo><PointInfo><name>basic mouth center</name><type>2816</type><x>364.66</x><y>381.05</y></PointInfo><PointInfo><name>basic eyebrow left</name><type>3072</type><x>326.07</x><y>288.98</y></PointInfo><PointInfo><name>basic eyebrow left inner corner</name><type>3328</type><x>346.08</x><y>291.79</y></PointInfo><PointInfo><name>basic eyebrow left outer corner</name><type>3584</type><x>308.29</x><y>294.47</y></PointInfo><PointInfo><name>basic eyebrow right</name><type>3840</type><x>403.67</x><y>290.06</y></PointInfo><PointInfo><name>basic eyebrow right inner corner</name><type>4096</type><x>384.5</x><y>292.07</y></PointInfo><PointInfo><name>basic eyebrow right outer corner</name><type>4352</type><x>421.46</x><y>294.85</y></PointInfo><PointInfo><name>basic chin bottom</name><type>4608</type><x>360.65</x><y>430.17</y></PointInfo><PointInfo><name>basic chin left</name><type>4864</type><x>293.57</x><y>361.77</y></PointInfo><PointInfo><name>basic chin right</name><type>5120</type><x>435.03</x><y>363.42</y></PointInfo><PointInfo><name>basic nose left</name><type>5376</type><x>345.54</x><y>353.92</y></PointInfo><PointInfo><name>basic nose right</name><type>5632</type><x>381.53</x><y>355.13</y></PointInfo><PointInfo><name>chin ear left</name><type>65536</type><x>291.77</x><y>354.86</y></PointInfo><PointInfo><name>chin left 1</name><type>131072</type><x>295.71</x><y>373.58</y></PointInfo><PointInfo><name>chin left 2</name><type>196608</type><x>302.88</x><y>390.92</y></PointInfo><PointInfo><name>chin left 3</name><type>262144</type><x>314.31</x><y>405.97</y></PointInfo><PointInfo><name>chin left 4</name><type>327680</type><x>328.77</x><y>418.33</y></PointInfo><PointInfo><name>chin left 5</name><type>393216</type><x>345.26</x><y>428.1</y></PointInfo><PointInfo><name>chin bottom</name><type>458752</type><x>364.32</x><y>431.31</y></PointInfo><PointInfo><name>chin right 5</name><type>524288</type><x>383.58</x><y>428.47</y></PointInfo><PointInfo><name>chin right 4</name><type>589824</type><x>400.54</x><y>418.92</y></PointInfo><PointInfo><name>chin right 3</name><type>655360</type><x>415.43</x><y>406.7</y></PointInfo><PointInfo><name>chin right 2</name><type>720896</type><x>427.14</x><y>391.72</y></PointInfo><PointInfo><name>chin right 1</name><type>786432</type><x>434.54</x><y>374.36</y></PointInfo><PointInfo><name>chin ear right</name><type>851968</type><x>438.59</x><y>355.62</y></PointInfo><PointInfo><name>temple right 4</name><type>917504</type><x>440.88</x><y>336.69</y></PointInfo><PointInfo><name>temple right 3</name><type>983040</type><x>442.1</x><y>317.11</y></PointInfo><PointInfo><name>temple right 2</name><type>1048576</type><x>441.39</x><y>304.23</y></PointInfo><PointInfo><name>temple right 1</name><type>1114112</type><x>440.67</x><y>291.34</y></PointInfo><PointInfo><name>temple right</name><type>1179648</type><x>433.91</x><y>282.05</y></PointInfo><PointInfo><name>forehead right</name><type>1245184</type><x>427.15</x><y>272.75</y></PointInfo><PointInfo><name>forehead 4</name><type>1310720</type><x>408.04</x><y>270.14</y></PointInfo><PointInfo><name>forehead 3</name><type>1376256</type><x>388.18</x><y>268.59</y></PointInfo><PointInfo><name>forehead middle</name><type>1441792</type><x>367.37</x><y>267.54</y></PointInfo><PointInfo><name>forehead 2</name><type>1507328</type><x>346.42</x><y>267.41</y></PointInfo><PointInfo><name>forehead 1</name><type>1572864</type><x>326.36</x><y>267.84</y></PointInfo><PointInfo><name>forehead left</name><type>1638400</type><x>307</x><y>269.38</y></PointInfo><PointInfo><name>temple left</name><type>1703936</type><x>299.5</x><y>278.86</y></PointInfo><PointInfo><name>temple left 1</name><type>1769472</type><x>292</x><y>288.34</y></PointInfo><PointInfo><name>temple left 2</name><type>1835008</type><x>290.23</x><y>302.33</y></PointInfo><PointInfo><name>temple left 3</name><type>1900544</type><x>288.46</x><y>316.32</y></PointInfo><PointInfo><name>temple left 4</name><type>1966080</type><x>289.51</x><y>335.9</y></PointInfo><PointInfo><name>eye right outer</name><type>2031616</type><x>415.71</x><y>312.41</y></PointInfo><PointInfo><name>eye right bottom outer</name><type>2097152</type><x>407.21</x><y>315.4</y></PointInfo><PointInfo><name>eye right bottom</name><type>2162688</type><x>402.98</x><y>316.77</y></PointInfo><PointInfo><name>eye right bottom inner</name><type>2228224</type><x>395.78</x><y>315.54</y></PointInfo><PointInfo><name>eye right inner</name><type>2293760</type><x>387.6</x><y>313.74</y></PointInfo><PointInfo><name>eye right top inner</name><type>2359296</type><x>395.21</x><y>307.54</y></PointInfo><PointInfo><name>eye right top</name><type>2424832</type><x>402.59</x><y>306.15</y></PointInfo><PointInfo><name>eye right top outer</name><type>2490368</type><x>406.96</x><y>307.39</y></PointInfo><PointInfo><name>eye left outer</name><type>2555904</type><x>319.49</x><y>310.78</y></PointInfo><PointInfo><name>eye left top outer</name><type>2621440</type><x>326.88</x><y>306.04</y></PointInfo><PointInfo><name>eye left top</name><type>2686976</type><x>333.61</x><y>304.25</y></PointInfo><PointInfo><name>eye left top inner</name><type>2752512</type><x>340.34</x><y>305.6</y></PointInfo><PointInfo><name>eye left inner</name><type>2818048</type><x>348.03</x><y>311.26</y></PointInfo><PointInfo><name>eye left bottom inner</name><type>2883584</type><x>340.07</x><y>313.08</y></PointInfo><PointInfo><name>eye left bottom</name><type>2949120</type><x>333.27</x><y>314.55</y></PointInfo><PointInfo><name>eye left bottom outer</name><type>3014656</type><x>327.12</x><y>313.45</y></PointInfo><PointInfo><name>eyebrow right inner</name><type>3080192</type><x>386</x><y>293.06</y></PointInfo><PointInfo><name>eyebrow right top inner</name><type>3145728</type><x>393.77</x><y>286.45</y></PointInfo><PointInfo><name>eyebrow right top</name><type>3211264</type><x>407.4</x><y>285.39</y></PointInfo><PointInfo><name>eyebrow right top outer</name><type>3276800</type><x>418.85</x><y>289.17</y></PointInfo><PointInfo><name>eyebrow right outer</name><type>3342336</type><x>424.55</x><y>298.44</y></PointInfo><PointInfo><name>eyebrow right bottom outer</name><type>3407872</type><x>415.91</x><y>295.81</y></PointInfo><PointInfo><name>eyebrow right botom</name><type>3473408</type><x>406.64</x><y>293.49</y></PointInfo><PointInfo><name>eyebrow rigth bottom inner</name><type>3538944</type><x>396.2</x><y>294.14</y></PointInfo><PointInfo><name>eyebrow left inner</name><type>3604480</type><x>352.94</x><y>294.78</y></PointInfo><PointInfo><name>eyebrow left top inner</name><type>3670016</type><x>346.45</x><y>286.9</y></PointInfo><PointInfo><name>eyebrow left top</name><type>3735552</type><x>332.62</x><y>283.51</y></PointInfo><PointInfo><name>eyebrow left top outer</name><type>3801088</type><x>319.96</x><y>285.76</y></PointInfo><PointInfo><name>eyebrow left outer</name><type>3866624</type><x>312.18</x><y>295.11</y></PointInfo><PointInfo><name>eyebrow left bottom outer</name><type>3932160</type><x>322.18</x><y>292.79</y></PointInfo><PointInfo><name>eyebrow left bottom</name><type>3997696</type><x>332.2</x><y>291.85</y></PointInfo><PointInfo><name>eyebrow left bottom inner</name><type>4063232</type><x>342.73</x><y>294.39</y></PointInfo><PointInfo><name>mouth left</name><type>4128768</type><x>335.56</x><y>379.15</y></PointInfo><PointInfo><name>mouth left top</name><type>4194304</type><x>359.01</x><y>371.66</y></PointInfo><PointInfo><name>mouth top</name><type>4259840</type><x>367.86</x><y>374.04</y></PointInfo><PointInfo><name>mouth right top</name><type>4325376</type><x>376.73</x><y>372.2</y></PointInfo><PointInfo><name>mouth right</name><type>4390912</type><x>398.7</x><y>381.47</y></PointInfo><PointInfo><name>mouth right bottom</name><type>4456448</type><x>378.28</x><y>393.79</y></PointInfo><PointInfo><name>mouth bottom</name><type>4521984</type><x>366.98</x><y>394.97</y></PointInfo><PointInfo><name>mouth left bottom</name><type>4587520</type><x>355.63</x><y>393.17</y></PointInfo><PointInfo><name>nose left top</name><type>4653056</type><x>358.52</x><y>313.73</y></PointInfo><PointInfo><name>nose left top inner</name><type>4718592</type><x>353.64</x><y>336.84</y></PointInfo><PointInfo><name>nose left top outer</name><type>4784128</type><x>345.39</x><y>348.51</y></PointInfo><PointInfo><name>nose left bottom outer</name><type>4849664</type><x>347.28</x><y>355.68</y></PointInfo><PointInfo><name>nose left bottom inner</name><type>4915200</type><x>355.35</x><y>355.08</y></PointInfo><PointInfo><name>nose bottom</name><type>4980736</type><x>365.09</x><y>360.2</y></PointInfo><PointInfo><name>nose right bottom inner</name><type>5046272</type><x>375.38</x><y>355.82</y></PointInfo><PointInfo><name>nose right bottom outer</name><type>5111808</type><x>383.65</x><y>357.16</y></PointInfo><PointInfo><name>nose right top outer</name><type>5177344</type><x>388.58</x><y>350.42</y></PointInfo><PointInfo><name>nose right top inner</name><type>5242880</type><x>381.43</x><y>338.07</y></PointInfo><PointInfo><name>nose right top</name><type>5308416</type><x>378.43</x><y>314.6</y></PointInfo><PointInfo><name>eye right iris</name><type>5373952</type><x>400.99</x><y>310.88</y></PointInfo><PointInfo><name>eye left iris</name><type>5439488</type><x>335.04</x><y>310.39</y></PointInfo><PointInfo><name>nose tip</name><type>5505024</type><x>365</x><y>345.61</y></PointInfo><PointInfo><name>cheekbone left</name><type>5570560</type><x>325.89</x><y>369.59</y></PointInfo><PointInfo><name>cheekbone right</name><type>5636096</type><x>402.91</x><y>371.7</y></PointInfo><PointInfo><name>nose bridge top</name><type>5701632</type><x>368.33</x><y>308.48</y></PointInfo><PointInfo><name>nose bridge middle</name><type>5767168</type><x>367.78</x><y>321.95</y></PointInfo><PointInfo><name>nose bridge bottom</name><type>5832704</type><x>367.3</x><y>335.27</y></PointInfo><PointInfo><name>mouth left top point 1</name><type>5898240</type><x>347.18</x><y>374.63</y></PointInfo><PointInfo><name>mouth left bottom point 1</name><type>5963776</type><x>345.37</x><y>387.63</y></PointInfo><PointInfo><name>mouth right bottom point 1</name><type>6029312</type><x>388.12</x><y>388.8</y></PointInfo><PointInfo><name>mouth right top point 1</name><type>6094848</type><x>387.47</x><y>375.82</y></PointInfo><PointInfo><name>mouth inner left</name><type>6160384</type><x>341.21</x><y>380.07</y></PointInfo><PointInfo><name>mouth inner left bottom</name><type>6225920</type><x>359.69</x><y>382.41</y></PointInfo><PointInfo><name>mouth inner bottom</name><type>6291456</type><x>368.06</x><y>383.68</y></PointInfo><PointInfo><name>mouth inner right bottom</name><type>6356992</type><x>376.42</x><y>383.11</y></PointInfo><PointInfo><name>mouth inner right</name><type>6422528</type><x>394.45</x><y>382.36</y></PointInfo><PointInfo><name>mouth inner right top</name><type>6488064</type><x>376.51</x><y>381.74</y></PointInfo><PointInfo><name>mouth inner top</name><type>6553600</type><x>368.23</x><y>382.33</y></PointInfo><PointInfo><name>mouth inner left top</name><type>6619136</type><x>359.91</x><y>381.04</y></PointInfo></points><score>1</score><tags><TagInfo><confidence>0.6</confidence><name>age</name><value>33</value></TagInfo><TagInfo><confidence>1</confidence><name>beard</name><value>no</value></TagInfo><TagInfo><confidence>1</confidence><name>expression</name><value>smile</value></TagInfo><TagInfo><confidence>1</confidence><name>gender</name><value>male</value></TagInfo><TagInfo><confidence>1</confidence><name>glasses</name><value>no</value></TagInfo><TagInfo><confidence>1</confidence><name>mustache</name><value>no</value></TagInfo><TagInfo><confidence>1</confidence><name>race</name><value>asian</value></TagInfo><TagInfo><confidence>1</confidence><name>chin size</name><value>extra small</value></TagInfo><TagInfo><confidence>0.01</confidence><name>color clothes middle</name><value>6e5f45</value></TagInfo><TagInfo><confidence>0.92</confidence><name>color clothes sides</name><value>1f5037</value></TagInfo><TagInfo><confidence>0.8</confidence><name>color eyes</name><value>372921</value></TagInfo><TagInfo><confidence>0.76</confidence><name>color hair</name><value>291d15</value></TagInfo><TagInfo><confidence>1</confidence><name>color skin</name><value>a56e4f</value></TagInfo><TagInfo><confidence>1</confidence><name>eyebrows corners</name><value>average</value></TagInfo><TagInfo><confidence>1</confidence><name>eyebrows position</name><value>extra low</value></TagInfo><TagInfo><confidence>1</confidence><name>eyebrows size</name><value>extra thin</value></TagInfo><TagInfo><confidence>1</confidence><name>eyes corners</name><value>low</value></TagInfo><TagInfo><confidence>1</confidence><name>eyes distance</name><value>average</value></TagInfo><TagInfo><confidence>1</confidence><name>eyes position</name><value>extra low</value></TagInfo><TagInfo><confidence>1</confidence><name>eyes shape</name><value>extra round</value></TagInfo><TagInfo><confidence>1</confidence><name>glasses rim</name><value>no</value></TagInfo><TagInfo><confidence>1</confidence><name>hair beard</name><value>none</value></TagInfo><TagInfo><confidence>0.76</confidence><name>hair color type</name><value>brown</value></TagInfo><TagInfo><confidence>1</confidence><name>hair forehead</name><value>no</value></TagInfo><TagInfo><confidence>1</confidence><name>hair length</name><value>very short</value></TagInfo><TagInfo><confidence>1</confidence><name>hair mustache</name><value>none</value></TagInfo><TagInfo><confidence>1</confidence><name>hair sides</name><value>thin</value></TagInfo><TagInfo><confidence>1</confidence><name>hair top</name><value>short</value></TagInfo><TagInfo><confidence>1</confidence><name>head shape</name><value>rect</value></TagInfo><TagInfo><confidence>1</confidence><name>head width</name><value>average</value></TagInfo><TagInfo><confidence>1</confidence><name>mouth corners</name><value>average</value></TagInfo><TagInfo><confidence>1</confidence><name>mouth height</name><value>average</value></TagInfo><TagInfo><confidence>1</confidence><name>mouth width</name><value>average</value></TagInfo><TagInfo><confidence>1</confidence><name>nose shape</name><value>extra straight</value></TagInfo><TagInfo><confidence>1</confidence><name>nose width</name><value>extra wide</value></TagInfo><TagInfo><confidence>1</confidence><name>teeth visible</name><value>no</value></TagInfo></tags><uid>c370b38e-4aa2-11e7-9c43-0cc47a6c4dbd</uid><user_points i:nil="true"/><width>169.19</width><x>368.92</x><y>322.97</y></FaceInfo></faces><original_filename>temp.jpg</original_filename><uid>f9902eff-73e4-4969-a7bc-b0a896063e34</uid></BetafaceImageInfoResponse>