{"accessoryName":"48150000","imageInfo":{"imageName":"Phidi","originalSize":{"width":3024,"height":4032},"scaledSize":{"width":768,"height":1024},"clientCropSize":{"width":158,"height":246},"gender":"male","skinColor":"ca8d7d","hairColor":"291d15","eyeColor":"372921"},"meshShapesList":[{"type":1,"name":"HEAD_MESH","textureName":"Phidi_FaceCrop.png","headPointsList":[{"type":0,"point":{"x":0.5021876,"y":3.410277E-4}},{"type":1,"point":{"x":0.38802403,"y":0.029852517}},{"type":2,"point":{"x":0.6171901,"y":0.030312575}},{"type":3,"point":{"x":0.2637897,"y":0.10101039}},{"type":4,"point":{"x":0.74208313,"y":0.1032257}},{"type":5,"point":{"x":0.21230769,"y":0.16637613}},{"type":6,"point":{"x":0.79360515,"y":0.17047156}},{"type":7,"point":{"x":0.19015007,"y":0.22481214}},{"type":8,"point":{"x":0.815583,"y":0.23069055}},{"type":9,"point":{"x":0.1820959,"y":0.29131547}},{"type":10,"point":{"x":0.8232779,"y":0.2992963}},{"type":11,"point":{"x":0.18814483,"y":0.3658859}},{"type":12,"point":{"x":0.81668955,"y":0.3762888}},{"type":13,"point":{"x":0.2000127,"y":0.42008126}},{"type":14,"point":{"x":0.80436236,"y":0.4322764}},{"type":15,"point":{"x":0.19281763,"y":0.47695115}},{"type":16,"point":{"x":0.8072892,"y":0.4846748}},{"type":17,"point":{"x":0.18562242,"y":0.53382117}},{"type":18,"point":{"x":0.8101753,"y":0.5370324}},{"type":19,"point":{"x":0.18989079,"y":0.6134146}},{"type":20,"point":{"x":0.80521595,"y":0.616626}},{"type":21,"point":{"x":0.1990777,"y":0.69048774}},{"type":22,"point":{"x":0.79590696,"y":0.6935772}},{"type":23,"point":{"x":0.21509397,"y":0.7665853}},{"type":24,"point":{"x":0.7794436,"y":0.769756}},{"type":25,"point":{"x":0.24424037,"y":0.8370732}},{"type":26,"point":{"x":0.74936235,"y":0.8403252}},{"type":27,"point":{"x":0.29070374,"y":0.898252}},{"type":28,"point":{"x":0.70176065,"y":0.90121955}},{"type":29,"point":{"x":0.3494842,"y":0.94849586}},{"type":30,"point":{"x":0.64123225,"y":0.95089436}},{"type":31,"point":{"x":0.49399647,"y":1.0012602}}],"texturePointList":[]},{"type":2,"name":"EYE_LEFT_MESH","clientCropRect":{"x":32,"y":119,"w":28,"h":10},"headPointsList":[{"type":32,"point":{"x":0.3126347,"y":0.5196748}},{"type":33,"point":{"x":0.42690295,"y":0.52162606}},{"type":34,"point":{"x":0.36915898,"y":0.49247962}},{"type":35,"point":{"x":0.36777687,"y":0.5356503}},{"type":36,"point":{"x":0.37497208,"y":0.5097155}}],"texturePointList":[{"point":{"x":0.36523438,"y":0.5302439},"type":0},{"point":{"x":0.5913086,"y":0.3209756},"type":2},{"point":{"x":0.8173828,"y":0.5302439},"type":1},{"point":{"x":0.5913086,"y":0.7395122},"type":3}]},{"type":3,"name":"EYE_RIGHT_MESH","clientCropRect":{"x":100,"y":121,"w":28,"h":10},"headPointsList":[{"type":37,"point":{"x":0.7028988,"y":0.5179268}},{"type":38,"point":{"x":0.58863056,"y":0.52333325}},{"type":41,"point":{"x":0.6430614,"y":0.5117073}},{"type":39,"point":{"x":0.6495655,"y":0.49247962}},{"type":40,"point":{"x":0.65115094,"y":0.5356503}}],"texturePointList":[{"point":{"x":0.18164062,"y":0.5302439},"type":5},{"point":{"x":0.40771484,"y":0.3209756},"type":6},{"point":{"x":0.63378906,"y":0.5302439},"type":4},{"point":{"x":0.40771484,"y":0.7395122},"type":7}]},{"type":4,"name":"EYEBROW_LEFT_MESH","clientCropRect":{"x":25,"y":98,"w":40,"h":12},"headPointsList":[{"type":42,"point":{"x":0.2820452,"y":0.44760156}},{"type":43,"point":{"x":0.4477363,"y":0.44626015}},{"type":44,"point":{"x":0.36513463,"y":0.4004472}},{"type":45,"point":{"x":0.3634274,"y":0.4343496}}],"texturePointList":[{"point":{"x":0.37402344,"y":0.61083984},"type":8},{"point":{"x":0.6113281,"y":0.55371094},"type":10},{"point":{"x":0.8486328,"y":0.61083984},"type":9},{"point":{"x":0.6113281,"y":0.66796875},"type":11}]},{"type":5,"name":"EYEBROW_RIGHT_MESH","clientCropRect":{"x":97,"y":100,"w":41,"h":11},"headPointsList":[{"type":46,"point":{"x":0.7433257,"y":0.4539837}},{"type":47,"point":{"x":0.5776346,"y":0.43211377}},{"type":48,"point":{"x":0.66911834,"y":0.4004472}},{"type":49,"point":{"x":0.666029,"y":0.43434948}}],"texturePointList":[{"point":{"x":0.15039062,"y":0.61083984},"type":13},{"point":{"x":0.3876953,"y":0.55371094},"type":14},{"point":{"x":0.625,"y":0.61083984},"type":12},{"point":{"x":0.3876953,"y":0.66796875},"type":15}]},{"type":6,"name":"MOUTH_MESH","clientCropRect":{"x":48,"y":186,"w":63,"h":23},"headPointsList":[{"type":50,"point":{"x":0.37708586,"y":0.7892276}},{"type":51,"point":{"x":0.6337526,"y":0.7986585}},{"type":52,"point":{"x":0.5083866,"y":0.7587805}},{"type":53,"point":{"x":0.5048095,"y":0.85353655}}],"texturePointList":[{"point":{"x":0.31835938,"y":0.45410156},"type":16},{"point":{"x":0.50146484,"y":0.3798828},"type":18},{"point":{"x":0.6845703,"y":0.45410156},"type":17},{"point":{"x":0.50146484,"y":0.5283203},"type":19}]},{"type":7,"name":"NOSE_MESH","textureName":"Phidi_NoseCrop.png","headPointsList":[],"texturePointList":[]},{"type":8,"name":"EAR_MESH","headPointsList":[],"texturePointList":[]}]}