<image file="brahmandanam.jpg">
 <width>220.85</width>
 <height>220.85</height>
 <x>333.63</x>
 <y>181.91</y>
 <angle>-0.8523</angle>
 <uid>827e0c8e-2780-11e7-9f36-0cc47a6c4dbd</uid>
 <box height="258" left="76" width="223" top="217">
  <part name="512" x="294.92" y="151.53"/>
  <part name="768" x="378.37" y="155.24"/>
  <part name="1024" x="275.7" y="151.89"/>
  <part name="1280" x="395.69" y="156.32"/>
  <part name="1536" x="313.94" y="153.48"/>
  <part name="1792" x="361.16" y="156.1"/>
  <part name="2048" x="298.29" y="241.11"/>
  <part name="2304" x="370.19" y="243.46"/>
  <part name="2560" x="340.31" y="206.06"/>
  <part name="2816" x="333.99" y="242.93"/>
  <part name="3072" x="291.22" y="130.77"/>
  <part name="3328" x="315.31" y="134.29"/>
  <part name="3584" x="267.98" y="136.58"/>
  <part name="3840" x="384.35" y="129.29"/>
  <part name="4096" x="363.65" y="134.36"/>
  <part name="4352" x="403.27" y="132.01"/>
  <part name="4608" x="332.25" y="306.25"/>
  <part name="4864" x="227" y="219.6"/>
  <part name="5120" x="420.06" y="216.04"/>
  <part name="5376" x="311.93" y="204.18"/>
  <part name="5632" x="361.72" y="206.53"/>
  <part name="65536" x="235.78" y="225.68"/>
  <part name="131072" x="242.42" y="249.87"/>
  <part name="196608" x="254.13" y="271.2"/>
  <part name="262144" x="271.64" y="288.77"/>
  <part name="327680" x="292.88" y="302.38"/>
  <part name="393216" x="316.5" y="312.15"/>
  <part name="458752" x="341.65" y="314.54"/>
  <part name="524288" x="364.85" y="309.37"/>
  <part name="589824" x="382.92" y="295.79"/>
  <part name="655360" x="397.7" y="278.92"/>
  <part name="720896" x="408.71" y="259.38"/>
  <part name="786432" x="415.4" y="238.05"/>
  <part name="851968" x="418.83" y="215.85"/>
  <part name="917504" x="419.89" y="193.54"/>
  <part name="983040" x="419.51" y="170.56"/>
  <part name="1048576" x="420.01" y="148.43"/>
  <part name="1114112" x="420.5" y="126.29"/>
  <part name="1179648" x="412.97" y="112.2"/>
  <part name="1245184" x="405.43" y="98.1"/>
  <part name="1310720" x="382.9" y="96.42"/>
  <part name="1376256" x="359.52" y="96"/>
  <part name="1441792" x="334.74" y="96.15"/>
  <part name="1507328" x="307.76" y="97.34"/>
  <part name="1572864" x="281.62" y="99.25"/>
  <part name="1638400" x="256.6" y="102.54"/>
  <part name="1703936" x="246.38" y="116.89"/>
  <part name="1769472" x="236.15" y="131.25"/>
  <part name="1835008" x="232.61" y="152.93"/>
  <part name="1900544" x="229.08" y="174.61"/>
  <part name="1966080" x="231.77" y="200.69"/>
  <part name="2031616" x="397.81" y="157.59"/>
  <part name="2097152" x="388.64" y="161.53"/>
  <part name="2162688" x="381.04" y="161.57"/>
  <part name="2228224" x="374.98" y="161.38"/>
  <part name="2293760" x="363.81" y="157.94"/>
  <part name="2359296" x="374.56" y="150.94"/>
  <part name="2424832" x="381.25" y="149.26"/>
  <part name="2490368" x="388.54" y="151.04"/>
  <part name="2555904" x="278.85" y="153.47"/>
  <part name="2621440" x="290.81" y="148.54"/>
  <part name="2686976" x="297.72" y="144.8"/>
  <part name="2752512" x="305.86" y="149.21"/>
  <part name="2818048" x="316.85" y="156.2"/>
  <part name="2883584" x="304.8" y="159.16"/>
  <part name="2949120" x="296.94" y="158.55"/>
  <part name="3014656" x="290.07" y="158.4"/>
  <part name="3080192" x="369.51" y="134.89"/>
  <part name="3145728" x="377.29" y="126.51"/>
  <part name="3211264" x="391.99" y="123.36"/>
  <part name="3276800" x="404.83" y="125.78"/>
  <part name="3342336" x="412.1" y="134.89"/>
  <part name="3407872" x="402.49" y="133.35"/>
  <part name="3473408" x="392.15" y="132.27"/>
  <part name="3538944" x="380.88" y="134.53"/>
  <part name="3604480" x="320.25" y="137.08"/>
  <part name="3670016" x="311.81" y="128.16"/>
  <part name="3735552" x="295.34" y="125.01"/>
  <part name="3801088" x="280.49" y="128.07"/>
  <part name="3866624" x="271.62" y="138.94"/>
  <part name="3932160" x="283.22" y="136.51"/>
  <part name="3997696" x="295.13" y="134.92"/>
  <part name="4063232" x="307.86" y="137.23"/>
  <part name="4128768" x="301.96" y="242.55"/>
  <part name="4194304" x="330.7" y="236.38"/>
  <part name="4259840" x="340.36" y="239.15"/>
  <part name="4325376" x="349.99" y="237.23"/>
  <part name="4390912" x="374.19" y="245.08"/>
  <part name="4456448" x="350.82" y="259.33"/>
  <part name="4521984" x="338.94" y="260.39"/>
  <part name="4587520" x="326.86" y="258.4"/>
  <part name="4653056" x="328.62" y="154.97"/>
  <part name="4718592" x="323.53" y="183.16"/>
  <part name="4784128" x="313.65" y="197.69"/>
  <part name="4849664" x="318.16" y="208.25"/>
  <part name="4915200" x="329.68" y="210.26"/>
  <part name="4980736" x="343.47" y="216.74"/>
  <part name="5046272" x="357.48" y="210.91"/>
  <part name="5111808" x="368.68" y="209.41"/>
  <part name="5177344" x="368.07" y="198.56"/>
  <part name="5242880" x="358.69" y="183.67"/>
  <part name="5308416" x="354.01" y="155.33"/>
  <part name="5373952" x="379.25" y="155.59"/>
  <part name="5439488" x="297.83" y="151.54"/>
  <part name="5505024" x="343.93" y="198.68"/>
  <part name="5570560" x="290.65" y="226.63"/>
  <part name="5636096" x="385.13" y="224.03"/>
  <part name="5701632" x="343.74" y="152.39"/>
  <part name="5767168" x="344" y="168.36"/>
  <part name="5832704" x="344.5" y="184.12"/>
  <part name="5898240" x="316.86" y="238.57"/>
  <part name="5963776" x="314.69" y="252.16"/>
  <part name="6029312" x="361.99" y="253.97"/>
  <part name="6094848" x="361.73" y="240.45"/>
  <part name="6160384" x="307.92" y="243.84"/>
  <part name="6225920" x="328.7" y="245"/>
  <part name="6291456" x="338.31" y="246.25"/>
  <part name="6356992" x="347.93" y="245.54"/>
  <part name="6422528" x="369.04" y="245.47"/>
  <part name="6488064" x="347.88" y="244.09"/>
  <part name="6553600" x="338.32" y="244.82"/>
  <part name="6619136" x="328.78" y="243.58"/>
 </box>
</image>
