<image file="brahmandanam.jpg">
 <width>220.85</width>
 <height>220.85</height>
 <x>333.63</x>
 <y>181.91</y>
 <angle>-0.8523</angle>
 <uid>827e0c8e-2780-11e7-9f36-0cc47a6c4dbd</uid>
 <box height="258" width="223" top="217" left="76">
  <part x="294.92" y="151.53" name="512"/>
  <part x="378.37" y="155.24" name="768"/>
  <part x="275.7" y="151.89" name="1024"/>
  <part x="395.69" y="156.32" name="1280"/>
  <part x="313.94" y="153.48" name="1536"/>
  <part x="361.16" y="156.1" name="1792"/>
  <part x="298.29" y="241.11" name="2048"/>
  <part x="370.19" y="243.46" name="2304"/>
  <part x="340.31" y="206.06" name="2560"/>
  <part x="333.99" y="242.93" name="2816"/>
  <part x="291.22" y="130.77" name="3072"/>
  <part x="315.31" y="134.29" name="3328"/>
  <part x="267.98" y="136.58" name="3584"/>
  <part x="384.35" y="129.29" name="3840"/>
  <part x="363.65" y="134.36" name="4096"/>
  <part x="403.27" y="132.01" name="4352"/>
  <part x="332.25" y="306.25" name="4608"/>
  <part x="227" y="219.6" name="4864"/>
  <part x="420.06" y="216.04" name="5120"/>
  <part x="311.93" y="204.18" name="5376"/>
  <part x="361.72" y="206.53" name="5632"/>
  <part x="235.78" y="225.68" name="65536"/>
  <part x="242.42" y="249.87" name="131072"/>
  <part x="254.13" y="271.2" name="196608"/>
  <part x="271.64" y="288.77" name="262144"/>
  <part x="292.88" y="302.38" name="327680"/>
  <part x="316.5" y="312.15" name="393216"/>
  <part x="341.65" y="314.54" name="458752"/>
  <part x="364.85" y="309.37" name="524288"/>
  <part x="382.92" y="295.79" name="589824"/>
  <part x="397.7" y="278.92" name="655360"/>
  <part x="408.71" y="259.38" name="720896"/>
  <part x="415.4" y="238.05" name="786432"/>
  <part x="418.83" y="215.85" name="851968"/>
  <part x="419.89" y="193.54" name="917504"/>
  <part x="419.51" y="170.56" name="983040"/>
  <part x="420.01" y="148.43" name="1048576"/>
  <part x="420.5" y="126.29" name="1114112"/>
  <part x="412.97" y="112.2" name="1179648"/>
  <part x="405.43" y="98.1" name="1245184"/>
  <part x="382.9" y="96.42" name="1310720"/>
  <part x="359.52" y="96" name="1376256"/>
  <part x="334.74" y="96.15" name="1441792"/>
  <part x="307.76" y="97.34" name="1507328"/>
  <part x="281.62" y="99.25" name="1572864"/>
  <part x="256.6" y="102.54" name="1638400"/>
  <part x="246.38" y="116.89" name="1703936"/>
  <part x="236.15" y="131.25" name="1769472"/>
  <part x="232.61" y="152.93" name="1835008"/>
  <part x="229.08" y="174.61" name="1900544"/>
  <part x="231.77" y="200.69" name="1966080"/>
  <part x="397.81" y="157.59" name="2031616"/>
  <part x="388.64" y="161.53" name="2097152"/>
  <part x="381.04" y="161.57" name="2162688"/>
  <part x="374.98" y="161.38" name="2228224"/>
  <part x="363.81" y="157.94" name="2293760"/>
  <part x="374.56" y="150.94" name="2359296"/>
  <part x="381.25" y="149.26" name="2424832"/>
  <part x="388.54" y="151.04" name="2490368"/>
  <part x="278.85" y="153.47" name="2555904"/>
  <part x="290.81" y="148.54" name="2621440"/>
  <part x="297.72" y="144.8" name="2686976"/>
  <part x="305.86" y="149.21" name="2752512"/>
  <part x="316.85" y="156.2" name="2818048"/>
  <part x="304.8" y="159.16" name="2883584"/>
  <part x="296.94" y="158.55" name="2949120"/>
  <part x="290.07" y="158.4" name="3014656"/>
  <part x="369.51" y="134.89" name="3080192"/>
  <part x="377.29" y="126.51" name="3145728"/>
  <part x="391.99" y="123.36" name="3211264"/>
  <part x="404.83" y="125.78" name="3276800"/>
  <part x="412.1" y="134.89" name="3342336"/>
  <part x="402.49" y="133.35" name="3407872"/>
  <part x="392.15" y="132.27" name="3473408"/>
  <part x="380.88" y="134.53" name="3538944"/>
  <part x="320.25" y="137.08" name="3604480"/>
  <part x="311.81" y="128.16" name="3670016"/>
  <part x="295.34" y="125.01" name="3735552"/>
  <part x="280.49" y="128.07" name="3801088"/>
  <part x="271.62" y="138.94" name="3866624"/>
  <part x="283.22" y="136.51" name="3932160"/>
  <part x="295.13" y="134.92" name="3997696"/>
  <part x="307.86" y="137.23" name="4063232"/>
  <part x="301.96" y="242.55" name="4128768"/>
  <part x="330.7" y="236.38" name="4194304"/>
  <part x="340.36" y="239.15" name="4259840"/>
  <part x="349.99" y="237.23" name="4325376"/>
  <part x="374.19" y="245.08" name="4390912"/>
  <part x="350.82" y="259.33" name="4456448"/>
  <part x="338.94" y="260.39" name="4521984"/>
  <part x="326.86" y="258.4" name="4587520"/>
  <part x="328.62" y="154.97" name="4653056"/>
  <part x="323.53" y="183.16" name="4718592"/>
  <part x="313.65" y="197.69" name="4784128"/>
  <part x="318.16" y="208.25" name="4849664"/>
  <part x="329.68" y="210.26" name="4915200"/>
  <part x="343.47" y="216.74" name="4980736"/>
  <part x="357.48" y="210.91" name="5046272"/>
  <part x="368.68" y="209.41" name="5111808"/>
  <part x="368.07" y="198.56" name="5177344"/>
  <part x="358.69" y="183.67" name="5242880"/>
  <part x="354.01" y="155.33" name="5308416"/>
  <part x="379.25" y="155.59" name="5373952"/>
  <part x="297.83" y="151.54" name="5439488"/>
  <part x="343.93" y="198.68" name="5505024"/>
  <part x="290.65" y="226.63" name="5570560"/>
  <part x="385.13" y="224.03" name="5636096"/>
  <part x="343.74" y="152.39" name="5701632"/>
  <part x="344" y="168.36" name="5767168"/>
  <part x="344.5" y="184.12" name="5832704"/>
  <part x="316.86" y="238.57" name="5898240"/>
  <part x="314.69" y="252.16" name="5963776"/>
  <part x="361.99" y="253.97" name="6029312"/>
  <part x="361.73" y="240.45" name="6094848"/>
  <part x="307.92" y="243.84" name="6160384"/>
  <part x="328.7" y="245" name="6225920"/>
  <part x="338.31" y="246.25" name="6291456"/>
  <part x="347.93" y="245.54" name="6356992"/>
  <part x="369.04" y="245.47" name="6422528"/>
  <part x="347.88" y="244.09" name="6488064"/>
  <part x="338.32" y="244.82" name="6553600"/>
  <part x="328.78" y="243.58" name="6619136"/>
 </box>
</image>
