<BetafaceImageInfoResponse xmlns:i="http://www.w3.org/2001/XMLSchema-instance"><int_response>0</int_response><string_response>ok</string_response><checksum>0aa19a40e1a75d3edbd481432f223b9ac921250e894d4862a046170a67a38427</checksum><faces><FaceInfo><angle>-0.8523</angle><height>220.85</height><image_uid>fff848f6-df6b-4a02-a07a-18344f80c6f2</image_uid><person_name/><points><PointInfo><name>basic eye left</name><type>512</type><x>295.24</x><y>152.11</y></PointInfo><PointInfo><name>basic eye right</name><type>768</type><x>378.69</x><y>155.82</y></PointInfo><PointInfo><name>basic eye left outer</name><type>1024</type><x>276.02</x><y>152.47</y></PointInfo><PointInfo><name>basic eye right outer</name><type>1280</type><x>396.01</x><y>156.9</y></PointInfo><PointInfo><name>basic eye left inner</name><type>1536</type><x>314.26</x><y>154.06</y></PointInfo><PointInfo><name>basic eye right inner</name><type>1792</type><x>361.48</x><y>156.68</y></PointInfo><PointInfo><name>basic mouth left</name><type>2048</type><x>298.61</x><y>241.69</y></PointInfo><PointInfo><name>basic mouth right</name><type>2304</type><x>370.51</x><y>244.04</y></PointInfo><PointInfo><name>basic nose tip</name><type>2560</type><x>340.63</x><y>206.64</y></PointInfo><PointInfo><name>basic mouth center</name><type>2816</type><x>334.31</x><y>243.51</y></PointInfo><PointInfo><name>basic eyebrow left</name><type>3072</type><x>291.54</x><y>131.35</y></PointInfo><PointInfo><name>basic eyebrow left inner corner</name><type>3328</type><x>315.63</x><y>134.87</y></PointInfo><PointInfo><name>basic eyebrow left outer corner</name><type>3584</type><x>268.3</x><y>137.16</y></PointInfo><PointInfo><name>basic eyebrow right</name><type>3840</type><x>384.67</x><y>129.87</y></PointInfo><PointInfo><name>basic eyebrow right inner corner</name><type>4096</type><x>363.97</x><y>134.94</y></PointInfo><PointInfo><name>basic eyebrow right outer corner</name><type>4352</type><x>403.59</x><y>132.59</y></PointInfo><PointInfo><name>basic chin bottom</name><type>4608</type><x>332.57</x><y>306.83</y></PointInfo><PointInfo><name>basic chin left</name><type>4864</type><x>227.32</x><y>220.18</y></PointInfo><PointInfo><name>basic chin right</name><type>5120</type><x>420.38</x><y>216.62</y></PointInfo><PointInfo><name>basic nose left</name><type>5376</type><x>312.25</x><y>204.76</y></PointInfo><PointInfo><name>basic nose right</name><type>5632</type><x>362.04</x><y>207.11</y></PointInfo><PointInfo><name>chin ear left</name><type>65536</type><x>236.1</x><y>226.26</y></PointInfo><PointInfo><name>chin left 1</name><type>131072</type><x>242.74</x><y>250.45</y></PointInfo><PointInfo><name>chin left 2</name><type>196608</type><x>254.45</x><y>271.78</y></PointInfo><PointInfo><name>chin left 3</name><type>262144</type><x>271.96</x><y>289.35</y></PointInfo><PointInfo><name>chin left 4</name><type>327680</type><x>293.2</x><y>302.96</y></PointInfo><PointInfo><name>chin left 5</name><type>393216</type><x>316.82</x><y>312.73</y></PointInfo><PointInfo><name>chin bottom</name><type>458752</type><x>341.97</x><y>315.12</y></PointInfo><PointInfo><name>chin right 5</name><type>524288</type><x>365.17</x><y>309.95</y></PointInfo><PointInfo><name>chin right 4</name><type>589824</type><x>383.24</x><y>296.37</y></PointInfo><PointInfo><name>chin right 3</name><type>655360</type><x>398.02</x><y>279.5</y></PointInfo><PointInfo><name>chin right 2</name><type>720896</type><x>409.03</x><y>259.96</y></PointInfo><PointInfo><name>chin right 1</name><type>786432</type><x>415.72</x><y>238.63</y></PointInfo><PointInfo><name>chin ear right</name><type>851968</type><x>419.15</x><y>216.43</y></PointInfo><PointInfo><name>temple right 4</name><type>917504</type><x>420.21</x><y>194.12</y></PointInfo><PointInfo><name>temple right 3</name><type>983040</type><x>419.83</x><y>171.14</y></PointInfo><PointInfo><name>temple right 2</name><type>1048576</type><x>420.33</x><y>149.01</y></PointInfo><PointInfo><name>temple right 1</name><type>1114112</type><x>420.82</x><y>126.87</y></PointInfo><PointInfo><name>temple right</name><type>1179648</type><x>413.29</x><y>112.78</y></PointInfo><PointInfo><name>forehead right</name><type>1245184</type><x>405.75</x><y>98.68</y></PointInfo><PointInfo><name>forehead 4</name><type>1310720</type><x>383.22</x><y>97</y></PointInfo><PointInfo><name>forehead 3</name><type>1376256</type><x>359.84</x><y>96.58</y></PointInfo><PointInfo><name>forehead middle</name><type>1441792</type><x>335.06</x><y>96.73</y></PointInfo><PointInfo><name>forehead 2</name><type>1507328</type><x>308.08</x><y>97.92</y></PointInfo><PointInfo><name>forehead 1</name><type>1572864</type><x>281.94</x><y>99.83</y></PointInfo><PointInfo><name>forehead left</name><type>1638400</type><x>256.92</x><y>103.12</y></PointInfo><PointInfo><name>temple left</name><type>1703936</type><x>246.7</x><y>117.47</y></PointInfo><PointInfo><name>temple left 1</name><type>1769472</type><x>236.47</x><y>131.83</y></PointInfo><PointInfo><name>temple left 2</name><type>1835008</type><x>232.93</x><y>153.51</y></PointInfo><PointInfo><name>temple left 3</name><type>1900544</type><x>229.4</x><y>175.19</y></PointInfo><PointInfo><name>temple left 4</name><type>1966080</type><x>232.09</x><y>201.27</y></PointInfo><PointInfo><name>eye right outer</name><type>2031616</type><x>398.13</x><y>158.17</y></PointInfo><PointInfo><name>eye right bottom outer</name><type>2097152</type><x>388.96</x><y>162.11</y></PointInfo><PointInfo><name>eye right bottom</name><type>2162688</type><x>381.36</x><y>162.15</y></PointInfo><PointInfo><name>eye right bottom inner</name><type>2228224</type><x>375.3</x><y>161.96</y></PointInfo><PointInfo><name>eye right inner</name><type>2293760</type><x>364.13</x><y>158.52</y></PointInfo><PointInfo><name>eye right top inner</name><type>2359296</type><x>374.88</x><y>151.52</y></PointInfo><PointInfo><name>eye right top</name><type>2424832</type><x>381.57</x><y>149.84</y></PointInfo><PointInfo><name>eye right top outer</name><type>2490368</type><x>388.86</x><y>151.62</y></PointInfo><PointInfo><name>eye left outer</name><type>2555904</type><x>279.17</x><y>154.05</y></PointInfo><PointInfo><name>eye left top outer</name><type>2621440</type><x>291.13</x><y>149.12</y></PointInfo><PointInfo><name>eye left top</name><type>2686976</type><x>298.04</x><y>145.38</y></PointInfo><PointInfo><name>eye left top inner</name><type>2752512</type><x>306.18</x><y>149.79</y></PointInfo><PointInfo><name>eye left inner</name><type>2818048</type><x>317.17</x><y>156.78</y></PointInfo><PointInfo><name>eye left bottom inner</name><type>2883584</type><x>305.12</x><y>159.74</y></PointInfo><PointInfo><name>eye left bottom</name><type>2949120</type><x>297.26</x><y>159.13</y></PointInfo><PointInfo><name>eye left bottom outer</name><type>3014656</type><x>290.39</x><y>158.98</y></PointInfo><PointInfo><name>eyebrow right inner</name><type>3080192</type><x>369.83</x><y>135.47</y></PointInfo><PointInfo><name>eyebrow right top inner</name><type>3145728</type><x>377.61</x><y>127.09</y></PointInfo><PointInfo><name>eyebrow right top</name><type>3211264</type><x>392.31</x><y>123.94</y></PointInfo><PointInfo><name>eyebrow right top outer</name><type>3276800</type><x>405.15</x><y>126.36</y></PointInfo><PointInfo><name>eyebrow right outer</name><type>3342336</type><x>412.42</x><y>135.47</y></PointInfo><PointInfo><name>eyebrow right bottom outer</name><type>3407872</type><x>402.81</x><y>133.93</y></PointInfo><PointInfo><name>eyebrow right botom</name><type>3473408</type><x>392.47</x><y>132.85</y></PointInfo><PointInfo><name>eyebrow rigth bottom inner</name><type>3538944</type><x>381.2</x><y>135.11</y></PointInfo><PointInfo><name>eyebrow left inner</name><type>3604480</type><x>320.57</x><y>137.66</y></PointInfo><PointInfo><name>eyebrow left top inner</name><type>3670016</type><x>312.13</x><y>128.74</y></PointInfo><PointInfo><name>eyebrow left top</name><type>3735552</type><x>295.66</x><y>125.59</y></PointInfo><PointInfo><name>eyebrow left top outer</name><type>3801088</type><x>280.81</x><y>128.65</y></PointInfo><PointInfo><name>eyebrow left outer</name><type>3866624</type><x>271.94</x><y>139.52</y></PointInfo><PointInfo><name>eyebrow left bottom outer</name><type>3932160</type><x>283.54</x><y>137.09</y></PointInfo><PointInfo><name>eyebrow left bottom</name><type>3997696</type><x>295.45</x><y>135.5</y></PointInfo><PointInfo><name>eyebrow left bottom inner</name><type>4063232</type><x>308.18</x><y>137.81</y></PointInfo><PointInfo><name>mouth left</name><type>4128768</type><x>302.28</x><y>243.13</y></PointInfo><PointInfo><name>mouth left top</name><type>4194304</type><x>331.02</x><y>236.96</y></PointInfo><PointInfo><name>mouth top</name><type>4259840</type><x>340.68</x><y>239.73</y></PointInfo><PointInfo><name>mouth right top</name><type>4325376</type><x>350.31</x><y>237.81</y></PointInfo><PointInfo><name>mouth right</name><type>4390912</type><x>374.51</x><y>245.66</y></PointInfo><PointInfo><name>mouth right bottom</name><type>4456448</type><x>351.14</x><y>259.91</y></PointInfo><PointInfo><name>mouth bottom</name><type>4521984</type><x>339.26</x><y>260.97</y></PointInfo><PointInfo><name>mouth left bottom</name><type>4587520</type><x>327.18</x><y>258.98</y></PointInfo><PointInfo><name>nose left top</name><type>4653056</type><x>328.94</x><y>155.55</y></PointInfo><PointInfo><name>nose left top inner</name><type>4718592</type><x>323.85</x><y>183.74</y></PointInfo><PointInfo><name>nose left top outer</name><type>4784128</type><x>313.97</x><y>198.27</y></PointInfo><PointInfo><name>nose left bottom outer</name><type>4849664</type><x>318.48</x><y>208.83</y></PointInfo><PointInfo><name>nose left bottom inner</name><type>4915200</type><x>330</x><y>210.84</y></PointInfo><PointInfo><name>nose bottom</name><type>4980736</type><x>343.79</x><y>217.32</y></PointInfo><PointInfo><name>nose right bottom inner</name><type>5046272</type><x>357.8</x><y>211.49</y></PointInfo><PointInfo><name>nose right bottom outer</name><type>5111808</type><x>369</x><y>209.99</y></PointInfo><PointInfo><name>nose right top outer</name><type>5177344</type><x>368.39</x><y>199.14</y></PointInfo><PointInfo><name>nose right top inner</name><type>5242880</type><x>359.01</x><y>184.25</y></PointInfo><PointInfo><name>nose right top</name><type>5308416</type><x>354.33</x><y>155.91</y></PointInfo><PointInfo><name>eye right iris</name><type>5373952</type><x>379.57</x><y>156.17</y></PointInfo><PointInfo><name>eye left iris</name><type>5439488</type><x>298.15</x><y>152.12</y></PointInfo><PointInfo><name>nose tip</name><type>5505024</type><x>344.25</x><y>199.26</y></PointInfo><PointInfo><name>cheekbone left</name><type>5570560</type><x>290.97</x><y>227.21</y></PointInfo><PointInfo><name>cheekbone right</name><type>5636096</type><x>385.45</x><y>224.61</y></PointInfo><PointInfo><name>nose bridge top</name><type>5701632</type><x>344.06</x><y>152.97</y></PointInfo><PointInfo><name>nose bridge middle</name><type>5767168</type><x>344.32</x><y>168.94</y></PointInfo><PointInfo><name>nose bridge bottom</name><type>5832704</type><x>344.82</x><y>184.7</y></PointInfo><PointInfo><name>mouth left top point 1</name><type>5898240</type><x>317.18</x><y>239.15</y></PointInfo><PointInfo><name>mouth left bottom point 1</name><type>5963776</type><x>315.01</x><y>252.74</y></PointInfo><PointInfo><name>mouth right bottom point 1</name><type>6029312</type><x>362.31</x><y>254.55</y></PointInfo><PointInfo><name>mouth right top point 1</name><type>6094848</type><x>362.05</x><y>241.03</y></PointInfo><PointInfo><name>mouth inner left</name><type>6160384</type><x>308.24</x><y>244.42</y></PointInfo><PointInfo><name>mouth inner left bottom</name><type>6225920</type><x>329.02</x><y>245.58</y></PointInfo><PointInfo><name>mouth inner bottom</name><type>6291456</type><x>338.63</x><y>246.83</y></PointInfo><PointInfo><name>mouth inner right bottom</name><type>6356992</type><x>348.25</x><y>246.12</y></PointInfo><PointInfo><name>mouth inner right</name><type>6422528</type><x>369.36</x><y>246.05</y></PointInfo><PointInfo><name>mouth inner right top</name><type>6488064</type><x>348.2</x><y>244.67</y></PointInfo><PointInfo><name>mouth inner top</name><type>6553600</type><x>338.64</x><y>245.4</y></PointInfo><PointInfo><name>mouth inner left top</name><type>6619136</type><x>329.1</x><y>244.16</y></PointInfo></points><score>1</score><tags><TagInfo><confidence>0.6</confidence><name>age</name><value>46</value></TagInfo><TagInfo><confidence>1</confidence><name>beard</name><value>no</value></TagInfo><TagInfo><confidence>1</confidence><name>expression</name><value>neutral</value></TagInfo><TagInfo><confidence>1</confidence><name>gender</name><value>male</value></TagInfo><TagInfo><confidence>1</confidence><name>glasses</name><value>no</value></TagInfo><TagInfo><confidence>1</confidence><name>mustache</name><value>no</value></TagInfo><TagInfo><confidence>1</confidence><name>race</name><value>white</value></TagInfo><TagInfo><confidence>1</confidence><name>chin size</name><value>average</value></TagInfo><TagInfo><confidence>0.18</confidence><name>color background</name><value>9b4a45</value></TagInfo><TagInfo><confidence>0.65</confidence><name>color clothes middle</name><value>ed874b</value></TagInfo><TagInfo><confidence>0.17</confidence><name>color clothes sides</name><value>ed884d</value></TagInfo><TagInfo><confidence>0.49</confidence><name>color eyes</name><value>664555</value></TagInfo><TagInfo><confidence>0.4</confidence><name>color hair</name><value>45322c</value></TagInfo><TagInfo><confidence>1</confidence><name>color skin</name><value>bb8983</value></TagInfo><TagInfo><confidence>1</confidence><name>eyebrows corners</name><value>average</value></TagInfo><TagInfo><confidence>1</confidence><name>eyebrows position</name><value>low</value></TagInfo><TagInfo><confidence>1</confidence><name>eyebrows size</name><value>extra thin</value></TagInfo><TagInfo><confidence>1</confidence><name>eyes corners</name><value>average</value></TagInfo><TagInfo><confidence>1</confidence><name>eyes distance</name><value>average</value></TagInfo><TagInfo><confidence>1</confidence><name>eyes position</name><value>low</value></TagInfo><TagInfo><confidence>1</confidence><name>eyes shape</name><value>extra round</value></TagInfo><TagInfo><confidence>1</confidence><name>glasses rim</name><value>no</value></TagInfo><TagInfo><confidence>1</confidence><name>hair beard</name><value>none</value></TagInfo><TagInfo><confidence>0.4</confidence><name>hair color type</name><value>brown</value></TagInfo><TagInfo><confidence>1</confidence><name>hair forehead</name><value>no</value></TagInfo><TagInfo><confidence>1</confidence><name>hair length</name><value>very short</value></TagInfo><TagInfo><confidence>1</confidence><name>hair mustache</name><value>none</value></TagInfo><TagInfo><confidence>1</confidence><name>hair sides</name><value>very thin</value></TagInfo><TagInfo><confidence>1</confidence><name>hair top</name><value>short</value></TagInfo><TagInfo><confidence>1</confidence><name>head shape</name><value>rect</value></TagInfo><TagInfo><confidence>1</confidence><name>head width</name><value>extra narrow</value></TagInfo><TagInfo><confidence>1</confidence><name>mouth corners</name><value>raised</value></TagInfo><TagInfo><confidence>1</confidence><name>mouth height</name><value>thin</value></TagInfo><TagInfo><confidence>1</confidence><name>mouth width</name><value>extra small</value></TagInfo><TagInfo><confidence>1</confidence><name>nose shape</name><value>extra straight</value></TagInfo><TagInfo><confidence>1</confidence><name>nose width</name><value>extra wide</value></TagInfo><TagInfo><confidence>1</confidence><name>teeth visible</name><value>yes</value></TagInfo></tags><uid>827e0c8e-2780-11e7-9f36-0cc47a6c4dbd</uid><user_points i:nil="true"/><width>220.85</width><x>333.63</x><y>181.91</y></FaceInfo></faces><original_filename>temp.jpg</original_filename><uid>fff848f6-df6b-4a02-a07a-18344f80c6f2</uid></BetafaceImageInfoResponse>