{"accessoryName":"48150000","imageInfo":{"imageName":"brahmandanam","originalSize":{"width":759,"height":422},"scaledSize":{"width":759,"height":422},"clientCropSize":{"width":197,"height":315},"gender":"male","skinColor":"e6b3b3","hairColor":"45322c","eyeColor":"664555"},"meshShapesList":[{"type":1,"name":"HEAD_MESH","textureName":"brahmandanam_FaceCrop.png","headPointsList":[{"type":0,"point":{"x":0.5038334,"y":-0.0017336407}},{"type":1,"point":{"x":0.3923326,"y":0.027364274}},{"type":2,"point":{"x":0.63807005,"y":0.036051825}},{"type":3,"point":{"x":0.27128273,"y":0.09825451}},{"type":4,"point":{"x":0.7344503,"y":0.09539411}},{"type":5,"point":{"x":0.22138362,"y":0.16367695}},{"type":6,"point":{"x":0.7842977,"y":0.15838887}},{"type":7,"point":{"x":0.20012967,"y":0.22227895}},{"type":8,"point":{"x":0.80991715,"y":0.23517996}},{"type":9,"point":{"x":0.19273613,"y":0.289054}},{"type":10,"point":{"x":0.8132321,"y":0.30182716}},{"type":11,"point":{"x":0.19920291,"y":0.36400202}},{"type":12,"point":{"x":0.80291873,"y":0.37623483}},{"type":13,"point":{"x":0.21121429,"y":0.41850793}},{"type":14,"point":{"x":0.7964524,"y":0.4027619}},{"type":15,"point":{"x":0.19997616,"y":0.48733333}},{"type":16,"point":{"x":0.7948968,"y":0.4730476}},{"type":17,"point":{"x":0.18876982,"y":0.5561587}},{"type":18,"point":{"x":0.7933095,"y":0.5433016}},{"type":19,"point":{"x":0.19730951,"y":0.6389524}},{"type":20,"point":{"x":0.79451585,"y":0.616254}},{"type":21,"point":{"x":0.2100397,"y":0.7182857}},{"type":22,"point":{"x":0.7911508,"y":0.68707937}},{"type":23,"point":{"x":0.23111907,"y":0.79507935}},{"type":24,"point":{"x":0.78026193,"y":0.7575556}},{"type":25,"point":{"x":0.26829365,"y":0.8627937}},{"type":26,"point":{"x":0.7590238,"y":0.8252698}},{"type":27,"point":{"x":0.3238809,"y":0.9185715}},{"type":28,"point":{"x":0.7240714,"y":0.8873016}},{"type":29,"point":{"x":0.39130956,"y":0.96177775}},{"type":30,"point":{"x":0.6197858,"y":0.9839683}},{"type":31,"point":{"x":0.54613495,"y":1.000381}}],"texturePointList":[]},{"type":2,"name":"EYE_LEFT_MESH","clientCropRect":{"x":50,"y":145,"w":38,"h":14},"headPointsList":[{"type":32,"point":{"x":0.34676987,"y":0.48904765}},{"type":33,"point":{"x":0.4674048,"y":0.49771428}},{"type":34,"point":{"x":0.40667462,"y":0.46152383}},{"type":35,"point":{"x":0.40419847,"y":0.50517464}},{"type":36,"point":{"x":0.4070238,"y":0.48292062}}],"texturePointList":[{"point":{"x":0.36523438,"y":0.5302439},"type":0},{"point":{"x":0.5913086,"y":0.3209756},"type":2},{"point":{"x":0.8173828,"y":0.5302439},"type":1},{"point":{"x":0.5913086,"y":0.7395122},"type":3}]},{"type":3,"name":"EYE_RIGHT_MESH","clientCropRect":{"x":133,"y":149,"w":38,"h":13},"headPointsList":[{"type":37,"point":{"x":0.7307699,"y":0.490254}},{"type":38,"point":{"x":0.61013496,"y":0.49136513}},{"type":41,"point":{"x":0.66550004,"y":0.4957778}},{"type":39,"point":{"x":0.67184925,"y":0.46152383}},{"type":40,"point":{"x":0.6711825,"y":0.50517464}}],"texturePointList":[{"point":{"x":0.18164062,"y":0.5302439},"type":5},{"point":{"x":0.40771484,"y":0.3209756},"type":6},{"point":{"x":0.63378906,"y":0.5302439},"type":4},{"point":{"x":0.40771484,"y":0.7395122},"type":7}]},{"type":4,"name":"EYEBROW_LEFT_MESH","clientCropRect":{"x":42,"y":125,"w":49,"h":14},"headPointsList":[{"type":42,"point":{"x":0.3238175,"y":0.44292066}},{"type":43,"point":{"x":0.47819844,"y":0.4370159}},{"type":44,"point":{"x":0.39911908,"y":0.39869842}},{"type":45,"point":{"x":0.3984524,"y":0.43015873}}],"texturePointList":[{"point":{"x":0.37402344,"y":0.61083984},"type":8},{"point":{"x":0.6113281,"y":0.55371094},"type":10},{"point":{"x":0.8486328,"y":0.61083984},"type":9},{"point":{"x":0.6113281,"y":0.66796875},"type":11}]},{"type":5,"name":"EYEBROW_RIGHT_MESH","clientCropRect":{"x":137,"y":123,"w":49,"h":14},"headPointsList":[{"type":46,"point":{"x":0.77937305,"y":0.43688887}},{"type":47,"point":{"x":0.6249921,"y":0.43688887}},{"type":48,"point":{"x":0.7059444,"y":0.39869842}},{"type":49,"point":{"x":0.70645237,"y":0.43015873}}],"texturePointList":[{"point":{"x":0.15039062,"y":0.61083984},"type":13},{"point":{"x":0.3876953,"y":0.55371094},"type":14},{"point":{"x":0.625,"y":0.61083984},"type":12},{"point":{"x":0.3876953,"y":0.66796875},"type":15}]},{"type":6,"name":"MOUTH_MESH","clientCropRect":{"x":73,"y":236,"w":72,"h":24},"headPointsList":[{"type":50,"point":{"x":0.4201349,"y":0.7718413}},{"type":51,"point":{"x":0.64943653,"y":0.779873}},{"type":52,"point":{"x":0.54203963,"y":0.752254}},{"type":53,"point":{"x":0.5375318,"y":0.8284762}}],"texturePointList":[{"point":{"x":0.31835938,"y":0.45410156},"type":16},{"point":{"x":0.50146484,"y":0.3798828},"type":18},{"point":{"x":0.6845703,"y":0.45410156},"type":17},{"point":{"x":0.50146484,"y":0.5283203},"type":19}]},{"type":7,"name":"NOSE_MESH","textureName":"brahmandanam_NoseCrop.png","headPointsList":[],"texturePointList":[]},{"type":8,"name":"EAR_MESH","headPointsList":[],"texturePointList":[]}]}