<image file="Angelina.jpg">
 <width>473.45</width>
 <height>473.45</height>
 <x>211.71</x>
 <y>327.71</y>
 <angle>-0.4818</angle>
 <uid>24581d77-6c7d-11e7-9c43-0cc47a6c4dbd</uid>
 <box height="515" width="419" left="140" top="3">
  <part name="512" x="125.8" y="293.96"/>
  <part name="768" x="323.86" y="298.47"/>
  <part name="1024" x="85.8" y="297.81"/>
  <part name="1280" x="360.19" y="301.59"/>
  <part name="1536" x="171.18" y="300.3"/>
  <part name="1792" x="284" y="302.67"/>
  <part name="2048" x="152.74" y="492.51"/>
  <part name="2304" x="301.36" y="490.02"/>
  <part name="2560" x="229.78" y="393.96"/>
  <part name="2816" x="226.43" y="490.42"/>
  <part name="3072" x="108.03" y="225.57"/>
  <part name="3328" x="168" y="236.39"/>
  <part name="3584" x="57.99" y="245.62"/>
  <part name="3840" x="341.64" y="225.85"/>
  <part name="4096" x="283.17" y="240.49"/>
  <part name="4352" x="385.35" y="245.96"/>
  <part name="4608" x="208.34" y="623.06"/>
  <part name="4864" x="20.88" y="437.87"/>
  <part name="5120" x="405.17" y="437.33"/>
  <part name="5376" x="187.55" y="411.73"/>
  <part name="5632" x="269.2" y="414.71"/>
  <part name="65536" x="16.78" y="444.96"/>
  <part name="131072" x="29.68" y="494.59"/>
  <part name="196608" x="51.72" y="539.14"/>
  <part name="262144" x="85.16" y="576.72"/>
  <part name="327680" x="126.67" y="606.5"/>
  <part name="393216" x="174.02" y="628.68"/>
  <part name="458752" x="226.8" y="635.3"/>
  <part name="524288" x="278.11" y="626.59"/>
  <part name="589824" x="321.13" y="601.45"/>
  <part name="655360" x="357.49" y="569.06"/>
  <part name="720896" x="385.63" y="529.9"/>
  <part name="786432" x="403.57" y="485.41"/>
  <part name="851968" x="413.9" y="437.52"/>
  <part name="917504" x="419.75" y="388.52"/>
  <part name="983040" x="422.93" y="336.18"/>
  <part name="1048576" x="417.64" y="285.19"/>
  <part name="1114112" x="412.35" y="234.2"/>
  <part name="1179648" x="393.5" y="201.79"/>
  <part name="1245184" x="374.65" y="169.38"/>
  <part name="1310720" x="327.08" y="164.3"/>
  <part name="1376256" x="278.19" y="161.67"/>
  <part name="1441792" x="225.63" y="160"/>
  <part name="1507328" x="166.78" y="160.69"/>
  <part name="1572864" x="109.8" y="162.92"/>
  <part name="1638400" x="54.28" y="168.01"/>
  <part name="1703936" x="33.04" y="200.86"/>
  <part name="1769472" x="11.8" y="233.7"/>
  <part name="1835008" x="7.4" y="286.13"/>
  <part name="1900544" x="3" y="338.56"/>
  <part name="1966080" x="8.54" y="393.61"/>
  <part name="2031616" x="363.42" y="303.62"/>
  <part name="2097152" x="342.19" y="311.93"/>
  <part name="2162688" x="326.99" y="311.1"/>
  <part name="2228224" x="315.04" y="310.52"/>
  <part name="2293760" x="289.74" y="302.83"/>
  <part name="2359296" x="314.92" y="288.39"/>
  <part name="2424832" x="327.8" y="284.82"/>
  <part name="2490368" x="342.4" y="289.71"/>
  <part name="2555904" x="89.86" y="296.27"/>
  <part name="2621440" x="114.42" y="282.93"/>
  <part name="2686976" x="128.55" y="276.91"/>
  <part name="2752512" x="148.05" y="281.87"/>
  <part name="2818048" x="171.43" y="297.37"/>
  <part name="2883584" x="147.31" y="304.5"/>
  <part name="2949120" x="128.28" y="305.08"/>
  <part name="3014656" x="114.45" y="305.37"/>
  <part name="3080192" x="287.74" y="242.42"/>
  <part name="3145728" x="306.24" y="221.55"/>
  <part name="3211264" x="343.74" y="213.68"/>
  <part name="3276800" x="376.21" y="221.14"/>
  <part name="3342336" x="394.02" y="246.31"/>
  <part name="3407872" x="369.13" y="239.62"/>
  <part name="3473408" x="343.25" y="236.29"/>
  <part name="3538944" x="315.29" y="242.03"/>
  <part name="3604480" x="184.13" y="243.49"/>
  <part name="3670016" x="165.32" y="221.73"/>
  <part name="3735552" x="126.27" y="212.94"/>
  <part name="3801088" x="90.77" y="219.83"/>
  <part name="3866624" x="69.26" y="246.33"/>
  <part name="3932160" x="97.3" y="239.54"/>
  <part name="3997696" x="125.47" y="236.37"/>
  <part name="4063232" x="155.28" y="242.97"/>
  <part name="4128768" x="158.19" y="495.39"/>
  <part name="4194304" x="214.42" y="464.9"/>
  <part name="4259840" x="235.81" y="469.83"/>
  <part name="4325376" x="256.65" y="464.73"/>
  <part name="4390912" x="309" y="493.76"/>
  <part name="4456448" x="261.18" y="528.63"/>
  <part name="4521984" x="235.09" y="532.17"/>
  <part name="4587520" x="208.29" y="529.11"/>
  <part name="4653056" x="206.99" y="305.26"/>
  <part name="4718592" x="195.85" y="362.33"/>
  <part name="4784128" x="175.55" y="391.29"/>
  <part name="4849664" x="191.18" y="416.02"/>
  <part name="4915200" x="209.36" y="409.87"/>
  <part name="4980736" x="231.2" y="421.63"/>
  <part name="5046272" x="253.93" y="410.94"/>
  <part name="5111808" x="271.94" y="418.22"/>
  <part name="5177344" x="282.45" y="393.95"/>
  <part name="5242880" x="263.66" y="363.97"/>
  <part name="5308416" x="254.93" y="306.39"/>
  <part name="5373952" x="324.21" y="298.95"/>
  <part name="5439488" x="135.23" y="295.23"/>
  <part name="5505024" x="231.19" y="386.08"/>
  <part name="5570560" x="118.64" y="440.82"/>
  <part name="5636096" x="327.19" y="442.23"/>
  <part name="5701632" x="233.26" y="287.74"/>
  <part name="5767168" x="233.36" y="321.05"/>
  <part name="5832704" x="233.72" y="353.93"/>
  <part name="5898240" x="184.78" y="476.38"/>
  <part name="5963776" x="181.76" y="516.44"/>
  <part name="6029312" x="284.42" y="515.44"/>
  <part name="6094848" x="282.56" y="475.82"/>
  <part name="6160384" x="173.87" y="495.72"/>
  <part name="6225920" x="215.61" y="491.23"/>
  <part name="6291456" x="235.48" y="492.67"/>
  <part name="6356992" x="255.3" y="490.69"/>
  <part name="6422528" x="298.96" y="493.57"/>
  <part name="6488064" x="255.12" y="488.46"/>
  <part name="6553600" x="235.37" y="490.49"/>
  <part name="6619136" x="215.56" y="489.13"/>
 </box>
</image>
