<BetafaceImageInfoResponse xmlns:i="http://www.w3.org/2001/XMLSchema-instance"><int_response>0</int_response><string_response>ok</string_response><checksum>4977ce728a08c8b675b24671fa0845623c5634488897042cd846884ce1ccb1a5</checksum><faces><FaceInfo><angle>-0.4818</angle><height>473.45</height><image_uid>5e911015-9f83-42a9-b0f0-936ec30a0217</image_uid><person_name/><points><PointInfo><name>basic eye left</name><type>512</type><x>126.43</x><y>294.79</y></PointInfo><PointInfo><name>basic eye right</name><type>768</type><x>324.49</x><y>299.3</y></PointInfo><PointInfo><name>basic eye left outer</name><type>1024</type><x>86.43</x><y>298.64</y></PointInfo><PointInfo><name>basic eye right outer</name><type>1280</type><x>360.82</x><y>302.42</y></PointInfo><PointInfo><name>basic eye left inner</name><type>1536</type><x>171.81</x><y>301.13</y></PointInfo><PointInfo><name>basic eye right inner</name><type>1792</type><x>284.63</x><y>303.5</y></PointInfo><PointInfo><name>basic mouth left</name><type>2048</type><x>153.37</x><y>493.34</y></PointInfo><PointInfo><name>basic mouth right</name><type>2304</type><x>301.99</x><y>490.85</y></PointInfo><PointInfo><name>basic nose tip</name><type>2560</type><x>230.41</x><y>394.79</y></PointInfo><PointInfo><name>basic mouth center</name><type>2816</type><x>227.06</x><y>491.25</y></PointInfo><PointInfo><name>basic eyebrow left</name><type>3072</type><x>108.66</x><y>226.4</y></PointInfo><PointInfo><name>basic eyebrow left inner corner</name><type>3328</type><x>168.63</x><y>237.22</y></PointInfo><PointInfo><name>basic eyebrow left outer corner</name><type>3584</type><x>58.62</x><y>246.45</y></PointInfo><PointInfo><name>basic eyebrow right</name><type>3840</type><x>342.27</x><y>226.68</y></PointInfo><PointInfo><name>basic eyebrow right inner corner</name><type>4096</type><x>283.8</x><y>241.32</y></PointInfo><PointInfo><name>basic eyebrow right outer corner</name><type>4352</type><x>385.98</x><y>246.79</y></PointInfo><PointInfo><name>basic chin bottom</name><type>4608</type><x>208.97</x><y>623.89</y></PointInfo><PointInfo><name>basic chin left</name><type>4864</type><x>21.51</x><y>438.7</y></PointInfo><PointInfo><name>basic chin right</name><type>5120</type><x>405.8</x><y>438.16</y></PointInfo><PointInfo><name>basic nose left</name><type>5376</type><x>188.18</x><y>412.56</y></PointInfo><PointInfo><name>basic nose right</name><type>5632</type><x>269.83</x><y>415.54</y></PointInfo><PointInfo><name>chin ear left</name><type>65536</type><x>17.41</x><y>445.79</y></PointInfo><PointInfo><name>chin left 1</name><type>131072</type><x>30.31</x><y>495.42</y></PointInfo><PointInfo><name>chin left 2</name><type>196608</type><x>52.35</x><y>539.97</y></PointInfo><PointInfo><name>chin left 3</name><type>262144</type><x>85.79</x><y>577.55</y></PointInfo><PointInfo><name>chin left 4</name><type>327680</type><x>127.3</x><y>607.33</y></PointInfo><PointInfo><name>chin left 5</name><type>393216</type><x>174.65</x><y>629.51</y></PointInfo><PointInfo><name>chin bottom</name><type>458752</type><x>227.43</x><y>636.13</y></PointInfo><PointInfo><name>chin right 5</name><type>524288</type><x>278.74</x><y>627.42</y></PointInfo><PointInfo><name>chin right 4</name><type>589824</type><x>321.76</x><y>602.28</y></PointInfo><PointInfo><name>chin right 3</name><type>655360</type><x>358.12</x><y>569.89</y></PointInfo><PointInfo><name>chin right 2</name><type>720896</type><x>386.26</x><y>530.73</y></PointInfo><PointInfo><name>chin right 1</name><type>786432</type><x>404.2</x><y>486.24</y></PointInfo><PointInfo><name>chin ear right</name><type>851968</type><x>414.53</x><y>438.35</y></PointInfo><PointInfo><name>temple right 4</name><type>917504</type><x>420.38</x><y>389.35</y></PointInfo><PointInfo><name>temple right 3</name><type>983040</type><x>423.56</x><y>337.01</y></PointInfo><PointInfo><name>temple right 2</name><type>1048576</type><x>418.27</x><y>286.02</y></PointInfo><PointInfo><name>temple right 1</name><type>1114112</type><x>412.98</x><y>235.03</y></PointInfo><PointInfo><name>temple right</name><type>1179648</type><x>394.13</x><y>202.62</y></PointInfo><PointInfo><name>forehead right</name><type>1245184</type><x>375.28</x><y>170.21</y></PointInfo><PointInfo><name>forehead 4</name><type>1310720</type><x>327.71</x><y>165.13</y></PointInfo><PointInfo><name>forehead 3</name><type>1376256</type><x>278.82</x><y>162.5</y></PointInfo><PointInfo><name>forehead middle</name><type>1441792</type><x>226.26</x><y>160.83</y></PointInfo><PointInfo><name>forehead 2</name><type>1507328</type><x>167.41</x><y>161.52</y></PointInfo><PointInfo><name>forehead 1</name><type>1572864</type><x>110.43</x><y>163.75</y></PointInfo><PointInfo><name>forehead left</name><type>1638400</type><x>54.91</x><y>168.84</y></PointInfo><PointInfo><name>temple left</name><type>1703936</type><x>33.67</x><y>201.69</y></PointInfo><PointInfo><name>temple left 1</name><type>1769472</type><x>12.43</x><y>234.53</y></PointInfo><PointInfo><name>temple left 2</name><type>1835008</type><x>8.03</x><y>286.96</y></PointInfo><PointInfo><name>temple left 3</name><type>1900544</type><x>3.63</x><y>339.39</y></PointInfo><PointInfo><name>temple left 4</name><type>1966080</type><x>9.17</x><y>394.44</y></PointInfo><PointInfo><name>eye right outer</name><type>2031616</type><x>364.05</x><y>304.45</y></PointInfo><PointInfo><name>eye right bottom outer</name><type>2097152</type><x>342.82</x><y>312.76</y></PointInfo><PointInfo><name>eye right bottom</name><type>2162688</type><x>327.62</x><y>311.93</y></PointInfo><PointInfo><name>eye right bottom inner</name><type>2228224</type><x>315.67</x><y>311.35</y></PointInfo><PointInfo><name>eye right inner</name><type>2293760</type><x>290.37</x><y>303.66</y></PointInfo><PointInfo><name>eye right top inner</name><type>2359296</type><x>315.55</x><y>289.22</y></PointInfo><PointInfo><name>eye right top</name><type>2424832</type><x>328.43</x><y>285.65</y></PointInfo><PointInfo><name>eye right top outer</name><type>2490368</type><x>343.03</x><y>290.54</y></PointInfo><PointInfo><name>eye left outer</name><type>2555904</type><x>90.49</x><y>297.1</y></PointInfo><PointInfo><name>eye left top outer</name><type>2621440</type><x>115.05</x><y>283.76</y></PointInfo><PointInfo><name>eye left top</name><type>2686976</type><x>129.18</x><y>277.74</y></PointInfo><PointInfo><name>eye left top inner</name><type>2752512</type><x>148.68</x><y>282.7</y></PointInfo><PointInfo><name>eye left inner</name><type>2818048</type><x>172.06</x><y>298.2</y></PointInfo><PointInfo><name>eye left bottom inner</name><type>2883584</type><x>147.94</x><y>305.33</y></PointInfo><PointInfo><name>eye left bottom</name><type>2949120</type><x>128.91</x><y>305.91</y></PointInfo><PointInfo><name>eye left bottom outer</name><type>3014656</type><x>115.08</x><y>306.2</y></PointInfo><PointInfo><name>eyebrow right inner</name><type>3080192</type><x>288.37</x><y>243.25</y></PointInfo><PointInfo><name>eyebrow right top inner</name><type>3145728</type><x>306.87</x><y>222.38</y></PointInfo><PointInfo><name>eyebrow right top</name><type>3211264</type><x>344.37</x><y>214.51</y></PointInfo><PointInfo><name>eyebrow right top outer</name><type>3276800</type><x>376.84</x><y>221.97</y></PointInfo><PointInfo><name>eyebrow right outer</name><type>3342336</type><x>394.65</x><y>247.14</y></PointInfo><PointInfo><name>eyebrow right bottom outer</name><type>3407872</type><x>369.76</x><y>240.45</y></PointInfo><PointInfo><name>eyebrow right botom</name><type>3473408</type><x>343.88</x><y>237.12</y></PointInfo><PointInfo><name>eyebrow rigth bottom inner</name><type>3538944</type><x>315.92</x><y>242.86</y></PointInfo><PointInfo><name>eyebrow left inner</name><type>3604480</type><x>184.76</x><y>244.32</y></PointInfo><PointInfo><name>eyebrow left top inner</name><type>3670016</type><x>165.95</x><y>222.56</y></PointInfo><PointInfo><name>eyebrow left top</name><type>3735552</type><x>126.9</x><y>213.77</y></PointInfo><PointInfo><name>eyebrow left top outer</name><type>3801088</type><x>91.4</x><y>220.66</y></PointInfo><PointInfo><name>eyebrow left outer</name><type>3866624</type><x>69.89</x><y>247.16</y></PointInfo><PointInfo><name>eyebrow left bottom outer</name><type>3932160</type><x>97.93</x><y>240.37</y></PointInfo><PointInfo><name>eyebrow left bottom</name><type>3997696</type><x>126.1</x><y>237.2</y></PointInfo><PointInfo><name>eyebrow left bottom inner</name><type>4063232</type><x>155.91</x><y>243.8</y></PointInfo><PointInfo><name>mouth left</name><type>4128768</type><x>158.82</x><y>496.22</y></PointInfo><PointInfo><name>mouth left top</name><type>4194304</type><x>215.05</x><y>465.73</y></PointInfo><PointInfo><name>mouth top</name><type>4259840</type><x>236.44</x><y>470.66</y></PointInfo><PointInfo><name>mouth right top</name><type>4325376</type><x>257.28</x><y>465.56</y></PointInfo><PointInfo><name>mouth right</name><type>4390912</type><x>309.63</x><y>494.59</y></PointInfo><PointInfo><name>mouth right bottom</name><type>4456448</type><x>261.81</x><y>529.46</y></PointInfo><PointInfo><name>mouth bottom</name><type>4521984</type><x>235.72</x><y>533</y></PointInfo><PointInfo><name>mouth left bottom</name><type>4587520</type><x>208.92</x><y>529.94</y></PointInfo><PointInfo><name>nose left top</name><type>4653056</type><x>207.62</x><y>306.09</y></PointInfo><PointInfo><name>nose left top inner</name><type>4718592</type><x>196.48</x><y>363.16</y></PointInfo><PointInfo><name>nose left top outer</name><type>4784128</type><x>176.18</x><y>392.12</y></PointInfo><PointInfo><name>nose left bottom outer</name><type>4849664</type><x>191.81</x><y>416.85</y></PointInfo><PointInfo><name>nose left bottom inner</name><type>4915200</type><x>209.99</x><y>410.7</y></PointInfo><PointInfo><name>nose bottom</name><type>4980736</type><x>231.83</x><y>422.46</y></PointInfo><PointInfo><name>nose right bottom inner</name><type>5046272</type><x>254.56</x><y>411.77</y></PointInfo><PointInfo><name>nose right bottom outer</name><type>5111808</type><x>272.57</x><y>419.05</y></PointInfo><PointInfo><name>nose right top outer</name><type>5177344</type><x>283.08</x><y>394.78</y></PointInfo><PointInfo><name>nose right top inner</name><type>5242880</type><x>264.29</x><y>364.8</y></PointInfo><PointInfo><name>nose right top</name><type>5308416</type><x>255.56</x><y>307.22</y></PointInfo><PointInfo><name>eye right iris</name><type>5373952</type><x>324.84</x><y>299.78</y></PointInfo><PointInfo><name>eye left iris</name><type>5439488</type><x>135.86</x><y>296.06</y></PointInfo><PointInfo><name>nose tip</name><type>5505024</type><x>231.82</x><y>386.91</y></PointInfo><PointInfo><name>cheekbone left</name><type>5570560</type><x>119.27</x><y>441.65</y></PointInfo><PointInfo><name>cheekbone right</name><type>5636096</type><x>327.82</x><y>443.06</y></PointInfo><PointInfo><name>nose bridge top</name><type>5701632</type><x>233.89</x><y>288.57</y></PointInfo><PointInfo><name>nose bridge middle</name><type>5767168</type><x>233.99</x><y>321.88</y></PointInfo><PointInfo><name>nose bridge bottom</name><type>5832704</type><x>234.35</x><y>354.76</y></PointInfo><PointInfo><name>mouth left top point 1</name><type>5898240</type><x>185.41</x><y>477.21</y></PointInfo><PointInfo><name>mouth left bottom point 1</name><type>5963776</type><x>182.39</x><y>517.27</y></PointInfo><PointInfo><name>mouth right bottom point 1</name><type>6029312</type><x>285.05</x><y>516.27</y></PointInfo><PointInfo><name>mouth right top point 1</name><type>6094848</type><x>283.19</x><y>476.65</y></PointInfo><PointInfo><name>mouth inner left</name><type>6160384</type><x>174.5</x><y>496.55</y></PointInfo><PointInfo><name>mouth inner left bottom</name><type>6225920</type><x>216.24</x><y>492.06</y></PointInfo><PointInfo><name>mouth inner bottom</name><type>6291456</type><x>236.11</x><y>493.5</y></PointInfo><PointInfo><name>mouth inner right bottom</name><type>6356992</type><x>255.93</x><y>491.52</y></PointInfo><PointInfo><name>mouth inner right</name><type>6422528</type><x>299.59</x><y>494.4</y></PointInfo><PointInfo><name>mouth inner right top</name><type>6488064</type><x>255.75</x><y>489.29</y></PointInfo><PointInfo><name>mouth inner top</name><type>6553600</type><x>236</x><y>491.32</y></PointInfo><PointInfo><name>mouth inner left top</name><type>6619136</type><x>216.19</x><y>489.96</y></PointInfo></points><score>0.95</score><tags><TagInfo><confidence>0.6</confidence><name>age</name><value>25</value></TagInfo><TagInfo><confidence>1</confidence><name>beard</name><value>no</value></TagInfo><TagInfo><confidence>1</confidence><name>expression</name><value>neutral</value></TagInfo><TagInfo><confidence>1</confidence><name>gender</name><value>female</value></TagInfo><TagInfo><confidence>1</confidence><name>glasses</name><value>no</value></TagInfo><TagInfo><confidence>1</confidence><name>mustache</name><value>no</value></TagInfo><TagInfo><confidence>1</confidence><name>race</name><value>white</value></TagInfo><TagInfo><confidence>1</confidence><name>chin size</name><value>small</value></TagInfo><TagInfo><confidence>0.56</confidence><name>color hair</name><value>5c4533</value></TagInfo><TagInfo><confidence>1</confidence><name>color skin</name><value>dfb7a1</value></TagInfo><TagInfo><confidence>1</confidence><name>eyebrows corners</name><value>average</value></TagInfo><TagInfo><confidence>1</confidence><name>eyebrows position</name><value>extra low</value></TagInfo><TagInfo><confidence>1</confidence><name>eyebrows size</name><value>extra thin</value></TagInfo><TagInfo><confidence>1</confidence><name>eyes corners</name><value>average</value></TagInfo><TagInfo><confidence>1</confidence><name>eyes distance</name><value>far</value></TagInfo><TagInfo><confidence>1</confidence><name>eyes position</name><value>extra low</value></TagInfo><TagInfo><confidence>1</confidence><name>eyes shape</name><value>extra round</value></TagInfo><TagInfo><confidence>1</confidence><name>glasses rim</name><value>no</value></TagInfo><TagInfo><confidence>1</confidence><name>hair beard</name><value>none</value></TagInfo><TagInfo><confidence>0.56</confidence><name>hair color type</name><value>brown light</value></TagInfo><TagInfo><confidence>1</confidence><name>hair forehead</name><value>no</value></TagInfo><TagInfo><confidence>1</confidence><name>hair length</name><value>none</value></TagInfo><TagInfo><confidence>1</confidence><name>hair mustache</name><value>none</value></TagInfo><TagInfo><confidence>1</confidence><name>hair sides</name><value>very thin</value></TagInfo><TagInfo><confidence>1</confidence><name>hair top</name><value>short</value></TagInfo><TagInfo><confidence>1</confidence><name>head shape</name><value>extra rect</value></TagInfo><TagInfo><confidence>1</confidence><name>head width</name><value>extra narrow</value></TagInfo><TagInfo><confidence>1</confidence><name>mouth corners</name><value>low</value></TagInfo><TagInfo><confidence>1</confidence><name>mouth height</name><value>thick</value></TagInfo><TagInfo><confidence>1</confidence><name>mouth width</name><value>extra small</value></TagInfo><TagInfo><confidence>1</confidence><name>nose shape</name><value>extra straight</value></TagInfo><TagInfo><confidence>1</confidence><name>nose width</name><value>extra narrow</value></TagInfo><TagInfo><confidence>1</confidence><name>teeth visible</name><value>yes</value></TagInfo></tags><uid>24581d77-6c7d-11e7-9c43-0cc47a6c4dbd</uid><user_points i:nil="true"/><width>473.45</width><x>211.71</x><y>327.71</y></FaceInfo></faces><original_filename>temp.jpg</original_filename><uid>5e911015-9f83-42a9-b0f0-936ec30a0217</uid></BetafaceImageInfoResponse>