{"accessoryName":"48150000","imageInfo":{"imageName":"Angelina","originalSize":{"width":431,"height":675},"scaledSize":{"width":431,"height":675},"clientCropSize":{"width":425,"height":691},"gender":"female","skinColor":"efdfd4","hairColor":"5c4533"},"meshShapesList":[{"type":1,"name":"HEAD_MESH","textureName":"Angelina_FaceCrop.png","headPointsList":[{"type":0,"point":{"x":0.49871227,"y":-0.08224361}},{"type":1,"point":{"x":0.38540834,"y":-0.052604165}},{"type":2,"point":{"x":0.6120672,"y":-0.05257626}},{"type":3,"point":{"x":0.26247486,"y":0.019791998}},{"type":4,"point":{"x":0.7350407,"y":0.01992652}},{"type":5,"point":{"x":0.21186745,"y":0.08668081}},{"type":6,"point":{"x":0.7856505,"y":0.08692952}},{"type":7,"point":{"x":0.19036973,"y":0.14662538}},{"type":8,"point":{"x":0.8071373,"y":0.1469824}},{"type":9,"point":{"x":0.18297869,"y":0.21495105}},{"type":10,"point":{"x":0.81450653,"y":0.21543579}},{"type":11,"point":{"x":0.18969437,"y":0.29165784}},{"type":12,"point":{"x":0.8077581,"y":0.2922897}},{"type":13,"point":{"x":0.20200856,"y":0.34745184}},{"type":14,"point":{"x":0.795416,"y":0.3481926}},{"type":15,"point":{"x":0.19549005,"y":0.42512593}},{"type":16,"point":{"x":0.803253,"y":0.42373332}},{"type":17,"point":{"x":0.18897153,"y":0.50280005}},{"type":18,"point":{"x":0.81109005,"y":0.49927408}},{"type":19,"point":{"x":0.19717893,"y":0.58435553}},{"type":20,"point":{"x":0.80637896,"y":0.57681483}},{"type":21,"point":{"x":0.20938635,"y":0.66042966}},{"type":22,"point":{"x":0.79771227,"y":0.6494074}},{"type":23,"point":{"x":0.22849745,"y":0.73395556}},{"type":24,"point":{"x":0.7824086,"y":0.7203555}},{"type":25,"point":{"x":0.2611493,"y":0.7999555}},{"type":26,"point":{"x":0.7558308,"y":0.7862666}},{"type":27,"point":{"x":0.31069005,"y":0.8556296}},{"type":28,"point":{"x":0.7141419,"y":0.8442815}},{"type":29,"point":{"x":0.37218636,"y":0.89974815}},{"type":30,"point":{"x":0.6602752,"y":0.8922667}},{"type":31,"point":{"x":0.52052706,"y":0.9424148}}],"texturePointList":[]},{"type":2,"name":"EYE_LEFT_MESH","clientCropRect":{"x":90,"y":332,"w":82,"h":29},"headPointsList":[{"type":32,"point":{"x":0.317653,"y":0.44014814}},{"type":33,"point":{"x":0.43849745,"y":0.4417778}},{"type":34,"point":{"x":0.3749715,"y":0.41146666}},{"type":35,"point":{"x":0.37457153,"y":0.4532}},{"type":36,"point":{"x":0.38486782,"y":0.4386074}}],"texturePointList":[{"point":{"x":0.36523438,"y":0.5302439},"type":0},{"point":{"x":0.5913086,"y":0.3209756},"type":2},{"point":{"x":0.8173828,"y":0.5302439},"type":1},{"point":{"x":0.5913086,"y":0.7395122},"type":3}]},{"type":3,"name":"EYE_RIGHT_MESH","clientCropRect":{"x":287,"y":340,"w":80,"h":27},"headPointsList":[{"type":37,"point":{"x":0.7273715,"y":0.45103705}},{"type":38,"point":{"x":0.6093271,"y":0.44986668}},{"type":41,"point":{"x":0.6648382,"y":0.44411853}},{"type":39,"point":{"x":0.6701567,"y":0.42318517}},{"type":40,"point":{"x":0.6689567,"y":0.4621185}}],"texturePointList":[{"point":{"x":0.18164062,"y":0.5302439},"type":5},{"point":{"x":0.40771484,"y":0.3209756},"type":6},{"point":{"x":0.63378906,"y":0.5302439},"type":4},{"point":{"x":0.40771484,"y":0.7395122},"type":7}]},{"type":4,"name":"EYEBROW_LEFT_MESH","clientCropRect":{"x":69,"y":268,"w":115,"h":34},"headPointsList":[{"type":42,"point":{"x":0.2871345,"y":0.36616296}},{"type":43,"point":{"x":0.45731226,"y":0.36195555}},{"type":44,"point":{"x":0.37159377,"y":0.31669632}},{"type":45,"point":{"x":0.37040856,"y":0.3514074}}],"texturePointList":[{"point":{"x":0.37402344,"y":0.61083984},"type":8},{"point":{"x":0.6113281,"y":0.55371094},"type":10},{"point":{"x":0.8486328,"y":0.61083984},"type":9},{"point":{"x":0.6113281,"y":0.66796875},"type":11}]},{"type":5,"name":"EYEBROW_RIGHT_MESH","clientCropRect":{"x":284,"y":269,"w":114,"h":33},"headPointsList":[{"type":46,"point":{"x":0.7746234,"y":0.36613333}},{"type":47,"point":{"x":0.6044456,"y":0.36037037}},{"type":48,"point":{"x":0.69377154,"y":0.3171852}},{"type":49,"point":{"x":0.6930456,"y":0.3518963}}],"texturePointList":[{"point":{"x":0.15039062,"y":0.61083984},"type":13},{"point":{"x":0.3876953,"y":0.55371094},"type":14},{"point":{"x":0.625,"y":0.61083984},"type":12},{"point":{"x":0.3876953,"y":0.66796875},"type":15}]},{"type":6,"name":"MOUTH_MESH","clientCropRect":{"x":158,"y":520,"w":151,"h":68},"headPointsList":[{"type":50,"point":{"x":0.41888267,"y":0.73514074}},{"type":51,"point":{"x":0.6423049,"y":0.7327259}},{"type":52,"point":{"x":0.5338752,"y":0.6897185}},{"type":53,"point":{"x":0.53280854,"y":0.78962964}}],"texturePointList":[{"point":{"x":0.31835938,"y":0.45410156},"type":16},{"point":{"x":0.50146484,"y":0.3798828},"type":18},{"point":{"x":0.6845703,"y":0.45410156},"type":17},{"point":{"x":0.50146484,"y":0.5283203},"type":19}]},{"type":7,"name":"NOSE_MESH","textureName":"Angelina_NoseCrop.png","headPointsList":[],"texturePointList":[]},{"type":8,"name":"EAR_MESH","headPointsList":[],"texturePointList":[]}]}