<image file="passport-011.jpg">
 <width>239.84</width>
 <height>239.84</height>
 <x>295.9</x>
 <y>293.74</y>
 <angle>0.8672</angle>
 <uid>dad2c338-2fa7-11e7-9f36-0cc47a6c4dbd</uid>
 <box left="175" top="169" height="293" width="253">
  <part x="245.22" y="258.4" name="512"/>
  <part x="344.57" y="256.91" name="768"/>
  <part x="224.89" y="258.44" name="1024"/>
  <part x="364.64" y="256.88" name="1280"/>
  <part x="265.5" y="259.63" name="1536"/>
  <part x="324.3" y="260.2" name="1792"/>
  <part x="252.37" y="367.91" name="2048"/>
  <part x="335.62" y="366.22" name="2304"/>
  <part x="294.31" y="324.25" name="2560"/>
  <part x="295.28" y="366.62" name="2816"/>
  <part x="234.67" y="234.25" name="3072"/>
  <part x="264.92" y="239.69" name="3328"/>
  <part x="210.27" y="240.74" name="3584"/>
  <part x="350.55" y="232.47" name="3840"/>
  <part x="321.17" y="239.7" name="4096"/>
  <part x="376.49" y="233.57" name="4352"/>
  <part x="287.99" y="442.22" name="4608"/>
  <part x="189.82" y="329.18" name="4864"/>
  <part x="397.72" y="331.67" name="5120"/>
  <part x="269.47" y="326.4" name="5376"/>
  <part x="318.13" y="327.62" name="5632"/>
  <part x="185.4" y="335.22" name="65536"/>
  <part x="192.16" y="363.2" name="131072"/>
  <part x="203.76" y="388.99" name="196608"/>
  <part x="221.34" y="411.41" name="262144"/>
  <part x="243.14" y="429.91" name="327680"/>
  <part x="268.09" y="444.18" name="393216"/>
  <part x="296.76" y="448.11" name="458752"/>
  <part x="325.12" y="442.55" name="524288"/>
  <part x="349.05" y="426.68" name="589824"/>
  <part x="369.49" y="406.77" name="655360"/>
  <part x="385.4" y="383.27" name="720896"/>
  <part x="395.23" y="356.87" name="786432"/>
  <part x="400.15" y="328.68" name="851968"/>
  <part x="402.36" y="300.41" name="917504"/>
  <part x="402.83" y="271.42" name="983040"/>
  <part x="402.44" y="249.59" name="1048576"/>
  <part x="402.05" y="227.76" name="1114112"/>
  <part x="392.1" y="213.09" name="1179648"/>
  <part x="382.15" y="198.42" name="1245184"/>
  <part x="353.63" y="195.92" name="1310720"/>
  <part x="323.97" y="195.05" name="1376256"/>
  <part x="292.98" y="195" name="1441792"/>
  <part x="261.91" y="196.29" name="1507328"/>
  <part x="232.18" y="198.36" name="1572864"/>
  <part x="203.67" y="202.02" name="1638400"/>
  <part x="193.12" y="217.41" name="1703936"/>
  <part x="182.56" y="232.81" name="1769472"/>
  <part x="180.78" y="255.28" name="1835008"/>
  <part x="179" y="277.76" name="1900544"/>
  <part x="181.31" y="306.9" name="1966080"/>
  <part x="368.25" y="258.25" name="2031616"/>
  <part x="357.6" y="262.94" name="2097152"/>
  <part x="349.09" y="264.94" name="2162688"/>
  <part x="337.65" y="263.3" name="2228224"/>
  <part x="326.64" y="260.26" name="2293760"/>
  <part x="336.52" y="250.59" name="2359296"/>
  <part x="348.37" y="248.74" name="2424832"/>
  <part x="357.37" y="250.15" name="2490368"/>
  <part x="228.39" y="260.09" name="2555904"/>
  <part x="238.09" y="252.07" name="2621440"/>
  <part x="249.12" y="249.86" name="2686976"/>
  <part x="260.12" y="251.28" name="2752512"/>
  <part x="270.68" y="260.03" name="2818048"/>
  <part x="259.67" y="263.35" name="2883584"/>
  <part x="248.98" y="265.59" name="2949120"/>
  <part x="238.68" y="264.08" name="3014656"/>
  <part x="326.52" y="241.3" name="3080192"/>
  <part x="336.38" y="229.19" name="3145728"/>
  <part x="356.27" y="223.56" name="3211264"/>
  <part x="374.29" y="225.65" name="3276800"/>
  <part x="385.42" y="237.52" name="3342336"/>
  <part x="371.85" y="236.34" name="3407872"/>
  <part x="357.39" y="235.8" name="3473408"/>
  <part x="342.05" y="239.94" name="3538944"/>
  <part x="268" y="242.18" name="3604480"/>
  <part x="257.89" y="231.4" name="3670016"/>
  <part x="238.1" y="227.72" name="3735552"/>
  <part x="220.71" y="231.63" name="3801088"/>
  <part x="210.92" y="244.63" name="3866624"/>
  <part x="224.2" y="241.73" name="3932160"/>
  <part x="238.14" y="239.73" name="3997696"/>
  <part x="253.22" y="242.35" name="4063232"/>
  <part x="255.12" y="370.48" name="4128768"/>
  <part x="288.18" y="359.92" name="4194304"/>
  <part x="300.4" y="362.56" name="4259840"/>
  <part x="312.21" y="359.45" name="4325376"/>
  <part x="340.29" y="368.81" name="4390912"/>
  <part x="315.43" y="386.28" name="4456448"/>
  <part x="300.26" y="388.64" name="4521984"/>
  <part x="284.6" y="387.06" name="4587520"/>
  <part x="280.12" y="262.76" name="4653056"/>
  <part x="274.21" y="298.56" name="4718592"/>
  <part x="263.32" y="316.86" name="4784128"/>
  <part x="270.38" y="330.15" name="4849664"/>
  <part x="281.34" y="329.64" name="4915200"/>
  <part x="294.66" y="336.13" name="4980736"/>
  <part x="308.31" y="330.02" name="5046272"/>
  <part x="319.31" y="330.94" name="5111808"/>
  <part x="326.58" y="317.44" name="5177344"/>
  <part x="316.04" y="298.94" name="5242880"/>
  <part x="310.72" y="263.03" name="5308416"/>
  <part x="348.46" y="254.97" name="5373952"/>
  <part x="249.85" y="256.75" name="5439488"/>
  <part x="294.63" y="316.84" name="5505024"/>
  <part x="239.17" y="350.02" name="5570560"/>
  <part x="352.73" y="347.68" name="5636096"/>
  <part x="295.89" y="253.97" name="5701632"/>
  <part x="295.76" y="275.64" name="5767168"/>
  <part x="295.71" y="297.15" name="5832704"/>
  <part x="271.93" y="364.5" name="5898240"/>
  <part x="270.04" y="380.68" name="5963776"/>
  <part x="327.83" y="379.19" name="6029312"/>
  <part x="326.29" y="363.33" name="6094848"/>
  <part x="262.61" y="370.75" name="6160384"/>
  <part x="286.88" y="370.58" name="6225920"/>
  <part x="298.08" y="371.52" name="6291456"/>
  <part x="309.18" y="370.18" name="6356992"/>
  <part x="333.51" y="369.38" name="6422528"/>
  <part x="309.12" y="369.06" name="6488064"/>
  <part x="298.07" y="370.43" name="6553600"/>
  <part x="286.93" y="369.49" name="6619136"/>
 </box>
</image>
