<BetafaceImageInfoResponse xmlns:i="http://www.w3.org/2001/XMLSchema-instance"><int_response>0</int_response><string_response>ok</string_response><checksum>83eee83227648b19d404bf5c53ceedaa9428bc3028b402f5d8f3e200be5aac72</checksum><faces><FaceInfo><angle>0.8672</angle><height>239.84</height><image_uid>7766778c-4298-4158-9af8-df6b29062a9e</image_uid><person_name/><points><PointInfo><name>basic eye left</name><type>512</type><x>245.43</x><y>258.8</y></PointInfo><PointInfo><name>basic eye right</name><type>768</type><x>344.78</x><y>257.31</y></PointInfo><PointInfo><name>basic eye left outer</name><type>1024</type><x>225.1</x><y>258.84</y></PointInfo><PointInfo><name>basic eye right outer</name><type>1280</type><x>364.85</x><y>257.28</y></PointInfo><PointInfo><name>basic eye left inner</name><type>1536</type><x>265.71</x><y>260.03</y></PointInfo><PointInfo><name>basic eye right inner</name><type>1792</type><x>324.51</x><y>260.6</y></PointInfo><PointInfo><name>basic mouth left</name><type>2048</type><x>252.58</x><y>368.31</y></PointInfo><PointInfo><name>basic mouth right</name><type>2304</type><x>335.83</x><y>366.62</y></PointInfo><PointInfo><name>basic nose tip</name><type>2560</type><x>294.52</x><y>324.65</y></PointInfo><PointInfo><name>basic mouth center</name><type>2816</type><x>295.49</x><y>367.02</y></PointInfo><PointInfo><name>basic eyebrow left</name><type>3072</type><x>234.88</x><y>234.65</y></PointInfo><PointInfo><name>basic eyebrow left inner corner</name><type>3328</type><x>265.13</x><y>240.09</y></PointInfo><PointInfo><name>basic eyebrow left outer corner</name><type>3584</type><x>210.48</x><y>241.14</y></PointInfo><PointInfo><name>basic eyebrow right</name><type>3840</type><x>350.76</x><y>232.87</y></PointInfo><PointInfo><name>basic eyebrow right inner corner</name><type>4096</type><x>321.38</x><y>240.1</y></PointInfo><PointInfo><name>basic eyebrow right outer corner</name><type>4352</type><x>376.7</x><y>233.97</y></PointInfo><PointInfo><name>basic chin bottom</name><type>4608</type><x>288.2</x><y>442.62</y></PointInfo><PointInfo><name>basic chin left</name><type>4864</type><x>190.03</x><y>329.58</y></PointInfo><PointInfo><name>basic chin right</name><type>5120</type><x>397.93</x><y>332.07</y></PointInfo><PointInfo><name>basic nose left</name><type>5376</type><x>269.68</x><y>326.8</y></PointInfo><PointInfo><name>basic nose right</name><type>5632</type><x>318.34</x><y>328.02</y></PointInfo><PointInfo><name>chin ear left</name><type>65536</type><x>185.61</x><y>335.62</y></PointInfo><PointInfo><name>chin left 1</name><type>131072</type><x>192.37</x><y>363.6</y></PointInfo><PointInfo><name>chin left 2</name><type>196608</type><x>203.97</x><y>389.39</y></PointInfo><PointInfo><name>chin left 3</name><type>262144</type><x>221.55</x><y>411.81</y></PointInfo><PointInfo><name>chin left 4</name><type>327680</type><x>243.35</x><y>430.31</y></PointInfo><PointInfo><name>chin left 5</name><type>393216</type><x>268.3</x><y>444.58</y></PointInfo><PointInfo><name>chin bottom</name><type>458752</type><x>296.97</x><y>448.51</y></PointInfo><PointInfo><name>chin right 5</name><type>524288</type><x>325.33</x><y>442.95</y></PointInfo><PointInfo><name>chin right 4</name><type>589824</type><x>349.26</x><y>427.08</y></PointInfo><PointInfo><name>chin right 3</name><type>655360</type><x>369.7</x><y>407.17</y></PointInfo><PointInfo><name>chin right 2</name><type>720896</type><x>385.61</x><y>383.67</y></PointInfo><PointInfo><name>chin right 1</name><type>786432</type><x>395.44</x><y>357.27</y></PointInfo><PointInfo><name>chin ear right</name><type>851968</type><x>400.36</x><y>329.08</y></PointInfo><PointInfo><name>temple right 4</name><type>917504</type><x>402.57</x><y>300.81</y></PointInfo><PointInfo><name>temple right 3</name><type>983040</type><x>403.04</x><y>271.82</y></PointInfo><PointInfo><name>temple right 2</name><type>1048576</type><x>402.65</x><y>249.99</y></PointInfo><PointInfo><name>temple right 1</name><type>1114112</type><x>402.26</x><y>228.16</y></PointInfo><PointInfo><name>temple right</name><type>1179648</type><x>392.31</x><y>213.49</y></PointInfo><PointInfo><name>forehead right</name><type>1245184</type><x>382.36</x><y>198.82</y></PointInfo><PointInfo><name>forehead 4</name><type>1310720</type><x>353.84</x><y>196.32</y></PointInfo><PointInfo><name>forehead 3</name><type>1376256</type><x>324.18</x><y>195.45</y></PointInfo><PointInfo><name>forehead middle</name><type>1441792</type><x>293.19</x><y>195.4</y></PointInfo><PointInfo><name>forehead 2</name><type>1507328</type><x>262.12</x><y>196.69</y></PointInfo><PointInfo><name>forehead 1</name><type>1572864</type><x>232.39</x><y>198.76</y></PointInfo><PointInfo><name>forehead left</name><type>1638400</type><x>203.88</x><y>202.42</y></PointInfo><PointInfo><name>temple left</name><type>1703936</type><x>193.33</x><y>217.81</y></PointInfo><PointInfo><name>temple left 1</name><type>1769472</type><x>182.77</x><y>233.21</y></PointInfo><PointInfo><name>temple left 2</name><type>1835008</type><x>180.99</x><y>255.68</y></PointInfo><PointInfo><name>temple left 3</name><type>1900544</type><x>179.21</x><y>278.16</y></PointInfo><PointInfo><name>temple left 4</name><type>1966080</type><x>181.52</x><y>307.3</y></PointInfo><PointInfo><name>eye right outer</name><type>2031616</type><x>368.46</x><y>258.65</y></PointInfo><PointInfo><name>eye right bottom outer</name><type>2097152</type><x>357.81</x><y>263.34</y></PointInfo><PointInfo><name>eye right bottom</name><type>2162688</type><x>349.3</x><y>265.34</y></PointInfo><PointInfo><name>eye right bottom inner</name><type>2228224</type><x>337.86</x><y>263.7</y></PointInfo><PointInfo><name>eye right inner</name><type>2293760</type><x>326.85</x><y>260.66</y></PointInfo><PointInfo><name>eye right top inner</name><type>2359296</type><x>336.73</x><y>250.99</y></PointInfo><PointInfo><name>eye right top</name><type>2424832</type><x>348.58</x><y>249.14</y></PointInfo><PointInfo><name>eye right top outer</name><type>2490368</type><x>357.58</x><y>250.55</y></PointInfo><PointInfo><name>eye left outer</name><type>2555904</type><x>228.6</x><y>260.49</y></PointInfo><PointInfo><name>eye left top outer</name><type>2621440</type><x>238.3</x><y>252.47</y></PointInfo><PointInfo><name>eye left top</name><type>2686976</type><x>249.33</x><y>250.26</y></PointInfo><PointInfo><name>eye left top inner</name><type>2752512</type><x>260.33</x><y>251.68</y></PointInfo><PointInfo><name>eye left inner</name><type>2818048</type><x>270.89</x><y>260.43</y></PointInfo><PointInfo><name>eye left bottom inner</name><type>2883584</type><x>259.88</x><y>263.75</y></PointInfo><PointInfo><name>eye left bottom</name><type>2949120</type><x>249.19</x><y>265.99</y></PointInfo><PointInfo><name>eye left bottom outer</name><type>3014656</type><x>238.89</x><y>264.48</y></PointInfo><PointInfo><name>eyebrow right inner</name><type>3080192</type><x>326.73</x><y>241.7</y></PointInfo><PointInfo><name>eyebrow right top inner</name><type>3145728</type><x>336.59</x><y>229.59</y></PointInfo><PointInfo><name>eyebrow right top</name><type>3211264</type><x>356.48</x><y>223.96</y></PointInfo><PointInfo><name>eyebrow right top outer</name><type>3276800</type><x>374.5</x><y>226.05</y></PointInfo><PointInfo><name>eyebrow right outer</name><type>3342336</type><x>385.63</x><y>237.92</y></PointInfo><PointInfo><name>eyebrow right bottom outer</name><type>3407872</type><x>372.06</x><y>236.74</y></PointInfo><PointInfo><name>eyebrow right botom</name><type>3473408</type><x>357.6</x><y>236.2</y></PointInfo><PointInfo><name>eyebrow rigth bottom inner</name><type>3538944</type><x>342.26</x><y>240.34</y></PointInfo><PointInfo><name>eyebrow left inner</name><type>3604480</type><x>268.21</x><y>242.58</y></PointInfo><PointInfo><name>eyebrow left top inner</name><type>3670016</type><x>258.1</x><y>231.8</y></PointInfo><PointInfo><name>eyebrow left top</name><type>3735552</type><x>238.31</x><y>228.12</y></PointInfo><PointInfo><name>eyebrow left top outer</name><type>3801088</type><x>220.92</x><y>232.03</y></PointInfo><PointInfo><name>eyebrow left outer</name><type>3866624</type><x>211.13</x><y>245.03</y></PointInfo><PointInfo><name>eyebrow left bottom outer</name><type>3932160</type><x>224.41</x><y>242.13</y></PointInfo><PointInfo><name>eyebrow left bottom</name><type>3997696</type><x>238.35</x><y>240.13</y></PointInfo><PointInfo><name>eyebrow left bottom inner</name><type>4063232</type><x>253.43</x><y>242.75</y></PointInfo><PointInfo><name>mouth left</name><type>4128768</type><x>255.33</x><y>370.88</y></PointInfo><PointInfo><name>mouth left top</name><type>4194304</type><x>288.39</x><y>360.32</y></PointInfo><PointInfo><name>mouth top</name><type>4259840</type><x>300.61</x><y>362.96</y></PointInfo><PointInfo><name>mouth right top</name><type>4325376</type><x>312.42</x><y>359.85</y></PointInfo><PointInfo><name>mouth right</name><type>4390912</type><x>340.5</x><y>369.21</y></PointInfo><PointInfo><name>mouth right bottom</name><type>4456448</type><x>315.64</x><y>386.68</y></PointInfo><PointInfo><name>mouth bottom</name><type>4521984</type><x>300.47</x><y>389.04</y></PointInfo><PointInfo><name>mouth left bottom</name><type>4587520</type><x>284.81</x><y>387.46</y></PointInfo><PointInfo><name>nose left top</name><type>4653056</type><x>280.33</x><y>263.16</y></PointInfo><PointInfo><name>nose left top inner</name><type>4718592</type><x>274.42</x><y>298.96</y></PointInfo><PointInfo><name>nose left top outer</name><type>4784128</type><x>263.53</x><y>317.26</y></PointInfo><PointInfo><name>nose left bottom outer</name><type>4849664</type><x>270.59</x><y>330.55</y></PointInfo><PointInfo><name>nose left bottom inner</name><type>4915200</type><x>281.55</x><y>330.04</y></PointInfo><PointInfo><name>nose bottom</name><type>4980736</type><x>294.87</x><y>336.53</y></PointInfo><PointInfo><name>nose right bottom inner</name><type>5046272</type><x>308.52</x><y>330.42</y></PointInfo><PointInfo><name>nose right bottom outer</name><type>5111808</type><x>319.52</x><y>331.34</y></PointInfo><PointInfo><name>nose right top outer</name><type>5177344</type><x>326.79</x><y>317.84</y></PointInfo><PointInfo><name>nose right top inner</name><type>5242880</type><x>316.25</x><y>299.34</y></PointInfo><PointInfo><name>nose right top</name><type>5308416</type><x>310.93</x><y>263.43</y></PointInfo><PointInfo><name>eye right iris</name><type>5373952</type><x>348.67</x><y>255.37</y></PointInfo><PointInfo><name>eye left iris</name><type>5439488</type><x>250.06</x><y>257.15</y></PointInfo><PointInfo><name>nose tip</name><type>5505024</type><x>294.84</x><y>317.24</y></PointInfo><PointInfo><name>cheekbone left</name><type>5570560</type><x>239.38</x><y>350.42</y></PointInfo><PointInfo><name>cheekbone right</name><type>5636096</type><x>352.94</x><y>348.08</y></PointInfo><PointInfo><name>nose bridge top</name><type>5701632</type><x>296.1</x><y>254.37</y></PointInfo><PointInfo><name>nose bridge middle</name><type>5767168</type><x>295.97</x><y>276.04</y></PointInfo><PointInfo><name>nose bridge bottom</name><type>5832704</type><x>295.92</x><y>297.55</y></PointInfo><PointInfo><name>mouth left top point 1</name><type>5898240</type><x>272.14</x><y>364.9</y></PointInfo><PointInfo><name>mouth left bottom point 1</name><type>5963776</type><x>270.25</x><y>381.08</y></PointInfo><PointInfo><name>mouth right bottom point 1</name><type>6029312</type><x>328.04</x><y>379.59</y></PointInfo><PointInfo><name>mouth right top point 1</name><type>6094848</type><x>326.5</x><y>363.73</y></PointInfo><PointInfo><name>mouth inner left</name><type>6160384</type><x>262.82</x><y>371.15</y></PointInfo><PointInfo><name>mouth inner left bottom</name><type>6225920</type><x>287.09</x><y>370.98</y></PointInfo><PointInfo><name>mouth inner bottom</name><type>6291456</type><x>298.29</x><y>371.92</y></PointInfo><PointInfo><name>mouth inner right bottom</name><type>6356992</type><x>309.39</x><y>370.58</y></PointInfo><PointInfo><name>mouth inner right</name><type>6422528</type><x>333.72</x><y>369.78</y></PointInfo><PointInfo><name>mouth inner right top</name><type>6488064</type><x>309.33</x><y>369.46</y></PointInfo><PointInfo><name>mouth inner top</name><type>6553600</type><x>298.28</x><y>370.83</y></PointInfo><PointInfo><name>mouth inner left top</name><type>6619136</type><x>287.14</x><y>369.89</y></PointInfo></points><score>1</score><tags><TagInfo><confidence>0.6</confidence><name>age</name><value>25</value></TagInfo><TagInfo><confidence>1</confidence><name>beard</name><value>no</value></TagInfo><TagInfo><confidence>1</confidence><name>expression</name><value>neutral</value></TagInfo><TagInfo><confidence>1</confidence><name>gender</name><value>male</value></TagInfo><TagInfo><confidence>1</confidence><name>glasses</name><value>no</value></TagInfo><TagInfo><confidence>1</confidence><name>mustache</name><value>no</value></TagInfo><TagInfo><confidence>1</confidence><name>race</name><value>white</value></TagInfo><TagInfo><confidence>1</confidence><name>chin size</name><value>extra small</value></TagInfo><TagInfo><confidence>0.07</confidence><name>color background</name><value>443e40</value></TagInfo><TagInfo><confidence>0.22</confidence><name>color clothes middle</name><value>9390ae</value></TagInfo><TagInfo><confidence>0.35</confidence><name>color clothes sides</name><value>443f45</value></TagInfo><TagInfo><confidence>0.42</confidence><name>color eyes</name><value>5a3730</value></TagInfo><TagInfo><confidence>0.99</confidence><name>color hair</name><value>42322f</value></TagInfo><TagInfo><confidence>1</confidence><name>color skin</name><value>e5a092</value></TagInfo><TagInfo><confidence>1</confidence><name>eyebrows corners</name><value>average</value></TagInfo><TagInfo><confidence>1</confidence><name>eyebrows position</name><value>high</value></TagInfo><TagInfo><confidence>1</confidence><name>eyebrows size</name><value>extra thin</value></TagInfo><TagInfo><confidence>1</confidence><name>eyes corners</name><value>extra low</value></TagInfo><TagInfo><confidence>1</confidence><name>eyes distance</name><value>average</value></TagInfo><TagInfo><confidence>1</confidence><name>eyes position</name><value>high</value></TagInfo><TagInfo><confidence>1</confidence><name>eyes shape</name><value>extra round</value></TagInfo><TagInfo><confidence>1</confidence><name>glasses rim</name><value>no</value></TagInfo><TagInfo><confidence>1</confidence><name>hair beard</name><value>none</value></TagInfo><TagInfo><confidence>0.99</confidence><name>hair color type</name><value>brown</value></TagInfo><TagInfo><confidence>1</confidence><name>hair forehead</name><value>yes</value></TagInfo><TagInfo><confidence>1</confidence><name>hair length</name><value>none</value></TagInfo><TagInfo><confidence>1</confidence><name>hair mustache</name><value>none</value></TagInfo><TagInfo><confidence>1</confidence><name>hair sides</name><value>thin</value></TagInfo><TagInfo><confidence>1</confidence><name>hair top</name><value>short</value></TagInfo><TagInfo><confidence>1</confidence><name>head shape</name><value>average</value></TagInfo><TagInfo><confidence>1</confidence><name>head width</name><value>extra narrow</value></TagInfo><TagInfo><confidence>1</confidence><name>mouth corners</name><value>average</value></TagInfo><TagInfo><confidence>1</confidence><name>mouth height</name><value>thin</value></TagInfo><TagInfo><confidence>1</confidence><name>mouth width</name><value>extra small</value></TagInfo><TagInfo><confidence>1</confidence><name>nose shape</name><value>extra straight</value></TagInfo><TagInfo><confidence>1</confidence><name>nose width</name><value>extra wide</value></TagInfo><TagInfo><confidence>1</confidence><name>teeth visible</name><value>no</value></TagInfo></tags><uid>dad2c338-2fa7-11e7-9f36-0cc47a6c4dbd</uid><user_points i:nil="true"/><width>239.84</width><x>295.9</x><y>293.74</y></FaceInfo></faces><original_filename>temp.jpg</original_filename><uid>7766778c-4298-4158-9af8-df6b29062a9e</uid></BetafaceImageInfoResponse>