{"accessoryName":"48150000","imageInfo":{"imageName":"passport-011","originalSize":{"width":600,"height":600},"scaledSize":{"width":600,"height":600},"clientCropSize":{"width":232,"height":371},"gender":"male","skinColor":"f6b8af","hairColor":"42322f","eyeColor":"5a3730"},"meshShapesList":[{"type":1,"name":"HEAD_MESH","textureName":"passport-011_FaceCrop.png","headPointsList":[{"type":0,"point":{"x":0.50155663,"y":0.0019287355}},{"type":1,"point":{"x":0.38923252,"y":0.031128792}},{"type":2,"point":{"x":0.6129446,"y":0.030615218}},{"type":3,"point":{"x":0.2671712,"y":0.10197136}},{"type":4,"point":{"x":0.73427045,"y":0.09949865}},{"type":5,"point":{"x":0.21674682,"y":0.16722813}},{"type":6,"point":{"x":0.7846502,"y":0.1626568}},{"type":7,"point":{"x":0.19517723,"y":0.22563562}},{"type":8,"point":{"x":0.8106266,"y":0.23960353}},{"type":9,"point":{"x":0.18753508,"y":0.29215583}},{"type":10,"point":{"x":0.8140945,"y":0.30636242}},{"type":11,"point":{"x":0.19382034,"y":0.36678883}},{"type":12,"point":{"x":0.8038354,"y":0.38087747}},{"type":13,"point":{"x":0.20574799,"y":0.42105123}},{"type":14,"point":{"x":0.79736525,"y":0.40743935}},{"type":15,"point":{"x":0.20095015,"y":0.4816172}},{"type":16,"point":{"x":0.7994677,"y":0.52512133}},{"type":17,"point":{"x":0.19615231,"y":0.5422102}},{"type":18,"point":{"x":0.7982008,"y":0.6032614}},{"type":19,"point":{"x":0.20237872,"y":0.62075466}},{"type":20,"point":{"x":0.7982008,"y":0.6032614}},{"type":21,"point":{"x":0.21340297,"y":0.6970889}},{"type":22,"point":{"x":0.7922439,"y":0.6794609}},{"type":23,"point":{"x":0.23162398,"y":0.7725067}},{"type":24,"point":{"x":0.77898246,"y":0.7554447}},{"type":25,"point":{"x":0.26289085,"y":0.8420216}},{"type":26,"point":{"x":0.75248647,"y":0.8266038}},{"type":27,"point":{"x":0.31027627,"y":0.9024528}},{"type":28,"point":{"x":0.7096025,"y":0.8899461}},{"type":29,"point":{"x":0.3690364,"y":0.952318}},{"type":30,"point":{"x":0.5900067,"y":0.98638815}},{"type":31,"point":{"x":0.5135647,"y":1.0013747}}],"texturePointList":[]},{"type":2,"name":"EYE_LEFT_MESH","clientCropRect":{"x":52,"y":173,"w":42,"h":15},"headPointsList":[{"type":32,"point":{"x":0.33019546,"y":0.4921967}},{"type":33,"point":{"x":0.4423517,"y":0.49203497}},{"type":34,"point":{"x":0.385155,"y":0.46398917}},{"type":35,"point":{"x":0.38477764,"y":0.5076549}},{"type":36,"point":{"x":0.38712263,"y":0.4855795}}],"texturePointList":[{"point":{"x":0.36523438,"y":0.5302439},"type":0},{"point":{"x":0.5913086,"y":0.3209756},"type":2},{"point":{"x":0.8173828,"y":0.5302439},"type":1},{"point":{"x":0.5913086,"y":0.7395122},"type":3}]},{"type":3,"name":"EYE_RIGHT_MESH","clientCropRect":{"x":150,"y":172,"w":42,"h":16},"headPointsList":[{"type":37,"point":{"x":0.7062601,"y":0.48962262}},{"type":38,"point":{"x":0.5941038,"y":0.49504042}},{"type":41,"point":{"x":0.6529178,"y":0.48078164}},{"type":39,"point":{"x":0.65267515,"y":0.4639892}},{"type":40,"point":{"x":0.6546159,"y":0.50765496}}],"texturePointList":[{"point":{"x":0.18164062,"y":0.5302439},"type":5},{"point":{"x":0.40771484,"y":0.3209756},"type":6},{"point":{"x":0.63378906,"y":0.5302439},"type":4},{"point":{"x":0.40771484,"y":0.7395122},"type":7}]},{"type":4,"name":"EYEBROW_LEFT_MESH","clientCropRect":{"x":34,"y":151,"w":59,"h":14},"headPointsList":[{"type":42,"point":{"x":0.2797372,"y":0.44200808}},{"type":43,"point":{"x":0.43849728,"y":0.4354043}},{"type":44,"point":{"x":0.35545146,"y":0.3961186}},{"type":45,"point":{"x":0.35555932,"y":0.4291105}}],"texturePointList":[{"point":{"x":0.37402344,"y":0.61083984},"type":8},{"point":{"x":0.6113281,"y":0.55371094},"type":10},{"point":{"x":0.8486328,"y":0.61083984},"type":9},{"point":{"x":0.6113281,"y":0.66796875},"type":11}]},{"type":5,"name":"EYEBROW_RIGHT_MESH","clientCropRect":{"x":150,"y":146,"w":59,"h":18},"headPointsList":[{"type":46,"point":{"x":0.7525404,"y":0.4337466}},{"type":47,"point":{"x":0.59378034,"y":0.4439353}},{"type":48,"point":{"x":0.67396903,"y":0.3961186}},{"type":49,"point":{"x":0.6769879,"y":0.4291105}}],"texturePointList":[{"point":{"x":0.15039062,"y":0.61083984},"type":13},{"point":{"x":0.3876953,"y":0.55371094},"type":14},{"point":{"x":0.625,"y":0.61083984},"type":12},{"point":{"x":0.3876953,"y":0.66796875},"type":15}]},{"type":6,"name":"MOUTH_MESH","clientCropRect":{"x":79,"y":282,"w":85,"h":30},"headPointsList":[{"type":50,"point":{"x":0.4013275,"y":0.7921294}},{"type":51,"point":{"x":0.6308962,"y":0.787628}},{"type":52,"point":{"x":0.523376,"y":0.7623989}},{"type":53,"point":{"x":0.5229987,"y":0.84107816}}],"texturePointList":[{"point":{"x":0.31835938,"y":0.45410156},"type":16},{"point":{"x":0.50146484,"y":0.3798828},"type":18},{"point":{"x":0.6845703,"y":0.45410156},"type":17},{"point":{"x":0.50146484,"y":0.5283203},"type":19}]},{"type":7,"name":"NOSE_MESH","textureName":"passport-011_NoseCrop.png","headPointsList":[],"texturePointList":[]},{"type":8,"name":"EAR_MESH","headPointsList":[],"texturePointList":[]}]}