<BetafaceImageInfoResponse xmlns:i="http://www.w3.org/2001/XMLSchema-instance"><int_response>0</int_response><string_response>ok</string_response><checksum>c32fde024c9143244fdd7e9bfc20df98fb420057f825703b1bc0cc84482dcf8f</checksum><faces><FaceInfo><angle>0.9729</angle><height>210.86</height><image_uid>dd88d61f-66b2-4b59-8516-2fd71a786917</image_uid><person_name/><points><PointInfo><name>basic eye left</name><type>512</type><x>222.44</x><y>131.28</y></PointInfo><PointInfo><name>basic eye right</name><type>768</type><x>313.16</x><y>128.88</y></PointInfo><PointInfo><name>basic eye left outer</name><type>1024</type><x>205.25</x><y>131.96</y></PointInfo><PointInfo><name>basic eye right outer</name><type>1280</type><x>329.3</x><y>128.97</y></PointInfo><PointInfo><name>basic eye left inner</name><type>1536</type><x>240.07</x><y>132.37</y></PointInfo><PointInfo><name>basic eye right inner</name><type>1792</type><x>293.71</x><y>129.24</y></PointInfo><PointInfo><name>basic mouth left</name><type>2048</type><x>232.94</x><y>228.96</y></PointInfo><PointInfo><name>basic mouth right</name><type>2304</type><x>305.11</x><y>227.16</y></PointInfo><PointInfo><name>basic nose tip</name><type>2560</type><x>262.44</x><y>190.18</y></PointInfo><PointInfo><name>basic mouth center</name><type>2816</type><x>266.87</x><y>229.98</y></PointInfo><PointInfo><name>basic eyebrow left</name><type>3072</type><x>210.52</x><y>101.1</y></PointInfo><PointInfo><name>basic eyebrow left inner corner</name><type>3328</type><x>231.66</x><y>108.39</y></PointInfo><PointInfo><name>basic eyebrow left outer corner</name><type>3584</type><x>193.19</x><y>105.69</y></PointInfo><PointInfo><name>basic eyebrow right</name><type>3840</type><x>315.65</x><y>109.13</y></PointInfo><PointInfo><name>basic eyebrow right inner corner</name><type>4096</type><x>288.83</x><y>112.84</y></PointInfo><PointInfo><name>basic eyebrow right outer corner</name><type>4352</type><x>339.43</x><y>113.07</y></PointInfo><PointInfo><name>basic chin bottom</name><type>4608</type><x>272.09</x><y>286.8</y></PointInfo><PointInfo><name>basic chin left</name><type>4864</type><x>183.74</x><y>189.16</y></PointInfo><PointInfo><name>basic chin right</name><type>5120</type><x>368.75</x><y>186.9</y></PointInfo><PointInfo><name>basic nose left</name><type>5376</type><x>241.36</x><y>192.78</y></PointInfo><PointInfo><name>basic nose right</name><type>5632</type><x>289.28</x><y>191.51</y></PointInfo><PointInfo><name>chin ear left</name><type>65536</type><x>181.07</x><y>178.64</y></PointInfo><PointInfo><name>chin left 1</name><type>131072</type><x>186.87</x><y>203.51</y></PointInfo><PointInfo><name>chin left 2</name><type>196608</type><x>196.06</x><y>227.23</y></PointInfo><PointInfo><name>chin left 3</name><type>262144</type><x>209.94</x><y>248.66</y></PointInfo><PointInfo><name>chin left 4</name><type>327680</type><x>226.81</x><y>267.28</y></PointInfo><PointInfo><name>chin left 5</name><type>393216</type><x>245.93</x><y>282.97</y></PointInfo><PointInfo><name>chin bottom</name><type>458752</type><x>269.7</x><y>287.87</y></PointInfo><PointInfo><name>chin right 5</name><type>524288</type><x>295.56</x><y>283.83</y></PointInfo><PointInfo><name>chin right 4</name><type>589824</type><x>319.97</x><y>269.71</y></PointInfo><PointInfo><name>chin right 3</name><type>655360</type><x>342.22</x><y>251.9</y></PointInfo><PointInfo><name>chin right 2</name><type>720896</type><x>360.3</x><y>230.23</y></PointInfo><PointInfo><name>chin right 1</name><type>786432</type><x>371.67</x><y>204.85</y></PointInfo><PointInfo><name>chin ear right</name><type>851968</type><x>377.13</x><y>177.14</y></PointInfo><PointInfo><name>temple right 4</name><type>917504</type><x>379.94</x><y>149.3</y></PointInfo><PointInfo><name>temple right 3</name><type>983040</type><x>381.01</x><y>121.06</y></PointInfo><PointInfo><name>temple right 2</name><type>1048576</type><x>378.8</x><y>107.25</y></PointInfo><PointInfo><name>temple right 1</name><type>1114112</type><x>376.59</x><y>93.44</y></PointInfo><PointInfo><name>temple right</name><type>1179648</type><x>365.55</x><y>82.99</y></PointInfo><PointInfo><name>forehead right</name><type>1245184</type><x>354.51</x><y>72.54</y></PointInfo><PointInfo><name>forehead 4</name><type>1310720</type><x>325.27</x><y>68.99</y></PointInfo><PointInfo><name>forehead 3</name><type>1376256</type><x>294.96</x><y>66.91</y></PointInfo><PointInfo><name>forehead middle</name><type>1441792</type><x>264.27</x><y>65.76</y></PointInfo><PointInfo><name>forehead 2</name><type>1507328</type><x>240.31</x><y>65.63</y></PointInfo><PointInfo><name>forehead 1</name><type>1572864</type><x>218.46</x><y>65.87</y></PointInfo><PointInfo><name>forehead left</name><type>1638400</type><x>197.41</x><y>67.23</y></PointInfo><PointInfo><name>temple left</name><type>1703936</type><x>188.94</x><y>79.59</y></PointInfo><PointInfo><name>temple left 1</name><type>1769472</type><x>180.46</x><y>91.95</y></PointInfo><PointInfo><name>temple left 2</name><type>1835008</type><x>178.33</x><y>110.47</y></PointInfo><PointInfo><name>temple left 3</name><type>1900544</type><x>176.2</x><y>128.98</y></PointInfo><PointInfo><name>temple left 4</name><type>1966080</type><x>177.46</x><y>153.92</y></PointInfo><PointInfo><name>eye right outer</name><type>2031616</type><x>332.3</x><y>132.02</y></PointInfo><PointInfo><name>eye right bottom outer</name><type>2097152</type><x>322.27</x><y>135.43</y></PointInfo><PointInfo><name>eye right bottom</name><type>2162688</type><x>314.46</x><y>135.18</y></PointInfo><PointInfo><name>eye right bottom inner</name><type>2228224</type><x>309</x><y>134.88</y></PointInfo><PointInfo><name>eye right inner</name><type>2293760</type><x>297.02</x><y>131.62</y></PointInfo><PointInfo><name>eye right top inner</name><type>2359296</type><x>308.94</x><y>126.66</y></PointInfo><PointInfo><name>eye right top</name><type>2424832</type><x>314.78</x><y>122.89</y></PointInfo><PointInfo><name>eye right top outer</name><type>2490368</type><x>322.39</x><y>127.29</y></PointInfo><PointInfo><name>eye left outer</name><type>2555904</type><x>208.56</x><y>133.33</y></PointInfo><PointInfo><name>eye left top outer</name><type>2621440</type><x>218.95</x><y>127.99</y></PointInfo><PointInfo><name>eye left top</name><type>2686976</type><x>225.03</x><y>124.96</y></PointInfo><PointInfo><name>eye left top inner</name><type>2752512</type><x>233.03</x><y>127.42</y></PointInfo><PointInfo><name>eye left inner</name><type>2818048</type><x>243.02</x><y>133.45</y></PointInfo><PointInfo><name>eye left bottom inner</name><type>2883584</type><x>232.79</x><y>136.02</y></PointInfo><PointInfo><name>eye left bottom</name><type>2949120</type><x>225.02</x><y>137.37</y></PointInfo><PointInfo><name>eye left bottom outer</name><type>3014656</type><x>219.04</x><y>136.44</y></PointInfo><PointInfo><name>eyebrow right inner</name><type>3080192</type><x>291.5</x><y>114.24</y></PointInfo><PointInfo><name>eyebrow right top inner</name><type>3145728</type><x>300.46</x><y>104.61</y></PointInfo><PointInfo><name>eyebrow right top</name><type>3211264</type><x>317.64</x><y>100.8</y></PointInfo><PointInfo><name>eyebrow right top outer</name><type>3276800</type><x>332.9</x><y>103.51</y></PointInfo><PointInfo><name>eyebrow right outer</name><type>3342336</type><x>341.88</x><y>114.34</y></PointInfo><PointInfo><name>eyebrow right bottom outer</name><type>3407872</type><x>330.13</x><y>112.33</y></PointInfo><PointInfo><name>eyebrow right botom</name><type>3473408</type><x>317.81</x><y>111.18</y></PointInfo><PointInfo><name>eyebrow rigth bottom inner</name><type>3538944</type><x>304.59</x><y>114</y></PointInfo><PointInfo><name>eyebrow left inner</name><type>3604480</type><x>236</x><y>106.78</y></PointInfo><PointInfo><name>eyebrow left top inner</name><type>3670016</type><x>230.22</x><y>98.45</y></PointInfo><PointInfo><name>eyebrow left top</name><type>3735552</type><x>216.86</x><y>94.26</y></PointInfo><PointInfo><name>eyebrow left top outer</name><type>3801088</type><x>204.39</x><y>95.77</y></PointInfo><PointInfo><name>eyebrow left outer</name><type>3866624</type><x>196.45</x><y>104.4</y></PointInfo><PointInfo><name>eyebrow left bottom outer</name><type>3932160</type><x>206.13</x><y>102.85</y></PointInfo><PointInfo><name>eyebrow left bottom</name><type>3997696</type><x>215.89</x><y>102.49</y></PointInfo><PointInfo><name>eyebrow left bottom inner</name><type>4063232</type><x>225.94</x><y>105.51</y></PointInfo><PointInfo><name>mouth left</name><type>4128768</type><x>235.47</x><y>230.95</y></PointInfo><PointInfo><name>mouth left top</name><type>4194304</type><x>258.76</x><y>222.46</y></PointInfo><PointInfo><name>mouth top</name><type>4259840</type><x>268.66</x><y>224.43</y></PointInfo><PointInfo><name>mouth right top</name><type>4325376</type><x>278.56</x><y>221.6</y></PointInfo><PointInfo><name>mouth right</name><type>4390912</type><x>307.87</x><y>227.37</y></PointInfo><PointInfo><name>mouth right bottom</name><type>4456448</type><x>282.61</x><y>241.66</y></PointInfo><PointInfo><name>mouth bottom</name><type>4521984</type><x>270.01</x><y>243.72</y></PointInfo><PointInfo><name>mouth left bottom</name><type>4587520</type><x>257.49</x><y>242.67</y></PointInfo><PointInfo><name>nose left top</name><type>4653056</type><x>253.91</x><y>137.91</y></PointInfo><PointInfo><name>nose left top inner</name><type>4718592</type><x>249.69</x><y>168.88</y></PointInfo><PointInfo><name>nose left top outer</name><type>4784128</type><x>239.86</x><y>184.95</y></PointInfo><PointInfo><name>nose left bottom outer</name><type>4849664</type><x>242.3</x><y>197.69</y></PointInfo><PointInfo><name>nose left bottom inner</name><type>4915200</type><x>253.25</x><y>197.15</y></PointInfo><PointInfo><name>nose bottom</name><type>4980736</type><x>266.64</x><y>202.43</y></PointInfo><PointInfo><name>nose right bottom inner</name><type>5046272</type><x>279.56</x><y>195.98</y></PointInfo><PointInfo><name>nose right bottom outer</name><type>5111808</type><x>290.42</x><y>195.6</y></PointInfo><PointInfo><name>nose right top outer</name><type>5177344</type><x>296.98</x><y>183.11</y></PointInfo><PointInfo><name>nose right top inner</name><type>5242880</type><x>286.15</x><y>167.7</y></PointInfo><PointInfo><name>nose right top</name><type>5308416</type><x>279.82</x><y>137.06</y></PointInfo><PointInfo><name>eye right iris</name><type>5373952</type><x>313.2</x><y>128.44</y></PointInfo><PointInfo><name>eye left iris</name><type>5439488</type><x>226.73</x><y>132.83</y></PointInfo><PointInfo><name>nose tip</name><type>5505024</type><x>265.7</x><y>182.6</y></PointInfo><PointInfo><name>cheekbone left</name><type>5570560</type><x>210.95</x><y>204.53</y></PointInfo><PointInfo><name>cheekbone right</name><type>5636096</type><x>311.04</x><y>207.14</y></PointInfo><PointInfo><name>nose bridge top</name><type>5701632</type><x>268.29</x><y>129.01</y></PointInfo><PointInfo><name>nose bridge middle</name><type>5767168</type><x>267.82</x><y>148.45</y></PointInfo><PointInfo><name>nose bridge bottom</name><type>5832704</type><x>267.3</x><y>167.7</y></PointInfo><PointInfo><name>mouth left top point 1</name><type>5898240</type><x>246.83</x><y>225.83</y></PointInfo><PointInfo><name>mouth left bottom point 1</name><type>5963776</type><x>246.36</x><y>237.73</y></PointInfo><PointInfo><name>mouth right bottom point 1</name><type>6029312</type><x>294.21</x><y>235.87</y></PointInfo><PointInfo><name>mouth right top point 1</name><type>6094848</type><x>291.94</x><y>223.92</y></PointInfo><PointInfo><name>mouth inner left</name><type>6160384</type><x>242.19</x><y>232.36</y></PointInfo><PointInfo><name>mouth inner left bottom</name><type>6225920</type><x>263.33</x><y>233.45</y></PointInfo><PointInfo><name>mouth inner bottom</name><type>6291456</type><x>273.01</x><y>234</y></PointInfo><PointInfo><name>mouth inner right bottom</name><type>6356992</type><x>282.55</x><y>232.38</y></PointInfo><PointInfo><name>mouth inner right</name><type>6422528</type><x>303.61</x><y>228.83</y></PointInfo><PointInfo><name>mouth inner right top</name><type>6488064</type><x>282.22</x><y>230.5</y></PointInfo><PointInfo><name>mouth inner top</name><type>6553600</type><x>272.78</x><y>232.13</y></PointInfo><PointInfo><name>mouth inner left top</name><type>6619136</type><x>263.18</x><y>231.6</y></PointInfo></points><score>1</score><tags><TagInfo><confidence>0.6</confidence><name>age</name><value>43</value></TagInfo><TagInfo><confidence>1</confidence><name>beard</name><value>no</value></TagInfo><TagInfo><confidence>1</confidence><name>expression</name><value>neutral</value></TagInfo><TagInfo><confidence>1</confidence><name>gender</name><value>male</value></TagInfo><TagInfo><confidence>1</confidence><name>glasses</name><value>no</value></TagInfo><TagInfo><confidence>1</confidence><name>mustache</name><value>no</value></TagInfo><TagInfo><confidence>0.99</confidence><name>race</name><value>asian</value></TagInfo><TagInfo><confidence>1</confidence><name>chin size</name><value>extra small</value></TagInfo><TagInfo><confidence>0.07</confidence><name>color background</name><value>8b9995</value></TagInfo><TagInfo><confidence>0.44</confidence><name>color eyes</name><value>71312a</value></TagInfo><TagInfo><confidence>0.54</confidence><name>color hair</name><value>603b29</value></TagInfo><TagInfo><confidence>1</confidence><name>color skin</name><value>b45d4c</value></TagInfo><TagInfo><confidence>1</confidence><name>eyebrows corners</name><value>average</value></TagInfo><TagInfo><confidence>1</confidence><name>eyebrows position</name><value>extra low</value></TagInfo><TagInfo><confidence>1</confidence><name>eyebrows size</name><value>extra thin</value></TagInfo><TagInfo><confidence>1</confidence><name>eyes corners</name><value>average</value></TagInfo><TagInfo><confidence>1</confidence><name>eyes distance</name><value>average</value></TagInfo><TagInfo><confidence>1</confidence><name>eyes position</name><value>extra low</value></TagInfo><TagInfo><confidence>1</confidence><name>eyes shape</name><value>thin</value></TagInfo><TagInfo><confidence>1</confidence><name>glasses rim</name><value>no</value></TagInfo><TagInfo><confidence>1</confidence><name>hair beard</name><value>none</value></TagInfo><TagInfo><confidence>0.54</confidence><name>hair color type</name><value>brown light</value></TagInfo><TagInfo><confidence>1</confidence><name>hair forehead</name><value>yes</value></TagInfo><TagInfo><confidence>1</confidence><name>hair length</name><value>none</value></TagInfo><TagInfo><confidence>1</confidence><name>hair mustache</name><value>none</value></TagInfo><TagInfo><confidence>1</confidence><name>hair sides</name><value>very thin</value></TagInfo><TagInfo><confidence>1</confidence><name>hair top</name><value>short</value></TagInfo><TagInfo><confidence>1</confidence><name>head shape</name><value>heart</value></TagInfo><TagInfo><confidence>1</confidence><name>head width</name><value>average</value></TagInfo><TagInfo><confidence>1</confidence><name>mouth corners</name><value>average</value></TagInfo><TagInfo><confidence>1</confidence><name>mouth height</name><value>extra thin</value></TagInfo><TagInfo><confidence>1</confidence><name>mouth width</name><value>extra small</value></TagInfo><TagInfo><confidence>1</confidence><name>nose shape</name><value>extra straight</value></TagInfo><TagInfo><confidence>1</confidence><name>nose width</name><value>extra wide</value></TagInfo><TagInfo><confidence>1</confidence><name>teeth visible</name><value>no</value></TagInfo></tags><uid>ac4ff06f-688e-11e7-9c43-0cc47a6c4dbd</uid><user_points i:nil="true"/><width>210.86</width><x>279.64</x><y>157.66</y></FaceInfo></faces><original_filename>temp.jpg</original_filename><uid>dd88d61f-66b2-4b59-8516-2fd71a786917</uid></BetafaceImageInfoResponse>