{"accessoryName":"48150000","imageInfo":{"imageName":"Trump","originalSize":{"width":605,"height":328},"scaledSize":{"width":605,"height":328},"clientCropSize":{"width":208,"height":336},"gender":"male","skinColor":"a76849","hairColor":"5e3a29","eyeColor":"72322a"},"meshShapesList":[{"type":1,"name":"HEAD_MESH","textureName":"Trump_FaceCrop.png","headPointsList":[{"type":0,"point":{"x":0.5022675,"y":-0.15106028}},{"type":1,"point":{"x":0.38820451,"y":-0.121253744}},{"type":2,"point":{"x":0.616643,"y":-0.1210824}},{"type":3,"point":{"x":0.2644146,"y":-0.04853198}},{"type":4,"point":{"x":0.74067837,"y":-0.047706813}},{"type":5,"point":{"x":0.2134244,"y":0.018623866}},{"type":6,"point":{"x":0.79168344,"y":0.02014941}},{"type":7,"point":{"x":0.19173831,"y":0.07879494}},{"type":8,"point":{"x":0.8133026,"y":0.08098463}},{"type":9,"point":{"x":0.1842437,"y":0.14736961}},{"type":10,"point":{"x":0.82066333,"y":0.1503425}},{"type":11,"point":{"x":0.19094035,"y":0.22434783}},{"type":12,"point":{"x":0.8137658,"y":0.22822295}},{"type":13,"point":{"x":0.2032889,"y":0.28033534}},{"type":14,"point":{"x":0.80124617,"y":0.28487805}},{"type":15,"point":{"x":0.19679497,"y":0.33679876}},{"type":16,"point":{"x":0.8147218,"y":0.36908534}},{"type":17,"point":{"x":0.19414255,"y":0.46926826}},{"type":18,"point":{"x":0.8114596,"y":0.4551829}},{"type":19,"point":{"x":0.19414255,"y":0.46926826}},{"type":20,"point":{"x":0.8028925,"y":0.54006094}},{"type":21,"point":{"x":0.20514865,"y":0.5446341}},{"type":22,"point":{"x":0.8028925,"y":0.54006094}},{"type":23,"point":{"x":0.22283155,"y":0.6204573}},{"type":24,"point":{"x":0.7862462,"y":0.62454265}},{"type":25,"point":{"x":0.25084984,"y":0.69277436}},{"type":26,"point":{"x":0.7515815,"y":0.7019207}},{"type":27,"point":{"x":0.29316694,"y":0.75810975}},{"type":28,"point":{"x":0.6964596,"y":0.7679877}},{"type":29,"point":{"x":0.4028925,"y":0.8627134}},{"type":30,"point":{"x":0.6286242,"y":0.82228655}},{"type":31,"point":{"x":0.47536206,"y":0.8776524}}],"texturePointList":[]},{"type":2,"name":"EYE_LEFT_MESH","clientCropRect":{"x":34,"y":173,"w":35,"h":13},"headPointsList":[{"type":32,"point":{"x":0.2889596,"y":0.4064939}},{"type":33,"point":{"x":0.3940206,"y":0.40685973}},{"type":34,"point":{"x":0.33917302,"y":0.3809756}},{"type":35,"point":{"x":0.33914253,"y":0.41881093}},{"type":36,"point":{"x":0.34435594,"y":0.4049695}}],"texturePointList":[{"point":{"x":0.36523438,"y":0.5302439},"type":0},{"point":{"x":0.5913086,"y":0.3209756},"type":2},{"point":{"x":0.8173828,"y":0.5302439},"type":1},{"point":{"x":0.5913086,"y":0.7395122},"type":3}]},{"type":3,"name":"EYE_RIGHT_MESH","clientCropRect":{"x":123,"y":171,"w":35,"h":13},"headPointsList":[{"type":37,"point":{"x":0.66621566,"y":0.4025}},{"type":38,"point":{"x":0.55865467,"y":0.40128046}},{"type":41,"point":{"x":0.607984,"y":0.39158535}},{"type":39,"point":{"x":0.6128011,"y":0.3746646}},{"type":40,"point":{"x":0.6118254,"y":0.4121341}}],"texturePointList":[{"point":{"x":0.18164062,"y":0.5302439},"type":5},{"point":{"x":0.40771484,"y":0.3209756},"type":6},{"point":{"x":0.63378906,"y":0.5302439},"type":4},{"point":{"x":0.40771484,"y":0.7395122},"type":7}]},{"type":4,"name":"EYEBROW_LEFT_MESH","clientCropRect":{"x":17,"y":143,"w":50,"h":12},"headPointsList":[{"type":42,"point":{"x":0.23552974,"y":0.31829268}},{"type":43,"point":{"x":0.3891273,"y":0.32554877}},{"type":44,"point":{"x":0.31426448,"y":0.2841006}},{"type":45,"point":{"x":0.31130716,"y":0.31574693}}],"texturePointList":[{"point":{"x":0.37402344,"y":0.61083984},"type":8},{"point":{"x":0.6113281,"y":0.55371094},"type":10},{"point":{"x":0.8486328,"y":0.61083984},"type":9},{"point":{"x":0.6113281,"y":0.66796875},"type":11}]},{"type":5,"name":"EYEBROW_RIGHT_MESH","clientCropRect":{"x":117,"y":149,"w":50,"h":14},"headPointsList":[{"type":46,"point":{"x":0.695423,"y":0.34859753}},{"type":47,"point":{"x":0.5418254,"y":0.34829265}},{"type":48,"point":{"x":0.62152064,"y":0.30731708}},{"type":49,"point":{"x":0.62203884,"y":0.3389634}}],"texturePointList":[{"point":{"x":0.15039062,"y":0.61083984},"type":13},{"point":{"x":0.3876953,"y":0.55371094},"type":14},{"point":{"x":0.625,"y":0.61083984},"type":12},{"point":{"x":0.3876953,"y":0.66796875},"type":15}]},{"type":6,"name":"MOUTH_MESH","clientCropRect":{"x":61,"y":270,"w":72,"h":22},"headPointsList":[{"type":50,"point":{"x":0.3710023,"y":0.7041158}},{"type":51,"point":{"x":0.59173393,"y":0.6932012}},{"type":52,"point":{"x":0.4721913,"y":0.67560977}},{"type":53,"point":{"x":0.47630718,"y":0.7430487}}],"texturePointList":[{"point":{"x":0.31835938,"y":0.45410156},"type":16},{"point":{"x":0.50146484,"y":0.3798828},"type":18},{"point":{"x":0.6845703,"y":0.45410156},"type":17},{"point":{"x":0.50146484,"y":0.5283203},"type":19}]},{"type":7,"name":"NOSE_MESH","textureName":"Trump_NoseCrop.png","headPointsList":[],"texturePointList":[]},{"type":8,"name":"EAR_MESH","headPointsList":[],"texturePointList":[]}]}