<image file="Trump.jpg">
 <width>210.86</width>
 <height>210.86</height>
 <x>279.64</x>
 <y>157.66</y>
 <angle>0.9729</angle>
 <uid>ac4ff06f-688e-11e7-9c43-0cc47a6c4dbd</uid>
 <box height="262" left="45" width="234" top="166">
  <part name="512" x="222.24" y="130.65"/>
  <part name="768" x="312.96" y="128.25"/>
  <part name="1024" x="205.05" y="131.33"/>
  <part name="1280" x="329.1" y="128.34"/>
  <part name="1536" x="239.87" y="131.74"/>
  <part name="1792" x="293.51" y="128.61"/>
  <part name="2048" x="232.74" y="228.33"/>
  <part name="2304" x="304.91" y="226.53"/>
  <part name="2560" x="262.24" y="189.55"/>
  <part name="2816" x="266.67" y="229.35"/>
  <part name="3072" x="210.32" y="100.47"/>
  <part name="3328" x="231.46" y="107.76"/>
  <part name="3584" x="192.99" y="105.06"/>
  <part name="3840" x="315.45" y="108.5"/>
  <part name="4096" x="288.63" y="112.21"/>
  <part name="4352" x="339.23" y="112.44"/>
  <part name="4608" x="271.89" y="286.17"/>
  <part name="4864" x="183.54" y="188.53"/>
  <part name="5120" x="368.55" y="186.27"/>
  <part name="5376" x="241.16" y="192.15"/>
  <part name="5632" x="289.08" y="190.88"/>
  <part name="65536" x="180.87" y="178.01"/>
  <part name="131072" x="186.67" y="202.88"/>
  <part name="196608" x="195.86" y="226.6"/>
  <part name="262144" x="209.74" y="248.03"/>
  <part name="327680" x="226.61" y="266.65"/>
  <part name="393216" x="245.73" y="282.34"/>
  <part name="458752" x="269.5" y="287.24"/>
  <part name="524288" x="295.36" y="283.2"/>
  <part name="589824" x="319.77" y="269.08"/>
  <part name="655360" x="342.02" y="251.27"/>
  <part name="720896" x="360.1" y="229.6"/>
  <part name="786432" x="371.47" y="204.22"/>
  <part name="851968" x="376.93" y="176.51"/>
  <part name="917504" x="379.74" y="148.67"/>
  <part name="983040" x="380.81" y="120.43"/>
  <part name="1048576" x="378.6" y="106.62"/>
  <part name="1114112" x="376.39" y="92.81"/>
  <part name="1179648" x="365.35" y="82.36"/>
  <part name="1245184" x="354.31" y="71.91"/>
  <part name="1310720" x="325.07" y="68.36"/>
  <part name="1376256" x="294.76" y="66.28"/>
  <part name="1441792" x="264.07" y="65.13"/>
  <part name="1507328" x="240.11" y="65"/>
  <part name="1572864" x="218.26" y="65.24"/>
  <part name="1638400" x="197.21" y="66.6"/>
  <part name="1703936" x="188.74" y="78.96"/>
  <part name="1769472" x="180.26" y="91.32"/>
  <part name="1835008" x="178.13" y="109.84"/>
  <part name="1900544" x="176" y="128.35"/>
  <part name="1966080" x="177.26" y="153.29"/>
  <part name="2031616" x="332.1" y="131.39"/>
  <part name="2097152" x="322.07" y="134.8"/>
  <part name="2162688" x="314.26" y="134.55"/>
  <part name="2228224" x="308.8" y="134.25"/>
  <part name="2293760" x="296.82" y="130.99"/>
  <part name="2359296" x="308.74" y="126.03"/>
  <part name="2424832" x="314.58" y="122.26"/>
  <part name="2490368" x="322.19" y="126.66"/>
  <part name="2555904" x="208.36" y="132.7"/>
  <part name="2621440" x="218.75" y="127.36"/>
  <part name="2686976" x="224.83" y="124.33"/>
  <part name="2752512" x="232.83" y="126.79"/>
  <part name="2818048" x="242.82" y="132.82"/>
  <part name="2883584" x="232.59" y="135.39"/>
  <part name="2949120" x="224.82" y="136.74"/>
  <part name="3014656" x="218.84" y="135.81"/>
  <part name="3080192" x="291.3" y="113.61"/>
  <part name="3145728" x="300.26" y="103.98"/>
  <part name="3211264" x="317.44" y="100.17"/>
  <part name="3276800" x="332.7" y="102.88"/>
  <part name="3342336" x="341.68" y="113.71"/>
  <part name="3407872" x="329.93" y="111.7"/>
  <part name="3473408" x="317.61" y="110.55"/>
  <part name="3538944" x="304.39" y="113.37"/>
  <part name="3604480" x="235.8" y="106.15"/>
  <part name="3670016" x="230.02" y="97.82"/>
  <part name="3735552" x="216.66" y="93.63"/>
  <part name="3801088" x="204.19" y="95.14"/>
  <part name="3866624" x="196.25" y="103.77"/>
  <part name="3932160" x="205.93" y="102.22"/>
  <part name="3997696" x="215.69" y="101.86"/>
  <part name="4063232" x="225.74" y="104.88"/>
  <part name="4128768" x="235.27" y="230.32"/>
  <part name="4194304" x="258.56" y="221.83"/>
  <part name="4259840" x="268.46" y="223.8"/>
  <part name="4325376" x="278.36" y="220.97"/>
  <part name="4390912" x="307.67" y="226.74"/>
  <part name="4456448" x="282.41" y="241.03"/>
  <part name="4521984" x="269.81" y="243.09"/>
  <part name="4587520" x="257.29" y="242.04"/>
  <part name="4653056" x="253.71" y="137.28"/>
  <part name="4718592" x="249.49" y="168.25"/>
  <part name="4784128" x="239.66" y="184.32"/>
  <part name="4849664" x="242.1" y="197.06"/>
  <part name="4915200" x="253.05" y="196.52"/>
  <part name="4980736" x="266.44" y="201.8"/>
  <part name="5046272" x="279.36" y="195.35"/>
  <part name="5111808" x="290.22" y="194.97"/>
  <part name="5177344" x="296.78" y="182.48"/>
  <part name="5242880" x="285.95" y="167.07"/>
  <part name="5308416" x="279.62" y="136.43"/>
  <part name="5373952" x="313" y="127.81"/>
  <part name="5439488" x="226.53" y="132.2"/>
  <part name="5505024" x="265.5" y="181.97"/>
  <part name="5570560" x="210.75" y="203.9"/>
  <part name="5636096" x="310.84" y="206.51"/>
  <part name="5701632" x="268.09" y="128.38"/>
  <part name="5767168" x="267.62" y="147.82"/>
  <part name="5832704" x="267.1" y="167.07"/>
  <part name="5898240" x="246.63" y="225.2"/>
  <part name="5963776" x="246.16" y="237.1"/>
  <part name="6029312" x="294.01" y="235.24"/>
  <part name="6094848" x="291.74" y="223.29"/>
  <part name="6160384" x="241.99" y="231.73"/>
  <part name="6225920" x="263.13" y="232.82"/>
  <part name="6291456" x="272.81" y="233.37"/>
  <part name="6356992" x="282.35" y="231.75"/>
  <part name="6422528" x="303.41" y="228.2"/>
  <part name="6488064" x="282.02" y="229.87"/>
  <part name="6553600" x="272.58" y="231.5"/>
  <part name="6619136" x="262.98" y="230.97"/>
 </box>
</image>
